time_btjd,relative_flux_ppm,relative_flux_error_ppm,sector,sample
1955.8024567647506,-258.53435018553006,21.625308350997678,24,control
1955.8239851339083,15.745374640967768,22.33587197265221,24,control
1955.8448175479605,133.2628884302625,22.336008208738722,24,control
1955.865649984637,107.55823983812812,22.335704594288277,24,control
1955.8864828957933,124.5909595413703,22.33580449346744,24,control
1955.9073156745903,63.42722937778671,22.334756037470925,24,control
1955.9281484247997,-3.1459174391312996,22.335521077981102,24,control
1955.9489812999234,18.963503649948038,22.33609739381542,24,control
1955.9698136155343,-95.83207075693751,22.335424378879683,24,control
1955.9906461255557,-83.64923800548418,22.33520157609498,24,control
1956.0114793599716,-118.77425620408596,22.335179690523738,24,control
1956.0323121469587,-36.88343878123408,22.33647264670733,24,control
1956.0531450038864,-47.55110945807445,22.33618156756013,24,control
1956.0739776982587,-79.90512079004684,22.336382083465114,24,control
1956.0948100538376,-103.36115464978096,22.336113429881078,24,control
1956.1156426527095,-196.64959393504833,22.335452154326155,24,control
1956.1364757319384,-177.72234447664607,22.335911159899698,24,control
1956.1573090124327,-210.82103092139855,22.335252570857577,24,control
1956.1781416069246,-203.24776617604704,22.33649567765139,24,control
1956.1989743924005,-280.0156778528544,22.33644960363941,24,control
1956.2198066792832,-294.2328267358856,22.336232547129143,24,control
1956.2406391988015,-188.2171669950247,22.336585171348506,24,control
1956.261472900296,-274.9484514290627,22.336441990476832,24,control
1956.2823044162853,-178.1816252656137,22.338108060446213,24,control
1956.3031377406614,-230.06670193007218,22.338851658702772,24,control
1956.323970349965,-235.0665596640238,22.340350237623486,24,control
1956.3448028748264,-236.58335167930574,22.341893118762012,24,control
1956.3656358706774,-293.0070577884458,22.344443837120995,24,control
1956.3864675680338,-309.29235958893986,22.347329453516505,24,control
1956.4073014919418,-264.3838470300696,22.350910995507643,24,control
1956.4281338590115,-384.3654884191543,22.353641124549956,24,control
1956.4489666594814,-316.9311598728606,22.357841813602455,24,control
1956.4697987849931,-293.9641619892752,22.3622534912303,24,control
1956.4906317996686,-294.65044425081066,22.365766669822484,24,control
1956.511463964343,-212.15749439443275,22.371425697262758,24,control
1956.5322968230744,-286.39668368021546,22.375700723409672,24,control
1956.553129425964,-300.42788146356594,22.379495552043636,24,control
1956.5739623831744,-139.36009101881757,22.385685186119204,24,control
1956.594795101527,-206.3073889521879,22.38984688324273,24,control
1956.6156280069843,-114.85223236248675,22.3950474028104,24,control
1956.636460333073,-201.09809605557808,22.39937391804194,24,control
1956.6572938260942,-167.1559671704161,22.4045267742911,24,control
1956.6781262472116,-226.80154641953382,22.408762444051916,24,control
1956.6989590491517,-172.93522651703483,22.414142641141186,24,control
1956.7197917132924,-123.85055770510407,22.4187573450975,24,control
1956.7406240871046,-42.12450758006197,22.424264600252677,24,control
1956.7614572983575,-60.41339409356946,22.43026777408473,24,control
1956.7822894535075,-77.01653175545245,22.435714360208667,24,control
1956.803122664548,-113.78905092635969,22.441411028366435,24,control
1956.8239552921802,72.31802400341886,22.448421004771,24,control
1956.8447881438801,-13.653908736102549,22.45197283176215,24,control
1956.8656206597018,22.79150693244621,22.456548776687967,24,control
1956.8864540047016,67.82075171693084,22.459307603739454,24,control
1956.9072870194082,-84.5664780435165,22.45843261399766,24,control
1956.9281198258536,41.32950387614682,22.461333237559526,24,control
1956.9489519108108,31.093483356483155,22.46086625558654,24,control
1956.9697852139716,-92.4435440671204,22.459194009285813,24,control
1956.9906175854433,-94.94274038206046,22.458804206907782,24,control
1957.0114503668149,-168.32727579821514,22.457388119859857,24,control
1957.032283355665,-277.8166372556857,22.455358572873102,24,control
1957.0531157443963,-217.42999196293005,22.45430140179682,24,control
1957.0739486683306,-7.3658469923058805,22.4559587321302,24,control
1957.0947815317368,-145.6250178728117,22.452970736324655,24,control
1957.1156150323022,-80.12790244837376,22.452517087224642,24,control
1957.1364466120024,-27.934772573330854,22.451898633713196,24,control
1957.1572799633138,-7.642663070183126,22.45067934876572,24,control
1957.178112215594,-82.51458646774,22.449553716633215,24,control
1957.198945127754,5.598425316122883,22.448748342005395,24,control
1957.2197775246748,11.549095320125568,22.44844797046331,24,control
1957.2406105948824,20.13836771354677,22.446485741403777,24,control
1957.2614436670087,29.003209968259267,22.44470372434002,24,control
1957.2822764464158,35.889050893381146,22.441595563125585,24,control
1957.3031097477021,-157.94401203292182,22.436161586878974,24,control
1957.3239421460469,-17.503611326697342,22.43432079947238,24,control
1957.344774266499,-140.67663749855896,22.429343827517705,24,control
1957.3656069689514,-178.2628783337986,22.426070057917528,24,control
1957.3864392916557,-90.21914445495861,22.42481826940033,24,control
1957.4072726683785,-56.57150067645025,22.423148413958785,24,control
1957.4281048405476,112.50132578582065,22.42464231107274,24,control
1957.4489369319492,165.7494833389466,22.425090378093056,24,control
1957.469769663509,179.75590474059,22.425160611112872,24,control
1957.490602896909,93.88222356765318,22.425141334399736,24,control
1957.5114356906286,143.34469906517077,22.4269706611708,24,control
1957.532268771294,-34.55399101245327,22.42656216947665,24,control
1957.553101912915,-38.06795897890001,22.428023827210136,24,control
1957.5739331860573,-86.54334612470961,22.428844728171658,24,control
1957.594766902754,-106.36939779920257,22.430828705555676,24,control
1957.6155998870627,-87.23281714796654,22.43216516875209,24,control
1957.6364314527373,11.689286885408597,22.43407416975721,24,control
1957.6572647101368,24.350241581432147,22.433519526853402,24,control
1957.678097257418,135.54994621083637,22.434019690782346,24,control
1957.698930128679,158.553257468507,22.433943090485833,24,control
1957.7197629877312,140.70944020536828,22.43346893778002,24,control
1957.740595605819,156.35167187198994,22.4323905381969,24,control
1957.7614282062978,107.97616839359746,22.43294579124548,24,control
1957.7822620161357,40.047350901786565,22.432107197756977,24,control
1957.8030941867523,-50.60629004068965,22.430445150065033,24,control
1957.8239261646581,-7.8346428432801805,22.430863902472737,24,control
1957.844758916332,221.47909215411593,22.434884132933572,24,control
1957.8655918809484,113.50420968082535,22.4339811788655,24,control
1957.8864245023947,233.8056436355216,22.435057135042342,24,control
1957.9072569852624,334.151399016582,22.436233064886157,24,control
1957.9280893615028,259.1888673833063,22.435968781097923,24,control
1957.9489222968605,290.9533807805456,22.435922166456482,24,control
1957.9697559510143,400.32644542179054,22.437115281117848,24,control
1957.9905879773257,330.0154569838102,22.435930381639395,24,control
1958.0114215314518,264.69135693957384,22.434666533996065,24,control
1958.0322536448246,85.74772684274598,22.431029984863198,24,control
1958.053087309649,-87.97727030402113,22.426035991572814,24,control
1958.0739198284994,39.512678575410064,22.427142288353156,24,control
1958.0947522988777,67.76695572942145,22.425954224013278,24,control
1958.1155850337298,-25.3545318195281,22.423775103591602,24,control
1958.1364170305483,122.55151638005658,22.42349915781434,24,control
1958.1572495126213,85.87164433954258,22.422625007944102,24,control
1958.1780827549946,26.65372349001073,22.421664376492448,24,control
1958.1989153130305,-118.84543053962757,22.420372230972085,24,control
1958.2197485235652,-90.37946125786205,22.42112220500055,24,control
1958.2405809080842,-356.7204929580155,22.416231177283805,24,control
1958.2614136866976,-354.93150201257635,22.416840575511923,24,control
1958.2822465160386,-304.3643993334539,22.41793164147982,24,control
1958.3030795849513,-279.13232769632657,22.41635032764777,24,control
1958.3239118335005,-282.0088419305442,22.41249360567964,24,control
1958.3447440818406,-212.16917133611892,22.412190119812447,24,control
1958.3655777082151,-189.19439840224254,22.410343516732812,24,control
1958.386409803327,-136.89387715946046,22.40787382692897,24,control
1958.4072428358784,-220.45596759740857,22.406771078472232,24,control
1958.4280764890034,-333.63354942186197,22.404613190339077,24,control
1958.448908626051,-446.72236364915426,22.402020791703514,24,control
1958.4697415804778,-564.4318445976762,22.39955099190845,24,control
1958.4905731018034,-547.2001509698753,22.400606276433916,24,control
1958.5114070450022,-502.2317181474619,22.399906809023847,24,control
1958.5322390664253,-386.77195625836396,22.402725834861037,24,control
1958.5530717394029,-290.44283711609864,22.403485300912138,24,control
1958.5739043729866,-332.66209619383875,22.403628002361724,24,control
1958.5947371207278,-329.8899315749122,22.404901430611616,24,control
1958.615570238139,-425.18471842905006,22.405778177279153,24,control
1958.636402632283,-289.02502993973354,22.406671328424654,24,control
1958.6572350192794,-470.89735989706594,22.403760016133543,24,control
1958.6780681585303,-426.62050314454353,22.406300067146415,24,control
1958.6989012043537,-405.7482729098346,22.405491956788318,24,control
1958.7197333605793,-446.07889969774817,22.405564977325604,24,control
1958.7405659892122,-145.77438762184502,22.407326747960827,24,control
1958.761398998969,-375.5811315317334,22.405492503163394,24,control
1958.7822320320515,-381.2711619237518,22.404868176012634,24,control
1958.803065046491,-494.01358503125107,22.402714721013506,24,control
1958.8238970326888,-481.3502878553265,22.402359078257025,24,control
1958.8447293136298,-336.63442881304763,22.40502240971736,24,control
1958.8655621551463,-301.6251642567805,22.40607539937663,24,control
1958.8863949260633,-108.19662154943481,22.41001157156553,24,control
1958.9072276597524,-184.0363470253789,22.409389040725564,24,control
1958.9280601759845,-137.10790232367873,22.41149629194021,24,control
1958.9488932800966,-137.74273781468895,22.41325189478418,24,control
1958.9697269021624,-228.50247824959936,22.410441150417018,24,control
1958.9905590504607,-285.4207405820995,22.40909078055467,24,control
1959.011391730964,-278.24525048480797,22.407997496841,24,control
1959.0322253921547,-227.02136373802503,22.40828048846796,24,control
1959.0530578549744,-131.5520415048561,22.408154722284333,24,control
1959.0738899733096,-189.3003022783915,22.4061808137209,24,control
1959.0947230816223,-219.5598500764027,22.40537522595673,24,control
1959.1155566952573,-324.04974206563634,22.40246698914041,24,control
1959.1363888777532,-463.58018210698157,22.398335601114745,24,control
1959.1572206929754,-447.220452144189,22.39720309421071,24,control
1959.178053653129,-372.9387108020591,22.398587123721736,24,control
1959.1988866326658,-269.49702165317916,22.398716028018228,24,control
1959.2197191088576,-296.6446071416306,22.398610900221346,24,control
1959.2405521081448,-296.58143749781885,22.397204855419186,24,control
1959.261384540442,-312.0027249785205,22.39655857929994,24,control
1959.2822170309553,-378.908175160071,22.39491427672588,24,control
1959.3030499872418,-449.61263199633913,22.39309014542634,24,control
1959.3238825351557,-496.65791689588076,22.391051677727596,24,control
1959.3447154975806,-300.81687200620024,22.391584524846177,24,control
1959.3655482107363,-327.37599743869987,22.390172111634595,24,control
1959.3863809696481,-280.0508545853486,22.389416848519367,24,control
1959.4072137934018,-214.90521538346013,22.38993022226404,24,control
1959.4280472550429,-375.4225209660998,22.386359891956715,24,control
1959.4488792431944,-397.5197233003789,22.384691749034065,24,control
1959.469711488129,-356.2691589736098,22.384850713233998,24,control
1959.4905450787073,-411.20037536296775,22.385401549456144,24,control
1959.5113779044802,-297.28409068721504,22.387438283479995,24,control
1959.5322102117746,-311.7549402253464,22.38713425362338,24,control
1959.5530426647454,-263.8771569919483,22.388445874824562,24,control
1959.573875549449,-275.8562288447957,22.388680142770557,24,control
1959.5947088666105,-389.7769923795826,22.387663776456943,24,control
1959.6155401705885,-401.28744652783206,22.3874980487217,24,control
1959.6363737903725,-293.3103331871423,22.38975697943089,24,control
1959.6572058741544,-314.8455076574494,22.390693983148317,24,control
1959.6780389631624,-403.0065341179642,22.390253030789435,24,control
1959.6988716959252,-202.10805068506392,22.39356901974112,24,control
1959.7197057499582,-202.32633825462239,22.39251623896977,24,control
1959.7405383425769,-350.7623225429657,22.3896309811686,24,control
1959.7613691177776,-224.81312454706165,22.389818104999424,24,control
1959.7822023807507,-213.6762023416851,22.390714358261036,24,control
1959.8030347080612,-134.7405472330981,22.391730922536762,24,control
1959.8238681108567,-143.27275268110995,22.3935352135887,24,control
1959.8447009336508,-227.74965050452587,22.393470071840415,24,control
1959.8655339613924,-181.7587860801854,22.39533944244015,24,control
1959.886366487638,-226.11668391072755,22.394098875472956,24,control
1959.9071985998353,-223.48441794156304,22.3935074579921,24,control
1959.9280312530097,-161.81579934596274,22.395712146069094,24,control
1959.9488643559732,-24.216325913572494,22.399221021932313,24,control
1959.969697004089,-90.56530752122896,22.399439732915962,24,control
1959.990530999747,-4.9506533642394315,22.400368758517807,24,control
1960.011363168073,-62.14341227820063,22.400501635322644,24,control
1960.0321968911646,-140.06686878242368,22.396859806293264,24,control
1960.0530276583538,-280.29968413627824,22.394386255404743,24,control
1960.0738621994003,-261.10860379905506,22.393795037430277,24,control
1960.0946940270355,-267.7666006985014,22.39244544793015,24,control
1960.1155265393968,-157.88000172103804,22.393167997447087,24,control
1960.1363596104131,-169.57762876701258,22.391901538023056,24,control
1960.1571930258478,-236.54733263817775,22.39025341487553,24,control
1960.1780254203034,-100.66429275100863,22.389482074977604,24,control
1960.1988574582706,-203.9279214541403,22.387099681352417,24,control
1960.2196900616673,-138.6358586287684,22.38887254136983,24,control
1960.2405237701932,-147.27781368066883,22.38828547237325,24,control
1960.2613558228243,-230.1000004848179,22.387357498757137,24,control
1960.2821888257333,-81.79975579493735,22.389717169848627,24,control
1960.3030220637588,-183.12665820209193,22.38536183419771,24,control
1960.3238539732195,-173.73753733571368,22.384792570706303,24,control
1960.344687421614,-96.12448934698608,22.386330487178466,24,control
1960.365520180212,-54.62752172975488,22.384715697794373,24,control
1960.386352361563,46.08827174996861,22.385963639782794,24,control
1960.4071862805854,-63.09092675957384,22.38470586227694,24,control
1960.4280180063133,-75.70786063895883,22.384445202991895,24,control
1960.4488512419166,-65.67861815980511,22.38287475181203,24,control
1960.4696836096584,-120.72341719208778,22.382076402861053,24,control
1960.4905156483458,-94.26444924451702,22.383908911777713,24,control
1960.5113488187562,-159.58217077917197,22.382603921661754,24,control
1960.5321820457314,-97.26320708649843,22.38402270344457,24,control
1960.5530145833238,-177.125981595344,22.384145817924118,24,control
1960.5738473959523,-80.36727008768962,22.384180863718022,24,control
1960.5946810032976,8.205451786276969,22.385112755427585,24,control
1960.615512942869,-81.51405749324515,22.38477026970582,24,control
1960.6363456206625,-36.1060726428385,22.386370891300224,24,control
1960.6571786848046,9.841561980612001,22.387073362780537,24,control
1960.6780106242209,-84.37887222145702,22.387254548982988,24,control
1960.6988436298914,-106.53042516677952,22.388164708043888,24,control
1960.7196769194654,-192.49462374610889,22.384520564002578,24,control
1960.7405098626662,-174.9139957599059,22.387026472789074,24,control
1960.7613423310347,-137.74788902425718,22.38844013695066,24,control
1960.7821739485382,-140.17575548521503,22.385727845383506,24,control
1960.8030079013317,20.268279374928085,22.387833063319924,24,control
1960.824534885348,24.23678060789019,23.176513640967674,24,control
1960.8446729279558,-63.07966170422577,22.38880389561291,24,control
1960.8655058516345,17.851699162750222,22.39088184634321,24,control
1960.8863371541634,-59.5278798475958,22.387095930150537,24,control
1960.9071703744185,-102.4140125172772,22.391294902361647,24,control
1960.9280049296863,-48.792423588162215,22.39239476021556,24,control
1960.9486381477634,-28.997582740926834,23.179690016587788,24,control
1960.9696699867739,22.422028392316108,22.39515009142162,24,control
1960.990503049253,-87.01591505165621,22.39440987501034,24,control
1961.0117328455422,-89.60480532756324,23.176398064223456,24,control
1961.0321679759672,23.480440550361127,22.392066284226534,24,control
1961.053000977603,29.936262208509405,22.39280660049707,24,control
1961.073437171668,6.962251088331216,23.177696036100702,24,control
1961.0946667676346,153.709369188993,22.391850887272604,24,control
1961.1149051791374,97.91227564769179,23.174619729500545,24,control
1961.1363318463937,166.53193551271727,22.387527872091297,24,control
1961.1571643354393,129.04626957278072,22.387719715357814,24,control
1961.1779975568975,117.12853907462639,22.387999414323208,24,control
1961.1984333268763,51.03228538719896,23.173180329754743,24,control
1961.2196637840436,103.37550611002898,22.38877893665123,24,control
1961.2400996670046,48.76957693583418,23.171379813719103,24,control
1961.2613280955063,150.37325457337107,22.386610859322662,24,control
1961.2821611189067,182.0567169402925,22.387497347607358,24,control
1961.302994410556,150.75738011595774,22.387209758655644,24,control
1961.3242231299914,230.7106698522181,23.174043338175643,24,control
1961.3446604689905,242.8147831924656,22.38781423568429,24,control
1961.3654942945532,83.3047675405976,22.38349611765556,24,control
1961.3870172588072,59.52699937414924,23.167670282828457,24,control
1961.407157532526,206.00715012090072,22.385213101453484,24,control
1961.427990317509,83.26956148634261,22.385193995526848,24,control
1961.4488230775223,123.22774509146895,23.172025340788338,24,control
1961.4696566197829,102.19784732857649,22.385252433072328,24,control
1961.4904888977885,25.27046137798095,23.168658311680307,24,control
1961.5113218551598,11.036925158926524,22.383023244273573,24,control
1961.5321543673615,31.293981176748,22.383723204335542,24,control
1961.552987998246,34.10573309752252,22.38408436752802,24,control
1961.5738199633017,-90.58616432083495,22.383023343913848,24,control
1961.5947512696762,10.322053955156916,23.1710317497006,24,control
1961.615684178125,139.18806339937748,23.17060002698149,24,control
1961.6363176556572,51.79384380889891,22.384606910629625,24,control
1961.6571508842298,18.995853641372243,22.386590562111376,24,control
1961.677487606596,-42.851267482715656,23.172595902447146,24,control
1961.698816500408,34.8756729868144,22.38849045166751,24,control
1961.7196512263467,41.79757898326937,22.386012420498016,24,control
1961.7404815525465,52.07793365917984,22.386528057726153,24,control
1961.7613143924623,-24.61042592384078,22.387186221254737,24,control
1961.7821482385755,126.95612403837848,22.38902108566534,24,control
1961.8028805081738,41.32649641809554,23.175333181188638,24,control
1961.823813226806,109.91243999424258,22.38928800584201,24,control
1961.8446470888832,132.87119443222997,22.3868622874263,24,control
1961.8654787002297,-2.0199669321979616,22.387516102566135,24,control
1961.8863110403368,144.5891120508064,22.391600877270918,24,control
1961.907144612652,258.46679309865294,22.392826014106344,24,control
1961.9279763426853,111.64623815373523,22.39268760177424,24,control
1961.9482151382051,-4.027605831710527,23.17665444551537,24,control
1961.9696434400696,142.93118351637526,22.390904586548107,24,control
1961.9904754717754,203.42804175891186,22.393236188912855,24,control
1962.0113084072273,99.73383266321183,22.391993012763166,24,control
1962.0315460277402,56.74394571561528,23.17653282379388,24,control
1962.0529747760957,173.38022389019656,22.39291679937022,24,control
1962.0739067797713,20.346043947325644,23.17407579944201,24,control
1962.0946393275165,80.60331034351084,22.389097405208634,24,control
1962.1154727037372,170.3160374602442,22.390293315165856,24,control
1962.1363051869484,70.58443549593304,22.387225225093964,24,control
1962.157236226744,192.11236946386512,23.174212177211565,24,control
1962.1777722854126,154.09015231500996,23.17188977945036,24,control
1962.1988029240986,284.99066575769854,22.387782648846482,24,control
1962.2196363810413,194.10514971348672,22.38792642076283,24,control
1962.2404685892307,219.5202055649207,22.388201181383398,24,control
1962.261201218205,269.14783466020316,23.174982560038735,24,control
1962.2814403585905,235.99654264037548,23.174302025875836,24,control
1962.3029667209569,275.9745396958718,22.38711680883833,24,control
1962.323799513471,330.2214115040232,22.388656693550463,24,control
1962.344632897754,347.8570436170705,22.39005167704724,24,control
1962.3654652654657,151.2469701507165,22.387292157637756,24,control
1962.386299713277,162.91929576687485,22.385018029714406,24,control
1962.4071313103905,286.5860301737053,22.386747738136638,24,control
1962.4279639857364,182.6176479789442,22.383842600432597,24,control
1962.448796688525,236.00933239153468,22.38553444212214,24,control
1962.4696296931095,292.80529135705666,22.385889974138905,24,control
1962.4904634395773,426.8211081798794,22.387881600094364,24,control
1962.5112956247658,331.5512372050781,22.383366923776922,24,control
1962.532128678059,340.1943046446588,22.384572691615343,24,control
1962.5529611104685,246.9619266116185,22.38451625492894,24,control
1962.5737931448036,264.3265708589881,22.38535262651583,24,control
1962.594625869715,349.55126136913077,22.388274433637307,24,control
1962.6150630038298,180.7217031056238,23.170640759980827,24,control
1962.6362915136908,175.84997007444525,22.38594089718037,24,control
1962.657223764749,290.62619537343204,23.1738550590527,24,control
1962.6779576252052,244.51387242940334,22.3897388483105,24,control
1962.698095171243,353.4983265816019,23.176253956437396,24,control
1962.7191271766944,310.264729668111,23.176035584721603,24,control
1962.7404556083125,215.98714592848157,22.38902129114949,24,control
1962.7612884976156,280.45630961411547,22.389958057575157,24,control
1962.7821215276072,119.32179850706385,22.390432097915163,24,control
1962.8029537484304,214.78638194585162,22.390050187224052,24,control
1962.823786086812,156.1903413900576,22.38778425624744,24,control
1962.844619399344,209.84043553049315,22.388968773848774,24,control
1962.8654533453127,316.3957001184984,22.391962811567048,24,control
1962.886285678916,190.92943981926888,22.389945143594108,24,control
1962.9071183394265,372.6678293154572,22.391645155137287,24,control
1962.9279508432635,200.136944746474,22.389341313325282,24,control
1962.9487835456875,157.83164351002117,22.38791273834082,24,control
1962.969616766985,318.0040745138727,22.391149930080672,24,control
1962.9904487731505,144.8467634555565,22.38963412571674,24,control
1963.0112821426521,136.6680445684716,22.390537268851027,24,control
1963.0321148774747,227.2836016328051,22.38959512664292,24,control
1963.0529481203216,89.01234075689968,22.388168739688265,24,control
1963.0737797549032,205.28217255262166,22.38810282153644,24,control
1963.0946135498782,232.94078941359456,22.38907733878331,24,control
1963.1154465048587,122.98844339897974,22.387403490784347,24,control
1963.136280167924,137.046505199061,22.387359035519353,24,control
1963.1571132015388,106.20637653030083,22.382547601029433,24,control
1963.1779444453068,250.69934791998932,22.385254193167718,24,control
1963.1987764930727,252.2137022132191,22.38662209291459,24,control
1963.2196106249985,268.8801779440565,22.38829760332802,24,control
1963.2404437324788,168.1908079893037,22.386237500061302,24,control
1963.261275924784,163.01193646806982,22.385763852710717,24,control
1963.2821081805425,77.17673780915047,22.385697053593415,24,control
1963.3029408535913,271.7150970722623,22.387986731226796,24,control
1963.323773827051,280.7126774829367,22.38861753281075,24,control
1963.3446071010192,225.78304042694688,22.38804116682742,24,control
1963.3655383311382,351.4256769815061,23.172997693841147,24,control
1963.3859761262122,515.9367549103133,23.174215963702483,24,control
1963.4074258711162,331.29456077735114,24.0443025330433,24,control
1963.428533973584,478.7047686257694,23.173441133228792,24,control
1963.4487713487626,459.3234802730947,22.387331266544834,24,control
1963.469604026193,432.97018353238104,22.3867393732161,24,control
1963.4906345662885,261.51665095688094,23.16674648155349,24,control
1963.5112698954915,294.595958092971,22.38258292466475,24,control
1963.5322010154728,426.3526810871826,23.17137649310614,24,control
1963.552935580695,438.4908233693114,22.38687233819279,24,control
1963.5737678304984,434.0972262478466,22.385756782910494,24,control
1963.594599372962,266.2901891041593,22.38282473222223,24,control
1963.6154329788321,434.84565126601603,22.384698251565077,24,control
1963.6367620935991,501.37157922895676,23.17427721956046,24,control
1963.65709946478,276.16109967358585,22.38811395400777,24,control
1963.6773374483887,338.6416455641249,23.173397281569112,24,control
1963.698764927861,175.4234432520847,22.38410053832778,24,control
1963.719597491793,271.65001147597377,22.386831813151257,24,control
1963.74102586287,373.48868352844687,23.17581038654893,24,control
1963.761263538826,347.9140590524975,22.389697504169614,24,control
1963.7821956478508,330.5406915397513,23.171966462009262,24,control
1963.8029288909347,329.8147539801746,22.387713007236577,24,control
1963.8230669309041,411.1998380256808,23.174717201475325,24,control
1963.8445941118946,452.3693386582375,22.39227549282164,24,control
1963.8654279351504,285.5975706416875,22.38912929301813,24,control
1963.8862592750108,156.95402929267593,22.383350332011187,24,control
1963.9070937194128,389.4888410408638,22.387940412875988,24,control
1963.9272311461073,556.3480272554928,23.17567890540849,24,control
1963.948758482079,464.4479919214861,22.391410990632867,24,control
1963.968996458565,398.8522545130301,23.176894159912916,24,control
1963.990424905336,273.5153632271119,22.387120843510793,24,control
1964.0112569264184,342.1999582092686,22.38757967537866,24,control
1964.032288190232,411.69135408672764,23.178043750533053,24,control
1964.0529231353314,261.55310028921417,22.390733800159712,24,control
1964.0737558837411,211.23432248702508,22.38550053139166,24,control
1964.0945895886061,205.43495511765417,22.386319374891276,24,control
1964.115421576969,237.92369445039327,22.38620493169429,24,control
1964.1366517322492,364.5797268384229,23.17442369471448,24,control
1964.1570867288174,305.83740853294256,22.388479649120512,24,control
1964.178416415051,251.7709455298559,23.168840473886906,24,control
1964.1987519545032,276.81285273595745,22.38471658901233,24,control
1964.2195839527724,297.9282409029569,22.387367461080473,24,control
1964.2404183155004,174.2603997824725,22.386829071854333,24,control
1964.2612528138447,131.3322074659659,22.383284859524025,24,control
1964.2820839060823,270.1615565369097,22.385025430649577,24,control
1964.3029151603787,371.1692028901357,22.38654691501567,24,control
1964.3237487573265,533.6611307438723,23.174641800517172,24,control
1964.3445825532463,378.3650707350854,22.389050357479082,24,control
1964.3657144742308,480.1000305721449,23.170989703992465,24,control
1964.3862470142183,455.46453885149486,22.38483933332502,24,control
1964.4070803582247,502.9595971746881,22.384906986784173,24,control
1964.428607867849,569.0192009042235,23.173150627867336,24,control
1964.448747701409,491.56164688729996,22.386249723020743,24,control
1964.4699766502001,489.1379277561126,23.16916389189055,24,control
1964.4904118442632,414.3788452770113,22.38101798182648,24,control
1964.5105502215822,346.09091560929977,23.168126394956857,24,control
1964.5320779158792,486.9875831588108,22.387022398238287,24,control
1964.5529120567119,210.43897963553482,22.380227596791197,24,control
1964.5737430006734,340.5032539589363,22.382311876864428,24,control
1964.5945762785798,345.07518491590713,22.383412967614422,24,control
1964.6158051367945,444.1259423372856,23.171032686162306,24,control
1964.636241438871,393.707847316512,22.386291480922132,24,control
1964.657373521716,408.57756817766415,23.170265411699276,24,control
1964.6779073677774,351.9839848601137,22.383072450913886,24,control
1964.6987393189224,350.3282131234561,22.386569995144693,24,control
1964.7195736792946,409.8405514260954,22.38785405265296,24,control
1964.740407071845,261.016816292395,22.384701573498944,24,control
1964.7612388351058,176.74538778279546,22.38422522069309,24,control
1964.7820720533205,304.1762931294316,22.38339737161884,24,control
1964.8025831986677,475.95422618637093,24.04694406619642,24,control
1964.8237372024082,499.0055911831972,22.389042613234448,24,control
1964.844669393677,585.3885340565533,23.173351979100204,24,control
1964.8654038142909,454.4433072252505,22.385271799059435,24,control
1964.886236160348,536.1471700168614,22.387222011796943,24,control
1964.9070682107406,316.53382147219,23.170221177662498,24,control
1964.9272071647736,273.9258191975903,23.171864090145814,24,control
1964.9487343102555,225.76887686876879,22.382550573974306,24,control
1964.9695664425576,121.91094578120158,22.38258653390089,24,control
1964.990400781088,303.69425650775986,22.384079849151753,24,control
1965.011927628378,220.39812133651054,23.173501594430604,24,control
1965.0320678352814,19.896953741143072,22.384462740791882,24,control
1965.0528978330053,199.73806657039336,22.384255539168723,24,control
1965.074226468515,37.123675912588006,23.16924958911737,24,control
1965.0945625224037,129.81059400267867,22.384798926838887,24,control
1965.1153972046616,49.78437145565546,22.385725921398993,24,control
1965.1365283483158,153.61008281939195,23.16807155374064,24,control
1965.1570624205372,120.75112500231714,22.382400198377105,24,control
1965.1778963411605,173.3860452470311,22.37890356008876,24,control
1965.1987280685073,33.312874804081325,22.381065675562205,24,control
1965.219563189697,83.29145985468968,22.381334504977687,24,control
1965.2403943990453,25.372889432610886,22.37851594836924,24,control
1965.2612256455443,168.02001790508902,22.379876590179013,24,control
1965.2820606146217,147.1832250619124,22.380152846655918,24,control
1965.3035877847415,143.95654493616203,23.167535754874905,24,control
1965.3237265964322,243.93003201675307,23.166172465137745,24,control
1965.3445581665817,-148.104670455271,22.37535258585063,24,control
1965.3653918785183,-16.61051862217992,22.377722887265108,24,control
1965.3862241972458,-8.478632566151827,22.379520537329622,24,control
1965.407057830604,-42.786815922205456,22.379922363724894,24,control
1965.4278890828207,-209.2512491830492,22.37170198712892,24,control
1965.4487239196033,-147.80150504575187,22.374176302988,24,control
1965.4695560642365,-132.39357666058956,22.375716175990753,24,control
1965.490389305378,58.151163198528444,22.38003473984133,24,control
1965.5108247684063,4.3288076175267545,23.161946253666397,24,control
1965.5320539522133,-24.83626395636826,22.375396868799303,24,control
1965.5528869158918,115.68782305634774,22.376839197352126,24,control
1965.5731853333496,-21.41933179412719,24.03537418487806,24,control
1965.5952468229307,-33.53377987045316,23.163408308631006,24,control
1965.615286805468,-351.0684865209399,23.158953954418994,24,control
1965.6362186356412,-151.5928647860502,22.37469441633613,24,control
1965.6570521127394,-123.1564269876303,22.375182598752172,24,control
1965.67788297117,-72.7544262791084,22.377569471017445,24,control
1965.6993117834554,14.83423720141678,23.164898092232296,24,control
1965.7195489561334,-23.565216970929516,23.164031723161173,24,control
1965.7403824956984,-221.94624018657555,22.375563035208835,24,control
1965.761216956575,-113.3631702240002,22.377059144397766,24,control
1965.7820485957218,124.81830389063144,22.38143406049494,24,control
1965.802881555598,-221.94115306252667,23.164539913158062,24,control
1965.8237149367953,-389.18761971545666,22.37282486232556,24,control
1965.8442492116449,-282.34076198745646,23.16035528523296,24,control
1965.8653804472692,-220.82285977834246,22.377438438524152,24,control
1965.8863119355203,-131.10338274144925,23.161515384012528,24,control
1965.9070463867115,-202.8711516911695,22.373025718629883,24,control
1965.9278785067747,-348.5518349097042,22.373100456775678,24,control
1965.9487120894603,-105.1819633639983,22.37480645704924,24,control
1965.9692472544996,-224.01671456798653,23.159964086522834,24,control
1965.9897823321949,-136.04054583110582,23.1614702427343,24,control
1966.0112098774555,-99.77839476982722,22.374242505954605,24,control
1966.0320428378218,-4.723763525025859,22.376538048361265,24,control
1966.0528753158023,167.50405473651028,22.379594360426214,24,control
1966.0741047769318,58.248378085810295,23.16447027260906,24,control
1966.0943440501048,-37.314142618366944,23.161268362314576,24,control
1966.1153728723634,-82.7100397783985,22.3749011505371,24,control
1966.1363060379388,58.93350120801575,23.16088172613373,24,control
1966.1567429454635,-35.69381637413799,23.160706103587977,24,control
1966.1778737283748,-37.16900455907359,22.37400331767993,24,control
1966.1987056652142,-509.074997627876,22.36663224417823,24,control
1966.2199351634652,-269.2197859885394,23.15577713944559,24,control
1966.2397756315047,-150.00247718974924,23.15850591467396,24,control
1966.2612046461456,-132.7127157110178,22.372222264919824,24,control
1966.2820379354896,-293.30402045748036,22.370692971382454,24,control
1966.3028702814042,-38.264533851729354,22.37314163097393,24,control
1966.3237029410498,-270.0605720881853,22.370639272852525,24,control
1966.3445356147563,-209.54755136490866,22.372344160074128,24,control
1966.3652711230047,-153.11512185458824,23.156536440579863,24,control
1966.3862028051763,-262.9096479690258,22.36807038091542,24,control
1966.407035195258,-217.21116273300476,22.37008659355984,24,control
1966.4271732041002,-120.0945936729327,23.15543890484363,24,control
1966.4493941200137,-204.46607004542457,23.153404089412902,24,control
1966.4698308134284,-169.78449319007728,23.15139143644375,24,control
1966.4903663104676,-210.92536451323144,22.366952865040464,24,control
1966.5111986760744,-95.22000998257506,22.37000845639476,24,control
1966.532032026766,-135.89482432778414,22.370706675502174,24,control
1966.5522259770567,-160.17323918658417,24.027677868381335,24,control
1966.5736972975428,-194.46997702033167,22.36884318301861,24,control
1966.5945303797002,-71.07375893188778,22.369704786205947,24,control
1966.615363178862,-276.56830953361555,22.368377789889937,24,control
1966.636197000488,-24.485896220507396,22.368783141208855,24,control
1966.657028940063,-27.08440397010665,22.368344443930287,24,control
1966.6778620630914,94.04985023143374,22.36933922518625,24,control
1966.698696050779,-53.793848822826305,22.3692734891333,24,control
1966.7201235458326,123.30385449081125,23.154897557511575,24,control
1966.7403610165104,29.024229493561933,22.37033743674377,24,control
1966.7606979797524,-21.84939928260749,23.15403035813516,24,control
1966.7821419050372,-34.708956965450206,25.007317271391383,24,control
1966.8028588430388,98.98750449229544,22.36868815568006,24,control
1966.8236922926453,-15.273110627351514,22.370060607010046,24,control
1966.8445270983752,-172.75685972968841,22.368247624558006,24,control
1966.866106631449,-149.16279076547053,24.022448316375208,24,control
1966.8861901511023,-103.45323670041395,22.36692882719715,24,control
1966.9070242462903,64.6767147864977,22.36936331311251,24,control
1966.9278577489888,54.61798265846526,22.36775523860396,24,control
1966.9487894841182,-104.97388603436309,23.148100380271504,24,control
1966.9695229452882,-25.992332372251926,22.364862017659966,24,control
1966.9907519855115,-19.567197851880454,23.15196745805033,24,control
1967.0111885511035,39.89743988087652,22.3652205129808,24,control
1967.0320233555803,18.63523525708402,22.3643200974977,24,control
1967.0528545708623,0.31991137564032424,22.362221201017377,24,control
1967.0743817088535,-132.7354002465794,23.15022698244529,24,control
1967.0945199672142,75.73758950648485,22.367584369750954,24,control
1967.115353103987,14.054602702218979,22.36438808600172,24,control
1967.136185756522,-105.0632981701808,22.361324663493953,24,control
1967.1565222994013,-125.91646190498456,23.14630882395158,24,control
1967.1778524295398,-186.7639398818372,22.362367709174897,24,control
1967.1986842447786,-48.98875344029851,22.36181922862879,24,control
1967.2195189760828,-99.39410573700131,22.360039756646884,24,control
1967.2403508262119,-45.42424919824777,22.36031551324757,24,control
1967.2613820108204,-10.528871818712096,23.145911110727667,24,control
1967.282016882883,50.216424635586044,22.362407734004552,24,control
1967.3025545860212,66.85757798999728,23.14550040360759,24,control
1967.32368238191,-2.438864468934004,22.358449425249102,24,control
1967.3448117512287,-22.58266901837336,23.14605818599157,24,control
1967.3653480219914,34.74452941804479,22.360054558683746,24,control
1967.3861813287897,95.6284283495849,22.36154848139427,24,control
1967.4070129931818,-0.46378437222446955,22.356820025188412,24,control
1967.427250978157,21.15096127695516,23.142526934657894,24,control
1967.4486796690505,60.231828151523345,22.359580580687698,24,control
1967.4690163176344,-21.4213800001319,23.143540789256235,24,control
1967.4907425864212,34.16937508459059,23.14252213144629,24,control
1967.5111781536764,-102.43376211428195,22.354408439806484,24,control
1967.5317122447914,-29.972415636739967,23.142799196386736,24,control
1967.55224970613,-123.70812279288903,23.141231225647637,24,control
1967.5736777999048,12.481258741036608,22.356811621286557,24,control
1967.5943122141439,-215.65344161818155,23.135226209122955,24,control
1967.6150447196742,57.90120915603009,23.14136400803646,24,control
1967.6357785300754,-73.6158381651707,23.14166821468958,24,control
1967.6570100135048,-45.236839505219855,22.354659673152554,24,control
1967.6771473822257,-197.39892300706154,23.132935244300754,24,control
1967.6986734712564,-50.4490461965101,22.35303404615585,24,control
1967.7195081536322,-77.54714095025886,22.3550484118743,24,control
1967.7403410368509,-10.974081572444666,22.353464517998496,24,control
1967.7610736157767,-4.786106870261018,23.136595718459674,24,control
1967.7820057807294,58.529669745867274,22.350796831673264,24,control
1967.8022430916412,-72.0032940645663,23.135207089536888,24,control
1967.8236720792102,46.583313061178515,22.352197166221252,24,control
1967.844506248448,-111.82662441452554,22.347428613416895,24,control
1967.8653384427603,-182.64682870888726,22.345281636724568,24,control
1967.8855749126758,-288.58340040582874,23.12792517829623,24,control
1967.9070037613842,-159.22955208823063,22.346936361946646,24,control
1967.9278370447482,-173.53129083948033,22.345915512422096,24,control
1967.9486696162492,-131.0001195211854,22.343173450977524,24,control
1967.970096757896,-281.1660590353827,23.1255480538961,24,control
1967.9903354036262,-376.20314705183876,22.342210023615895,24,control
1968.0111678700548,-203.3291473088981,22.344182520029523,24,control
1968.0316808176333,-111.82336472958295,23.999216582565808,24,control
1968.05283476208,-154.0172308249849,22.340239677753612,24,control
1968.074308269709,60.2650632765649,23.997678273154467,24,control
1968.0944998278746,32.06932004241259,22.342031236419192,24,control
1968.1150365730857,37.04850394152437,23.123939571725096,24,control
1968.1361654344607,-49.77458070943773,22.337441503602466,24,control
1968.1569989016853,24.84655734743617,22.34035280316816,24,control
1968.1778333192638,58.14705056110423,22.339325350802767,24,control
1968.1986652731996,60.524553622848906,22.33920992835583,24,control
1968.2194980392014,200.0395455658427,22.339224428880996,24,control
1968.2404386923436,189.74008451239928,23.994345628258166,24,control
1968.2611641751955,24.901684883439664,22.335553063083648,24,control
1968.2824924541937,73.7540248012965,23.122536733349467,24,control
1968.3031283760038,-105.2833134578132,23.120739428947594,24,control
1968.3236633957695,-85.7147860283072,22.336719767467862,24,control
1968.338940443344,-180.2888471869707,32.69663315503801,24,control
1969.2694813475734,-519.3078724964228,49.964651336145764,24,control
1969.2819816257015,-612.6404425372712,22.342810367293026,24,control
1969.3028150947773,-655.3277640242177,23.125869430324336,24,control
1969.3236479691764,-740.5655276525375,22.340431122730905,24,control
1969.344480555783,-669.0471579250204,22.34096793984248,24,control
1969.3653131733706,-538.3672425621884,22.344008095473818,24,control
1969.3861466419382,-500.2747397454267,22.342809715171885,24,control
1969.4069798110631,-461.49056351534034,22.342505269102595,24,control
1969.427812753213,-358.6101287626827,22.344493483191393,24,control
1969.4486457046073,-383.44919758088,22.344683460252075,24,control
1969.469479059424,-363.796029550089,22.345277303783803,24,control
1969.4903115435284,-341.2330877344458,22.34491958127745,24,control
1969.5111450795548,-440.0904417521993,22.34396823925229,24,control
1969.5319778455516,-365.1352280417308,22.345688292857393,24,control
1969.5528110743858,-438.7883787659347,22.345978051882785,24,control
1969.5736442124437,-328.7390785300969,22.346824984903765,24,control
1969.5944773600693,-314.6183219164187,22.34593793452385,24,control
1969.6153100492666,-212.17343220884382,22.34658822115401,24,control
1969.6361433824084,-241.8499246830816,22.347613396197804,24,control
1969.6569764686055,-243.2322492106973,22.347912704182253,24,control
1969.6778093146227,-211.9031221733205,22.348232397186433,24,control
1969.6986425104692,-250.03545475770963,22.347060343448423,24,control
1969.7194754372554,-260.92437789739256,22.34784275952217,24,control
1969.7403080642691,-224.13495789119952,22.348690650162368,24,control
1969.7611416385105,-188.24712763076792,22.349245212727308,24,control
1969.781974693429,-179.36693262212182,22.347947234423454,24,control
1969.8028079630342,-90.87019513195382,22.349833947205354,24,control
1969.8236400279498,-84.17562278647823,22.350694316005068,24,control
1969.8444737717546,-62.8228382881391,22.35027857516793,24,control
1969.86530765408,-54.9537031526362,22.35092598507196,24,control
1969.8861395888284,-88.07485849526864,22.34951615334058,24,control
1969.9069728440534,-74.2984808348725,22.35063160225196,24,control
1969.9278062553944,-110.41945573072469,22.350962659895888,24,control
1969.9486390181214,-42.11694125213678,22.352247135786904,24,control
1969.9694721085307,-76.63063961407431,22.35230030812327,24,control
1969.9903050022613,-75.01811866455238,22.355861755458445,24,control
1970.0111374417436,-143.41882905560237,22.35805551026206,24,control
1970.031971039676,-112.67836249951412,22.359136027505816,24,control
1970.0528041789632,-151.73996533298612,22.362666744454618,24,control
1970.0736366710544,-114.54289776679676,22.3669479093485,24,control
1970.0944689713735,-122.8031258705343,22.37098929081114,24,control
1970.1153029486757,59.99749945842784,22.376144709317213,24,control
1970.1361354800113,53.92307142650828,22.38017624142828,24,control
1970.1569686031191,95.8115350800092,22.384196942952915,24,control
1970.1778014973388,115.59789995317945,22.389468813818958,24,control
1970.1986347588836,135.73193427533946,22.39406809561416,24,control
1970.2194686095913,53.6814952597755,22.395328359822766,24,control
1970.240301126194,116.19247688143274,22.398827989546184,24,control
1970.2611343146773,20.14634935099812,22.402255145699137,24,control
1970.2819671498569,113.77494841208575,22.40583662872701,24,control
1970.3028002596132,71.02696599040229,22.407272766445992,24,control
1970.323633091604,42.66086343784498,22.409261341605028,24,control
1970.3444670765484,92.24896086054872,22.41259568934096,24,control
1970.3652992947902,-10.400004933274827,22.414781198605823,24,control
1970.386131932741,-42.01449639442517,22.416315212246893,24,control
1970.406965135022,8.359572360299863,22.419990988759036,24,control
1970.4277979923245,-2.580286903913098,22.42407752574386,24,control
1970.4486311476744,-45.211273099239676,22.42928096308346,24,control
1970.4694642492714,-47.658846944534524,22.434252380420904,24,control
1970.490297400503,-165.04935621777383,22.436820282084106,24,control
1970.5111300112412,-146.87138754857946,22.442220245175985,24,control
1970.531963154687,-149.34461455518684,22.445920845616442,24,control
1970.5527967322234,-53.69878968744388,22.45175407147325,24,control
1970.5736297447856,-158.96850117674603,22.453471073573652,24,control
1970.5944629014173,-85.9227587685182,22.456591438889852,24,control
1970.6152955110952,-135.22389728749243,22.458454149715127,24,control
1970.6361284387078,-109.97281840776263,22.460901755557376,24,control
1970.65696199303,-123.44499971573983,22.46157245934295,24,control
1970.677794777501,-110.9035223947324,22.461857517104832,24,control
1970.6986281380307,-36.8657141005728,22.463686996048455,24,control
1970.7194608510342,-71.66073944811275,22.463793394401343,24,control
1970.7402948365252,-63.435388322863496,22.46462419463184,24,control
1970.7611270690484,-125.4449156095299,22.464708125929732,24,control
1970.7819596566528,-87.95586747403541,22.465796326544034,24,control
1970.8027930890414,-10.34096084026966,22.4685310388623,24,control
1970.8236264661011,-54.053260396892796,22.468419209540535,24,control
1970.8444595416825,-129.24261581028674,22.468034827821054,24,control
1970.8652919138694,-93.12495020860894,22.468664326590467,24,control
1970.8861250088455,-25.651399284081307,22.469576684946983,24,control
1970.9069581426768,14.714797436503147,22.469478262801776,24,control
1970.9277915140322,-35.323985121568164,22.467562315888337,24,control
1970.948624786408,-16.528238516964787,22.46594881090526,24,control
1970.969457418168,20.642612812844003,22.464879011889114,24,control
1970.9902908023078,16.13645179325941,22.46297518192286,24,control
1971.011123567784,-21.137804280805536,22.461036896168984,24,control
1971.0319562603966,53.47349178852718,22.459900707283698,24,control
1971.0527893528517,90.6008288226192,22.45971857165226,24,control
1971.0736224002537,107.50362251442695,22.459538030989606,24,control
1971.094455642717,63.802273773266535,22.458689535868622,24,control
1971.1152889969608,72.62535442978988,22.45817482039102,24,control
1971.1361217784179,83.97087712670275,22.45795479129074,24,control
1971.1569542090906,48.68303983698314,22.45921160179761,24,control
1971.1777877666482,24.00964765508386,22.459278720664596,24,control
1971.1986206805968,-18.55526799283394,22.458879471329425,24,control
1971.2194531805806,-3.4976318865425737,22.459469992819056,24,control
1971.2402864521612,-17.93830532744781,22.458809741567574,24,control
1971.261119087031,-21.874329361560196,22.45788110291524,24,control
1971.2818538500908,-40.00165965469162,23.246230205638305,24,control
1971.3027861615583,-133.32206867359395,22.45523872380123,24,control
1971.3234215388914,-56.330249220323374,23.240707390093426,24,control
1971.344451232579,-120.46841284738055,22.448482357428183,24,control
1971.3646898666104,-130.71202325301954,23.23342754134322,24,control
1971.3861181966117,10.353884160370269,22.444902787900443,24,control
1971.4064559593796,-99.15168634611199,23.22750938930282,24,control
1971.4277833187973,-74.72842680986169,22.43881949021867,24,control
1971.4486175003344,-81.2738494496107,22.4386067651979,24,control
1971.4700450667156,-84.36768478515157,23.226990628560486,24,control
1971.4902846054213,-292.41025387768775,22.4357575324208,24,control
1971.5111151413835,-200.13188204931026,22.436399896227247,24,control
1971.5319486092874,-142.3095726882405,22.438754334465333,24,control
1971.5524839979755,-148.7113898822211,23.227273957043803,24,control
1971.5736154546898,-115.67075747107619,22.441292171813778,24,control
1971.5944480742733,-333.1676469078008,22.437475918219253,24,control
1971.615281025654,-191.80122543113237,22.441412340912944,24,control
1971.6361141724587,-202.69322346621254,22.442374859665563,24,control
1971.6569471981175,-176.84397613810916,22.44248573731976,24,control
1971.6777799590757,-238.13392674816882,22.44169393080325,24,control
1971.6992086394062,-210.71051600641934,23.227698261164203,24,control
1971.7194464953277,-214.55910346099185,22.440205119948093,24,control
1971.7396843146614,-222.61501475981157,23.226690436120222,24,control
1971.7611128044148,-180.35086447815425,22.439511155730198,24,control
1971.781945565729,-258.6098668602542,22.435755436059303,24,control
1971.8027777476252,-154.60833693320296,22.438853841058226,24,control
1971.8236113625253,-92.93877333789858,22.43942020203299,24,control
1971.844939811866,-168.9017488804142,23.228263813765647,24,control
1971.8648809102256,-73.27264005569846,23.22906294836051,24,control
1971.8861094221031,-246.60945073193776,22.439029779946406,24,control
1971.906944000759,-153.1145528454554,22.440965848299044,24,control
1971.9281731650337,-112.12945172589217,23.2282568079772,24,control
1971.948114461625,-144.3135092564099,23.226403476706476,24,control
1971.9694427626937,-166.40145737500384,22.436504118946324,24,control
1971.9902760396608,-258.73756800599455,22.434206193686766,24,control
1972.0110097177258,-98.02420111259671,23.22320709971136,24,control
1972.0319422593052,-259.1157906400806,22.431460942475507,24,control
1972.0530731887907,-340.3031324700431,23.215424047923786,24,control
1972.073607371123,-284.9864786451953,22.427896941882583,24,control
1972.094440993766,-290.4162610998703,22.427889380920746,24,control
1972.1156713651242,-219.22728902931928,23.214455583341824,24,control
1972.136107040814,-226.53500002636426,23.21185669126826,24,control
1972.1569398062256,-196.60292997424486,22.4245932537615,24,control
1972.1770780286347,-151.20980689901873,23.21126685093154,24,control
1972.1986060340728,-89.56055738264945,22.4246352082078,24,control
1972.2194395215695,-188.4112255775767,22.420946388206936,24,control
1972.2402719814668,-90.0856883755351,22.421698795961618,24,control
1972.26110511974,-111.25239958677012,22.420581556351635,24,control
1972.2817398862815,20.024805431784788,23.20750694747811,24,control
1972.3027719864958,30.037815535877773,22.41924818775445,24,control
1972.3242984303508,83.16682298037703,23.203418871008903,24,control
1972.3444376221903,51.064942449256826,22.414513938617823,24,control
1972.3652701863261,-31.94520243630942,22.412088659923757,24,control
1972.3861037564361,33.09649633037537,22.41133724610158,24,control
1972.4069359469954,-22.429221855465034,22.408040711501194,24,control
1972.4277692793787,-19.418677552695033,22.407164131476783,24,control
1972.4486019532737,-32.2614650270679,22.407908437918543,24,control
1972.4694353225846,95.85056642612359,22.409756213464608,24,control
1972.4902686581345,39.97056315338932,22.406110709625906,24,control
1972.5111009416607,95.39760713379555,22.406698244556864,24,control
1972.5319343401052,177.7321763031531,22.40789410255822,24,control
1972.55237077569,204.0693473630995,23.195805486585847,24,control
1972.573600724603,171.338573557541,22.410095587811917,24,control
1972.5944325638977,161.84670617059246,22.407564275850973,24,control
1972.6152666547184,59.84570548134912,22.41022843018207,24,control
1972.636098966409,63.3927578963015,22.41091141767316,24,control
1972.6569326145313,11.552868957624112,22.411878861665798,24,control
1972.6777664020526,-5.352009796297831,22.408915199692906,24,control
1972.6985983084587,83.43305790308158,22.41092375550606,24,control
1972.7194321649408,128.29070058844937,22.411274406570087,24,control
1972.740661661,97.62923077132767,23.197705903079598,24,control
1972.7610988998997,148.49410940962807,22.40872377058386,24,control
1972.7819306645815,200.885111820292,22.410004143728735,24,control
1972.8027639395536,100.80194682643355,22.40996430770485,24,control
1972.823398369251,114.22691821463147,23.19603056045552,24,control
1972.8444311816147,157.04556568884212,22.409195777259583,24,control
1972.8652629836936,115.12146301644707,22.410117671864715,24,control
1972.8860963346162,139.94493090969019,22.410692197045787,24,control
1972.9069291469505,150.23220512222042,23.19818106480778,24,control
1972.9277622418124,235.1972696539486,22.411763901458585,24,control
1972.9485948335232,353.4937470193293,22.409323442793774,24,control
1972.969428419866,221.64445009685,22.409650011122945,24,control
1972.9902611842558,180.7530706906562,22.407720843230788,24,control
1973.0110944345997,305.8824366144107,22.409142067706863,24,control
1973.032125998503,325.3821056436285,23.192719798850902,24,control
1973.0527606656133,370.90544273744615,22.405674374727568,24,control
1973.0735937778459,359.42086288769076,22.404599295552675,24,control
1973.0948232961082,307.1573209359856,23.19074284479361,24,control
1973.1152613382242,258.25396716097873,22.40118861069743,24,control
1973.1360928610336,426.8739984521562,22.403832622057195,24,control
1973.1569253035248,377.24473745432743,22.402493336916073,24,control
1973.1776595129224,310.69362230049967,23.189224812335535,24,control
1973.1985919786434,315.86941159925647,22.40273814682073,24,control
1973.2194245067215,207.09088489133381,22.397955211908958,24,control
1973.2402572610115,274.1671454978799,22.40025397988532,24,control
1973.261090925153,237.35591084252718,22.4019637910492,24,control
1973.2819241265,84.4872651967702,22.39987836839901,24,control
1973.3027562627872,156.9931695959386,22.39576209468202,24,control
1973.3235889070413,248.28631769705729,22.39734018789449,24,control
1973.3439270821154,221.80906699091946,23.182531485360567,24,control
1973.3652567219003,255.22528300661912,22.395958090429477,24,control
1973.3860889476084,235.095209763767,22.39175219233262,24,control
1973.4069223872273,253.6653751775825,22.392446142964832,24,control
1973.427755046096,204.1054039299675,22.391758474080763,24,control
1973.4485881345695,205.40576915924527,22.392114397119244,24,control
1973.4694213872501,277.3876237680261,22.39238391126841,24,control
1973.4902536723298,206.37975908417607,22.389134134250796,24,control
1973.5110873705776,262.2943005313089,22.391087010467277,24,control
1973.531920177659,301.20449085151523,22.393492968224738,24,control
1973.5527534030043,219.06002669639597,22.39288407440585,24,control
1973.5735852105556,148.70714416107973,22.39039738327351,24,control
1973.594419259118,212.1284633968445,22.39320829513492,24,control
1973.6152530139334,221.63029862292308,22.395287041576196,24,control
1973.6360857255756,308.7257597061016,22.39671872500788,24,control
1973.656920115562,229.0754445387772,22.394620277596374,24,control
1973.6777523422622,254.51624008951518,22.396388447821977,24,control
1973.6985850191497,338.0299715516894,22.397770199782638,24,control
1973.7194173842652,203.03719758212773,22.396573906915933,24,control
1973.74025075309,200.76319796809932,22.396462906139778,24,control
1973.7610832566984,211.50557609932173,22.39223708608065,24,control
1973.7819168778244,274.166797791384,22.395046510984162,24,control
1973.802750289476,212.96544054801208,22.39476492437454,24,control
1973.823582520827,150.28781129851797,22.39405457233871,24,control
1973.844416225157,172.99739372666536,22.39207025541746,24,control
1973.8652476882369,155.6994761738028,22.39437615239294,24,control
1973.8860826773705,135.93714887975108,22.39491735827285,24,control
1973.9069156485289,203.91441704944484,22.39611280365266,24,control
1973.927649315704,246.3565041608047,23.18069144527069,24,control
1973.9485810798558,282.547047210468,22.395294783121237,24,control
1973.9694145107098,275.4463650606279,22.39543067710836,24,control
1973.990644180208,311.0892487428921,23.181104366852477,24,control
1974.0110813431886,328.6464361320981,22.39409380188992,24,control
1974.0319139815167,220.5533849434493,22.392491016074192,24,control
1974.0527470653064,197.33888617645795,22.392019527615396,24,control
1974.0735806839953,219.48502998603053,22.393226792800373,24,control
1974.0944134935587,104.09765597389176,22.391374569160867,24,control
1974.115245124411,197.16681685720582,22.38880340760101,24,control
1974.136078950586,171.8750555650082,22.389447184820487,24,control
1974.1557374051474,250.75406643081178,24.052084376630475,24,control
1974.1777457334426,264.9414655557474,22.390705201152883,24,control
1974.198579500891,135.72502559443598,22.387101393233927,24,control
1974.2194117558693,231.38440162044475,22.389297880686826,24,control
1974.2400449798542,82.26695577187029,23.174000348763148,24,control
1974.2610783015157,84.9555610563841,22.38792124353312,24,control
1974.281414500857,214.76684545593432,23.174746700039318,24,control
1974.3027443100164,144.69910866953813,22.387449516141217,24,control
1974.3235768762688,134.85960037158904,22.388518682424323,24,control
1974.3444097484487,179.97940633414007,22.386978748044964,24,control
1974.3652429871236,237.12059865198037,22.38598863989138,24,control
1974.3860763228922,178.0257356502896,22.38382406527692,24,control
1974.4071066793435,209.43173318639063,23.166864595178758,24,control
1974.427742363663,277.57092344158684,22.38343310218704,24,control
1974.4485750667468,269.4706870424926,22.382728276169935,24,control
1974.4694082180179,215.90686703133636,22.38198887568511,24,control
1974.490539325155,308.8612853908162,23.167397953871905,24,control
1974.5113715187128,250.34987842053343,23.168842230662133,24,control
1974.5319073402184,290.754414091197,22.384569578216336,24,control
1974.5527406376461,227.33625975668127,22.38352504270357,24,control
1974.5729774783895,139.14558990584186,23.168207612798728,24,control
1974.594505315835,235.60917457948023,23.17137991174654,24,control
1974.6152397301737,185.70673146011694,22.38655955415129,24,control
1974.6360722696859,169.93559257839402,22.386293996523662,24,control
1974.656907373141,25.796540977912336,22.382598786007843,24,control
1974.6774405073465,123.48481744538896,23.170004622898848,24,control
1974.6985713273173,274.11328517868617,22.388166465523728,24,control
1974.719405024542,225.9955441089588,22.38849727180899,24,control
1974.74023900742,267.34083628114416,22.385438160960533,24,control
1974.7610708345455,169.37082417956776,22.384925721288766,24,control
1974.7822011894036,229.9264146877811,23.171384904548457,24,control
1974.8027367839884,204.19789021663894,22.387350939821182,24,control
1974.823570949978,175.42921864208745,22.387016224383764,24,control
1974.8444023813865,151.78521366262706,23.1693728893866,24,control
1974.864839277768,82.63125372892019,23.170515186401893,24,control
1974.886069205571,162.89251158887419,22.387632584758666,24,control
1974.9069027178784,212.77196824253218,22.388665887585834,24,control
1974.926880898471,290.4992541678457,24.048450710206904,24,control
1974.9485674690156,186.65021297681406,22.38680974830264,24,control
1974.9694013424835,186.4365888141527,22.387716691492752,24,control
1974.990235280596,282.71478200678456,22.387948709303252,24,control
1975.010472873486,400.4700818923266,23.17349502767011,24,control
1975.0319014292938,294.0004216158645,22.385653337457242,24,control
1975.0530312923952,339.68022375555364,23.172243205829282,24,control
1975.073567564763,330.1175531448889,22.385479210886597,24,control
1975.094399965776,342.29562444733824,22.385294842392096,24,control
1975.1158756552304,334.17481896354514,24.043088126217203,24,control
1975.1360665201535,276.3268524872943,22.38416122031712,24,control
1975.156899598315,135.85965807042143,22.38309656600966,24,control
1975.1777323582755,196.338583951784,22.38425394073152,24,control
1975.19856605717,205.83780128888034,22.381517775725168,24,control
1975.2188034646958,310.23088412988045,23.169468708184535,24,control
1975.240232049102,186.1451523421611,22.38438910944402,24,control
1975.261065288818,176.920822705289,22.384001104402124,24,control
1975.281898638326,295.0424782756902,22.382540449604264,24,control
1975.3027302781773,261.8556954452335,22.38237189144757,24,control
1975.324060036458,265.0490266406521,23.168397128240166,24,control
1975.3443971917268,273.79878612319897,22.38302309860638,24,control
1975.3652311352914,265.6156477646918,22.38144171083487,24,control
1975.3860628657392,244.02179914494354,22.378666665669115,24,control
1975.4068969313846,295.537692816288,22.37966559803546,24,control
1975.427729465902,252.9908075623223,22.379396779961965,24,control
1975.448562602177,267.0187024441514,22.3784844887691,24,control
1975.469395529772,361.34067844487146,22.37689757299837,24,control
1975.4902284154427,438.8614296843211,22.380123848335092,24,control
1975.5110620077462,356.7066097642169,22.38095655108638,24,control
1975.5318952800303,340.43485348317444,22.38065230457681,24,control
1975.5527276086802,417.1561825440634,22.380565122582325,24,control
1975.5735607499512,443.22963491629497,22.382842891402614,24,control
1975.5943936313074,358.6529120210528,22.383122200665984,24,control
1975.6152273238731,335.50770471104755,22.383720002035034,24,control
1975.6360603195928,289.3501444051188,22.382186322910716,24,control
1975.6568940517025,327.90977107286767,22.383736833819196,24,control
1975.6777262437024,336.85736390108553,22.38531426973048,24,control
1975.6985595238837,237.67647123557927,22.384327369525753,24,control
1975.7188971823382,345.1400755889352,23.17114856971007,24,control
1975.7402260512554,442.66537650285926,22.385787930670833,24,control
1975.7612569471448,376.25187345142825,23.170289964290614,24,control
1975.7818924515182,428.6917297432747,22.385906709563205,24,control
1975.8027254010867,347.2938635438841,22.38446536786937,24,control
1975.82355727175,407.6447717660754,22.38293190327168,24,control
1975.843994549604,466.2004337530964,23.1713331695793,24,control
1975.8652248446645,413.92729309436436,22.386070147031315,24,control
1975.8860580494854,255.4482361382983,22.384875762111328,24,control
1975.9068905937454,334.26390564982586,22.384684132968438,24,control
1975.927723937257,258.20135511814686,22.38569328462145,24,control
1975.9485571843757,279.5315177898767,22.38680009033043,24,control
1975.9693899565584,160.9307566317508,22.384987693987416,24,control
1975.9902232128238,289.3983918904504,22.384484376641957,24,control
1976.0110561669767,236.43093174018514,22.383299813099413,24,control
1976.0318890868741,336.3544893271529,22.385353116719028,24,control
1976.0527229373863,259.27588433236,22.384308554413476,24,control
1976.0735574099435,198.75367207461468,22.38058526808029,24,control
1976.0943888599847,258.56544778295046,22.383098446101204,24,control
1976.1152216436735,252.48726839238,22.381674661078772,24,control
1976.1360548735217,176.5823201895816,22.38248830431539,24,control
1976.1568880343195,184.1985955400721,22.382481621492055,24,control
1976.177721178838,165.0251111070085,22.381717016545874,24,control
1976.1985537034323,264.8154162585249,22.383327874110964,24,control
1976.2193875711864,139.1531172919421,22.382708727885927,24,control
1976.2402201135865,166.88675316620277,22.383110857874193,24,control
1976.2610549931314,206.55134217447605,22.38131882537947,24,control
1976.2818867486671,185.729415983971,22.382967553667104,24,control
1976.3027203456895,262.63798932893854,22.383466809652276,24,control
1976.323552778906,204.62904513010977,22.381709606498465,24,control
1976.3443861464725,157.03937305516345,22.378806095917135,24,control
1976.365217855312,146.9163809807704,22.37650681383782,24,control
1976.386052735677,116.32275498754063,22.37769035427311,24,control
1976.4068857039445,112.20375119542497,22.37622325909534,24,control
1976.4277182755404,150.32950914071935,22.37684172651305,24,control
1976.448551266058,53.92722004149327,22.374372754512645,24,control
1976.4693852469634,106.87066820125668,22.37671530379699,24,control
1976.490217264268,-88.1629561293448,22.374801443378246,24,control
1976.5110500726796,-13.455325488114562,22.376717146141353,24,control
1976.5318830574615,-71.03602290269349,22.373543366412907,24,control
1976.5520221609127,-74.31574107377052,23.160742425716823,24,control
1976.5735499396849,-44.42921424763648,22.377237782230395,24,control
1976.594383072788,-29.749669232962162,22.378459407385055,24,control
1976.6152174544638,-133.22805805476742,22.375786062626048,24,control
1976.6360489977253,14.386379639565494,22.378670875775633,24,control
1976.6568831379814,-96.41458796011037,22.378391210896332,24,control
1976.6777163802094,-229.9432686634132,22.378615344560643,24,control
1976.6985495153858,-159.84633853479033,22.378850902025853,24,control
1976.7193817713899,-220.68335074229287,22.378410754736638,24,control
1976.7402142420822,-230.04505480485764,22.379653251610712,24,control
1976.7610479885695,-391.96015099378246,22.378068967118413,24,control
1976.78188226424,-236.89288184095187,22.378877536931384,24,control
1976.802714144007,-292.4199026443164,22.378987513683295,24,control
1976.8235472171498,-190.414859731627,22.38037735044854,24,control
1976.8443816778915,-359.60615109227365,22.37898255958653,24,control
1976.8652130378543,-346.43228755375776,22.379810828867996,24,control
1976.8860467886568,-295.07403851025856,22.377968179201766,24,control
1976.9068796887345,-383.4408051920122,22.38019662347011,24,control
1976.9277129653772,-305.1667939091838,22.380719565939973,24,control
1976.948546117608,-427.04832455836686,22.379286874818916,24,control
1976.969380321343,-318.196510868542,22.379052800606612,24,control
1976.9902128988983,-296.1918927604405,22.37955012958016,24,control
1977.0106487537782,-310.32369711757826,23.166108512495548,24,control
1977.031879161976,-340.6024411976963,22.37877067249431,24,control
1977.05132417424,-315.1783877654959,24.037280926678797,24,control
1977.077017293261,-115.96287048497977,27.41125654284311,24,control
1977.0943781576789,-134.35500920880395,22.380904755160383,24,control
1977.1152111910028,-96.0126331329474,22.3800780302866,24,control
1977.1360446405286,20.42642237799051,22.38000531292345,24,control
1977.156877177021,-130.79478712177382,22.3794033813984,24,control
1977.177710418258,-213.27511118066622,22.378974849156222,24,control
1977.1985433134369,-133.60275016048297,22.38037997260865,24,control
1977.2193771292912,-163.6379666416828,22.379915403895918,24,control
1977.2402101250477,-125.56305212553784,22.37918560631787,24,control
1977.2610426994393,-193.3068635658141,22.380874136120767,24,control
1977.2818763537905,-186.30236337083772,22.380783564987485,24,control
1977.302709096697,-56.01232665906022,22.38096368010801,24,control
1977.323542098797,-188.68191620115505,22.378313423867827,24,control
1977.3443753853169,-162.32408987055103,22.378115245798536,24,control
1977.365208627666,-101.49477684623741,22.378110557804224,24,control
1977.3859429950924,-28.456673030993393,23.163122097472975,24,control
1977.4068756521774,-82.83244531204492,23.160793529980012,24,control
1977.427708186912,-118.32396153583957,22.374232094164437,24,control
1977.4485412471172,-120.64949830002523,22.374547537420277,24,control
1977.4693741843266,-61.25976657701485,22.375515503310663,24,control
1977.4902075288196,-113.54344987885867,22.374244571999284,24,control
1977.5110406912647,-89.21316624625176,22.374413728912476,24,control
1977.5318735074802,-108.93518189360931,22.376538567913972,24,control
1977.5527071673373,-69.3930352826293,22.37631626650309,24,control
1977.573539523315,-13.65494049141256,22.376968010748307,24,control
1977.594372730284,-31.851133970628364,22.37718637536404,24,control
1977.6152053223707,10.25027250167763,22.379183218602194,24,control
1977.6360392085712,14.625530963609748,22.37992483574588,24,control
1977.6568729995674,-3.642786470984461,22.379636493444863,24,control
1977.6777055639132,-23.32850233144072,22.38026930480395,24,control
1977.6985384834452,2.2157452967761664,22.381760288054643,24,control
1977.719371461087,-37.66728816889306,22.38314566980665,24,control
1977.7402052803345,-83.58530541442585,22.38316961345332,24,control
1977.7610380005403,-50.4060831216021,22.383735812630885,24,control
1977.781871535709,-71.59242023638735,22.383267291595153,24,control
1977.802704719786,-24.37649813051238,22.38341518282154,24,control
1977.8235376225666,46.13842885929401,22.384170390433017,24,control
1977.8443705596549,26.073797869261647,22.38327016578945,24,control
1977.8652043097197,46.09088478970474,22.383876001846982,24,control
1977.8860369878334,-67.65654342749299,22.38209228099478,24,control
1977.906870168046,-90.20540254517928,22.38263281650557,24,control
1977.927703406692,-148.5807555699789,22.381897739112294,24,control
1977.948536579796,-65.47166056046377,22.382604699422142,24,control
1977.9693697916605,-50.76422109978473,22.383013162315404,24,control
1977.9902025479064,-140.53435856841102,22.38342242378583,24,control
1978.0110357106819,-215.85536664001185,22.382775065781917,24,control
1978.0318689690375,-162.8949540910993,22.38194907207067,24,control
1978.0527020275101,-65.6048540713708,22.383623646059025,24,control
1978.0735350006087,-245.2631029466209,22.382433169913607,24,control
1978.09436869613,-307.87152977448295,22.380865918731754,24,control
1978.1152014270558,-161.79976901723217,22.381632783239247,24,control
1978.1360344803334,-112.47139996512685,22.38168799775772,24,control
1978.1568678899223,-197.42127807496382,22.381124219394422,24,control
1978.1777010825747,-230.49706641366907,22.381672059064375,24,control
1978.1985340769354,-264.4596548305001,22.380752208450474,24,control
1978.219366845219,-348.3013696722262,22.38033809953456,24,control
1978.2401998385042,-311.3704586838748,22.381880812637373,24,control
1978.261033652764,-320.53638054349994,22.38229449226504,24,control
1978.2818667040115,-310.52597327224953,22.381714855211666,24,control
1978.3026998477221,-210.46252409574706,22.382095771236678,24,control
1978.3235328857702,-274.6593977054518,22.382000673431776,24,control
1978.3443664263937,-192.16974028996285,22.382972228372374,24,control
1978.3651995907921,-288.796895464472,22.379619595869695,24,control
1978.3860326023457,-249.94971638912133,22.379566099474104,24,control
1978.406865777287,-277.5580601865474,22.378703152844643,24,control
1978.427699352379,-319.5109413402018,22.378513331651998,24,control
1978.4485320947556,-404.1387320598486,22.3764256223187,24,control
1978.4693650525062,-367.1208140481268,22.375387634205385,24,control
1978.490197666638,-337.51998204384205,22.377007361173913,24,control
1978.5110310937132,-334.2138012187189,22.37707444825725,24,control
1978.531864338492,-245.20401210580616,22.37749477714288,24,control
1978.552697979167,-170.93252160283922,22.377795595531662,24,control
1978.573530673014,-251.13324673237275,22.37853067282158,24,control
1978.5943635670237,-217.59369593301682,22.37989638890324,24,control
1978.615197293603,-264.2649532257252,22.37877185949005,24,control
1978.6360302273627,-150.20015674610192,22.379857813690283,24,control
1978.656862926375,-187.13943259731278,22.38061330042421,24,control
1978.6776958121832,-235.82567095393028,22.381639650555606,24,control
1978.6985291494439,-280.7818194275938,22.38261310960219,24,control
1978.7193627485233,-247.20013281216032,22.383181319107553,24,control
1978.7401960095297,-194.91380164005068,22.383496146679256,24,control
1978.76102873361,-237.58806625246248,22.38523524995945,24,control
1978.7814651952501,-364.42219101733855,23.16941312522981,24,control
1978.8026960632133,-272.9623750047382,23.16845704107025,24,control
1978.8235283801794,-282.7063223478045,22.383289425780447,24,control
1978.8443617571804,-201.78918773453415,22.383641921380868,24,control
1978.8651951625227,-296.43298591981625,22.384008723909854,24,control
1978.886028486245,-341.35710185680716,22.383076703230937,24,control
1978.9073568205338,-190.3086974375273,23.168200924275467,24,control
1978.9276942568194,-279.63703749394386,22.382980288878517,24,control
1978.9485275508478,-221.962354994905,22.38458149958732,24,control
1978.9693603945561,-170.41970431322667,22.385109686388162,24,control
1978.990194144356,-280.6720111516931,22.384089394283542,24,control
1979.0110274741403,-173.8000386762999,22.387065623105865,24,control
1979.0318598697565,-252.26726308610978,22.3871041661534,24,control
1979.0526931864283,-228.33320838483064,22.38850089687971,24,control
1979.0735264427997,-251.04137343173548,22.38725843789951,24,control
1979.094359564929,-209.93281838606626,22.386605843266018,24,control
1979.1151931381135,-225.04399267710392,22.38755042052135,24,control
1979.1360261410978,-250.30529436722608,22.386068662247087,24,control
1979.1568598758925,-153.27007265925988,22.385430145216674,24,control
1979.1776921926512,-89.75110750060165,22.38610450305765,24,control
1979.1985254687513,-97.11219799935454,22.386579554391123,24,control
1979.2193586341125,-93.0824629327216,22.386312138941253,24,control
1979.2401917331317,-187.61669106516254,22.38573126007562,24,control
1979.2610250038883,-278.67619809924184,22.387238511191,24,control
1979.2818588797409,-159.3316292361943,22.38591619781194,24,control
1979.3024926276457,-180.94367037539396,23.174025804043936,24,control
1979.32352452984,-287.63079014464614,22.38830615605628,24,control
1979.3443574950745,-321.32186053302337,22.387873665413235,24,control
1979.3658331281595,-225.5786716351348,24.047596825949487,24,control
1979.385330236199,-305.91831981153086,23.171677379503155,24,control
1979.4068582214609,-315.52670378354037,22.385842393023918,24,control
1979.4276905038423,-272.4965047892444,22.3833491044475,24,control
1979.4485253252149,-313.28344575351394,22.379769055916203,24,control
1979.4693570965428,-280.5108627844907,22.381291244142965,24,control
1979.4904877432873,-255.36764105134196,23.167910939636158,24,control
1979.511023416701,-178.15452950166437,22.382987903543366,24,control
1979.531856972472,-141.85115430232395,22.379726392226132,24,control
1979.5526895031635,-190.65300652432376,22.381538212859,24,control
1979.5734233555165,-126.82396918415301,23.16920562829182,24,control
1979.5943563365324,-178.90669697780058,22.383617912967097,24,control
1979.6148912933825,-162.89105896189466,23.168676609051257,24,control
1979.6360219107721,-169.97614951316416,22.38435811267787,24,control
1979.6567562369983,-139.76400438452578,23.170940869211588,24,control
1979.6776887138367,-103.12834194178377,22.38669402524553,24,control
1979.6981261201893,-248.27960450617815,23.17140337408579,24,control
1979.7193547076379,-121.07274112465974,22.387457221278463,24,control
1979.73949376176,-193.59097449099005,23.1747856003743,24,control
1979.7610214698334,-222.43193811179935,22.389443495915113,24,control
1979.781259930546,-174.55192548770626,23.17573129653821,24,control
1979.8026881541298,-192.77434142574424,22.387704144847373,24,control
1979.8235208749525,-239.4761894609455,22.388754270074077,24,control
1979.8450487624282,-208.4133243170886,23.17378982118338,24,control
1979.8651870088645,-200.26494313231578,22.388541664504107,24,control
1979.8867144191026,-146.08922433517048,23.173509874743825,24,control
1979.906853700643,-213.4243566649791,22.387829340588187,24,control
1979.9277862618362,-222.01056616953156,23.17506109701374,24,control
1979.9478249715607,-180.6303661509528,23.175741772132472,24,control
1979.9693524860334,-105.15835240817333,22.388542272770824,24,control
1979.9901863113096,-111.3114561711262,22.391784465792284,24,control
1980.011553122883,-107.4897167269495,24.05294828523003,24,control
1980.0318530103639,-122.62589884151777,22.394143729031594,24,control
1980.0530827140085,-76.99084190785236,23.177822269915527,24,control
1980.0735191204521,-158.16449087304878,22.39233182735216,24,control
1980.093856170046,-116.72451205737377,23.179298889791337,24,control
1980.1151857273846,-141.03779164148412,22.392794357869715,24,control
1980.1360196000958,-134.06223070165106,23.17569408201019,24,control
1980.1568515036845,-119.12247679386559,22.389068428109116,24,control
1980.1776847807957,-53.317310615818336,22.389646440600018,24,control
1980.198518246866,-63.25820932477163,22.38960709774425,24,control
1980.2193519528066,-79.49013349964268,23.173374257567964,24,control
1980.2401839842723,84.04708601045905,22.388755133844015,24,control
1980.2610181600926,63.75116267863412,22.39093017371751,24,control
1980.2825455402983,56.27516705464811,23.17916645821574,24,control
1980.3021890936968,-111.54613420331145,23.178165414614593,24,control
1980.3235172978173,-137.91065525364237,22.391276026801016,24,control
1980.3443508319722,-25.03629621113771,22.39262829636649,24,control
1980.3651834223604,-33.0677935051526,22.394219105658493,24,control
1980.386017663124,-4.873716763848508,22.393536172031975,24,control
1980.4072473064248,21.645678326935528,23.177791530568317,24,control
1980.4276841168391,-62.79262721390212,22.389199823904704,24,control
1980.448517296317,34.21858435196564,22.390018587211816,24,control
1980.4693503540684,13.108600828300762,22.388751572685365,24,control
1980.4901837253158,-11.998108958269597,22.38450940435467,24,control
1980.511016254277,117.80719192712746,22.38591018983519,24,control
1980.5318492240624,30.26911587424754,22.38730426459377,24,control
1980.5533774735582,136.5504541795518,23.174043317706108,24,control
1980.5735159421072,70.94813644316636,22.38502612374992,24,control
1980.5943487416691,97.03148005712508,22.386247010429663,24,control
1980.6144874573924,54.07707078658635,23.173885514253968,24,control
1980.6360156458127,91.03761648887335,22.388961471296014,24,control
1980.6568487113516,126.44044722851243,22.387299369490126,24,control
1980.6776818104038,77.09637069067597,22.38920974138843,24,control
1980.6985156339283,137.5587459273407,22.392190079191682,24,control
1980.7193488323442,144.3075298750465,22.392819714627503,24,control
1980.7401813522752,107.83537315568724,23.177838580692548,24,control
1980.761015154315,84.17293152682703,22.39142225064611,24,control
1980.781252679398,104.90707857593262,23.178586503327644,24,control
1980.8026815364453,86.04037816237818,22.39371685868273,24,control
1980.8229195469426,218.27389006612106,23.179296661428918,24,control
1980.8443475238112,141.56415021569163,22.39200351918396,24,control
1980.865180251289,104.00324502830061,22.392180208674155,24,control
1980.8860138637858,189.37324773767105,22.394267061804143,24,control
1980.9062526037658,164.31045291449013,23.179113343287057,24,control
1980.9276803895957,104.48613067417196,22.390702211027204,24,control
1980.9485141772034,120.5085779802881,22.39172118766463,24,control
1980.969048839207,170.3514075142749,23.179053881585734,24,control
1980.9901801238511,160.94308908879077,22.392476107912245,24,control
1981.0110117604024,239.18399616377118,22.388741974135726,24,control
1981.0318461359145,208.3285580638389,22.391883887450582,24,control
1981.0525801575666,256.1775013878114,23.178524873836672,24,control
1981.073513050038,310.9398168973176,22.39381570613372,24,control
1981.0945446475862,175.38887368195722,23.17688480470134,24,control
1981.1151793229187,268.174172814044,22.39313606492989,24,control
1981.1360124243988,206.53905619639468,22.392205283178008,24,control
1981.1568463864617,150.22289821819308,22.39053053081129,24,control
1981.1776792085684,226.8271712797463,22.38828604690916,24,control
1981.1985125498836,137.22550169971203,22.38795110678575,24,control
1981.2187502432432,151.48868945462488,23.175239452445375,24,control
1981.2401784542415,254.79224600225606,22.390795769398398,24,control
1981.2610115523034,163.85614244827934,22.38653599764121,24,control
1981.281844686707,209.63872637300645,22.38932510630447,24,control
1981.3020825451542,175.29857164477835,23.175961332531426,24,control
1981.32351165866,265.3649758485514,22.39167574837019,24,control
1981.3443450698044,97.75497437126181,22.38819024164547,24,control
1981.3651780128992,216.9791806684899,22.389516104945226,24,control
1981.3856147225506,147.5988210798622,23.17547950941824,24,control
1981.4068450112188,193.73330561529303,22.389506675039787,24,control
1981.427579323145,200.18140343054677,23.172945211816636,24,control
1981.4485115189718,182.77577194543846,22.385002284470136,24,control
1981.4693444180575,160.50172492257548,22.386405063395117,24,control
1981.4906740025374,88.95360503008659,23.170653075800033,24,control
1981.5106142173195,146.7575622901036,23.16899798555733,24,control
1981.531844005801,51.58480548661727,22.383558254785143,24,control
1981.5526782622733,61.40717494018248,22.38338719982412,24,control
1981.5735109141137,84.22205954493246,22.384758349081935,24,control
1981.5936495451392,41.07873147296048,23.16916378084671,24,control
1981.6151775298013,-31.186202878610736,22.38133383748236,24,control
1981.6360103817117,-0.7819125097812016,22.38272477056353,24,control
1981.656843508474,61.25530541281675,22.38250853474212,24,control
1981.6776776146803,43.18624606626709,22.381715216960774,24,control
1981.6985103599193,70.35154777582908,22.379166671014357,24,control
1981.7193445415398,-62.86571987281451,22.379577457873456,24,control
1981.73958212886,3.5693869907131703,23.16535897198922,24,control
1981.7610101107869,70.15384848597857,22.38031472528795,24,control
1981.7818438530624,-3.2815387454413356,22.376042117221914,24,control
1981.8026758966819,106.46429338590161,22.377915728832438,24,control
1981.8235095812795,98.88524086396932,22.376921271266216,24,control
1981.8443432503911,120.95291007361078,22.3779745452073,24,control
1981.8651763867458,122.90740019496937,22.374770036847785,24,control
1981.8860094619117,177.26107460895173,22.374831212369774,24,control
1981.9068429121523,118.91535724802299,22.37415857828809,24,control
1981.9276770336671,121.24989475756416,22.37444069545034,24,control
1981.9485105242638,95.12310768537277,22.37033163455244,24,control
1981.96934271076,58.40825640340755,22.370885310731275,24,control
1981.990175264836,70.00773011333752,22.370637220582466,24,control
1982.0110088068984,69.27412238509852,22.371488870202754,24,control
1982.0318430107857,68.77492098075057,22.369939290782643,24,control
1982.0526757995863,105.70416359839783,22.36841754955694,24,control
1982.0735088255742,123.52482323677619,22.37100893128542,24,control
1982.0943421702982,112.30705050325338,22.370863056136127,24,control
1982.115175163317,156.60762625567318,22.371327417678263,24,control
1982.136008091024,162.44204879031437,22.36944256001632,24,control
1982.1561458838664,179.31811482917158,23.153256279491575,24,control
1982.1776755984295,141.7126616960331,22.369185215136213,24,control
1982.1985086948105,189.46688218491144,22.36957423936661,24,control
1982.2193418997037,95.64703069906125,22.368826137410576,24,control
1982.2401751749044,-67.4261352064501,22.368522662911914,24,control
1982.2610083851969,-6.1921683394446685,22.369779335406513,24,control
1982.274202753595,-47.58597052961628,43.31946673275315,24,control
1983.6471197015835,-12.949196482277806,22.108544412570428,25,control
1983.6650358178028,-67.23408153721316,27.08667380463401,25,control
1983.6894805416334,-266.8404009662519,22.903232976848006,25,control
1983.7096197779667,-278.72621411597424,22.13626492248314,25,control
1983.7304520628452,-528.9032320618526,22.144073952967346,25,control
1983.7507914158439,-628.2302921851156,22.926770207767213,25,control
1983.7721208827315,-645.1631698163172,22.157118528287892,25,control
1983.792952470691,-730.7207697865234,22.163755076599504,25,control
1983.8137880578229,-659.4946075908479,22.17103947236452,25,control
1983.8346199533494,-546.3134347109917,22.177960125966525,25,control
1983.8554536990434,-583.6218805911158,22.18028853433467,25,control
1983.876288324951,-461.1566366172613,22.183675318093734,25,control
1983.8971209130616,-328.9283769762103,22.187563290966093,25,control
1983.9179541351248,-268.2589642509906,22.189707978501808,25,control
1983.9387875565126,-397.0024160497855,22.190520021626124,25,control
1983.9596204018055,-221.4951266295508,22.192590581291604,25,control
1983.980453987105,-243.63755804588953,22.194281693900656,25,control
1984.0012879598526,-287.8493363693076,22.19465087919706,25,control
1984.0221214142039,-320.1021594974086,22.196618476777026,25,control
1984.0429539643667,-265.2583114384163,22.198399929531085,25,control
1984.0554550833406,-494.1489162179493,49.63749914142239,25,control
1984.2582322226647,156.45005855527526,38.459449268165734,25,control
1984.2721206437257,-112.34926342910974,22.20049436216929,25,control
1984.292955417662,-128.28786087705603,22.198867971948207,25,control
1984.3137888298347,-372.8790737450847,22.191957562831227,25,control
1984.3346222800644,-245.40096391853442,22.192316971615156,25,control
1984.355455387987,-140.29700522524382,22.191561365871088,25,control
1984.3762879637584,50.72160436991524,22.191887139049943,25,control
1984.3971209285835,11.918696149828271,22.190059568469906,25,control
1984.4179545538186,46.90338839771114,22.189199038502775,25,control
1984.4387881537152,159.90021551514624,22.190503988547754,25,control
1984.4596213738764,233.68842691483286,22.192067329057956,25,control
1984.4804544932927,57.494188205838,22.19044641131115,25,control
1984.5012873453488,-86.92191454970295,22.191554175389804,25,control
1984.522219365962,-363.9293229383702,22.966974615566226,25,control
1984.5429547916249,-156.27467689584827,22.190413790876008,25,control
1984.5637863898385,-120.6823553373837,22.19329247359605,25,control
1984.5846204441564,9.329330753167367,22.197035467718777,25,control
1984.6054534641416,108.95988900772642,22.198590673099172,25,control
1984.9617051069665,204.476248472176,24.817360986730606,25,control
1984.9804550812714,120.31742462743664,22.195462576746987,25,control
1985.0012875311359,46.40379782460133,22.19533776599816,25,control
1985.0221203315416,-41.959117266138655,22.193733090033113,25,control
1985.042954901643,-54.6017441398961,22.193512372687294,25,control
1985.0637884875407,-184.0927694729296,22.190211858286723,25,control
1985.0846231082362,-324.8384325549788,22.185060752359476,25,control
1985.105454417427,-203.27067012970073,22.187393181021722,25,control
1985.1262869147438,-166.4133823748707,22.187281660192944,25,control
1985.1471212586093,-80.83798220868994,22.187240824898744,25,control
1985.1679540564267,-89.64166851271932,22.18542897165999,25,control
1985.1887881001992,-29.61045825280918,22.184029700140957,25,control
1985.2096211796097,-85.58755909058635,22.1820035709841,25,control
1985.2304544729757,-211.96795587979136,22.179855730126288,25,control
1985.2512889667519,-269.5398857804629,22.174599400171402,25,control
1985.2721208442867,-210.17240014406536,22.172713295766243,25,control
1985.292954754332,-211.46401124180906,22.168965020815325,25,control
1985.3137880306688,-104.56883277679512,22.16859141820683,25,control
1985.3346216334253,-35.594407889835175,22.1666925279171,25,control
1985.3554539885256,-64.14131753250038,22.164068980365837,25,control
1985.3762874858965,-31.4491744124178,22.160855185052927,25,control
1985.3971210498041,-139.99794736676162,22.15894957505881,25,control
1985.4179539678687,-183.57409139649567,22.154266869554718,25,control
1985.4387876966784,-100.81256403279643,22.155966039740033,25,control
1985.4596215127783,-17.80013557098972,22.155501902881028,25,control
1985.4804546494631,83.24204924805437,22.156068856900305,25,control
1985.5012873863661,262.49657891833664,22.15704518560056,25,control
1985.5221208967305,72.31932061113459,22.156088452675476,25,control
1985.5429545953086,227.9362898565833,22.158249479845058,25,control
1985.5637893390037,176.67797097488446,22.15688104111943,25,control
1985.5846199556158,130.1487668615602,22.15911026208416,25,control
1985.6054541261412,245.3326283956085,22.161529380315354,25,control
1985.626287546497,183.9161867969811,22.161873519522498,25,control
1985.6471212848805,180.53874190961068,22.163264745910194,25,control
1985.6679558919348,232.1803253722128,22.165259165355508,25,control
1985.6887877622505,194.6017973329835,22.16612009963256,25,control
1985.7096216109342,161.40749063391624,22.16676190494596,25,control
1985.731149545557,245.5702492959921,22.945861459819188,25,control
1985.7513866129327,148.29489310671906,22.94452311440493,25,control
1985.7721216734071,136.98247563543876,22.16559939902087,25,control
1985.792954730732,86.92769499792895,22.16453086780378,25,control
1985.8137884129283,178.2726149463975,22.16546182194436,25,control
1985.834620689817,186.32620017218193,22.165560793458525,25,control
1985.8554551271475,232.18371520481926,22.166209463030093,25,control
1985.876288535026,-15.415798631586835,22.161261303125748,25,control
1985.897122391573,-16.504983640667827,22.160179006969848,25,control
1985.917955405197,-34.46356010474898,22.159385128412353,25,control
1985.9387899620642,30.688284539717294,22.158479022283878,25,control
1985.9596220250949,112.41366880274342,22.157247430199835,25,control
1985.9804548812622,215.49219943391512,22.15735092333036,25,control
1986.0007920226628,214.2892018606472,22.933235546530472,25,control
1986.02212159978,295.34350080747794,22.155422074996117,25,control
1986.0434514548022,109.4640143428186,22.928143199611586,25,control
1986.0637883267586,199.69318505314897,22.150644403447135,25,control
1986.0846219889756,113.59858785456908,22.1504775746798,25,control
1986.1054557449327,74.76287657285143,22.149312801445607,25,control
1986.1262890486403,45.76053899387189,22.14874652809271,25,control
1986.1471214255102,67.36491543708169,22.147630917950973,25,control
1986.1679553862875,205.38143622892824,22.146390841193323,25,control
1986.1887889615768,421.5158696959297,22.149124344952362,25,control
1986.2096210579052,334.9869957436338,22.146784210402068,25,control
1986.2304555019086,281.66065966426424,22.14656304898606,25,control
1986.251288121429,297.9392827328707,22.143814426078144,25,control
1986.272121560819,200.98842424113036,22.1445669684135,25,control
1986.2928570507252,219.06746103303294,22.920247206776587,25,control
1986.313789316201,197.83697826615443,22.91527250829422,25,control
1986.334622389202,150.97736767414162,22.1379424173527,25,control
1986.3554552752626,191.8871101219433,22.13678564650104,25,control
1986.3762899450783,84.56246752970118,22.133059464675437,25,control
1986.3971215768427,2.634555102692073,22.133148567734228,25,control
1986.417954971286,88.98047151523191,22.13265353743209,25,control
1986.4387891262872,23.03503984749664,22.12716478768667,25,control
1986.4596204861102,139.73015583001484,22.1286358522222,25,control
1986.4804549946853,310.8320523000545,22.129734407970282,25,control
1986.5012883838838,329.1786385790714,22.12921572614059,25,control
1986.5221220205947,368.2954052028898,22.129274602246472,25,control
1986.5429544775768,333.2336494605311,22.129787659139193,25,control
1986.5637884648859,317.75427844375116,22.130838733534425,25,control
1986.5846207650382,296.5099102714683,22.12977588182218,25,control
1986.6054558239805,298.09292777313334,22.13136743124941,25,control
1986.6262877023714,196.64941814809623,22.130507485253922,25,control
1986.6471223864207,212.6627785590514,22.133064855714682,25,control
1986.6679550896706,221.46033984389484,22.132968241658038,25,control
1986.6887887439661,372.6637410423253,22.135398816877977,25,control
1986.7096212355764,275.57372841068957,22.135942312383968,25,control
1986.7305552543323,259.5091941170879,22.912554984630162,25,control
1986.7512885982176,257.99925383882993,22.135836270841324,25,control
1986.7724191361776,242.24312615167204,22.9117551582937,25,control
1986.7929555171797,254.60283755969007,22.13413205452031,25,control
1986.8137886359298,195.48904313918382,22.133948450032214,25,control
1986.8346208914202,196.42828565255212,22.135425964963495,25,control
1986.8554566566938,298.9416727511414,22.136515246808926,25,control
1986.8761901218306,258.68368408974663,22.91211184143154,25,control
1986.8971241780366,158.14640931729605,22.131903395485413,25,control
1986.9179561929284,215.3407352266054,22.131220153876974,25,control
1986.9387905684434,176.0365101607367,22.130488415054216,25,control
1986.9596227976174,111.74982515634305,22.129035945458636,25,control
1986.9804553591225,270.2106968690595,22.131201650154658,25,control
1987.0012895454543,242.5235555294636,22.128994437791984,25,control
1987.0221221420263,148.04499236810915,22.12580178944438,25,control
1987.0429562692325,216.58824356094996,22.12705069730753,25,control
1987.0637890492599,179.18881330167468,22.123680526319077,25,control
1987.0846223419028,127.69918514490584,22.124328727574163,25,control
1987.1054561169415,119.60003249885453,22.122457356198947,25,control
1987.1256940633107,143.51290417612907,22.89968045061916,25,control
1987.1471233602404,158.2149327180501,22.12317164770705,25,control
1987.1673603321162,197.0927124567387,22.900435084370496,25,control
1987.1887897956153,253.82272055578179,22.120699424067993,25,control
1987.209622448395,227.82891467706946,22.12008948802355,25,control
1987.2304559570428,90.34499258464305,22.12077982444396,25,control
1987.250792752557,-35.76095810604237,22.89695588510445,25,control
1987.272123819031,78.21815913176619,22.12069641532297,25,control
1987.292422730144,3.7344993757911573,23.759382531814595,25,control
1987.313789552881,16.46123159147435,22.115546906434492,25,control
1987.3346239981117,35.898742194884804,22.11614556106085,25,control
1987.355456107326,72.14998786810706,22.116926930101556,25,control
1987.3767859490692,144.39426438184682,22.89367991100948,25,control
1987.3971237125056,-14.7246815666332,22.115418183654544,25,control
1987.4179563442349,123.0135634846989,22.11581526135581,25,control
1987.4387904761113,84.1943987037144,22.115292265219185,25,control
1987.460783796084,16.301681640540288,24.715550455105888,25,control
1987.480457343091,171.49929386186554,22.112477116303218,25,control
1987.5014880424667,18.187602819524106,22.88901706238998,25,control
1987.5221235803322,165.0319188981081,22.115321275733642,25,control
1987.5429567374931,235.4324092709005,22.115317140258284,25,control
1987.5637899329427,225.92706089797824,22.115034892180386,25,control
1987.5850198263095,128.85472888777863,22.887130592323945,25,control
1987.6053575093179,98.98395253643129,22.889857990014825,25,control
1987.626985068603,117.44659921387665,22.893301603784714,25,control
1987.6471236570685,156.90907823655203,22.11685186871837,25,control
1987.6679562184179,9.23728561923071,22.11639823605326,25,control
1987.6884934769657,-71.74693509982313,22.891586262187104,25,control
1987.7096240719522,-64.85096604795187,22.112681751256215,25,control
1987.730259298084,-72.33547067242966,22.89379412602287,25,control
1987.751290519309,25.63825521940614,22.117656357560048,25,control
1987.772123565814,-59.436955308737346,22.118400076286285,25,control
1987.7925607636378,80.20363222555689,22.89384950586644,25,control
1987.8137916500518,83.63829677194198,22.115085355103716,25,control
1987.8343250725204,107.3848063882575,22.892289978253384,25,control
1987.8558545000474,-34.51376290093391,22.893395921071434,25,control
1987.87629004974,66.59470192562517,22.118382603796512,25,control
1987.8971241398033,-94.78235653757999,22.115658616298635,25,control
1987.9177606832257,-33.12858718811553,22.889694199478146,25,control
1987.9387918070558,-75.97787257424113,22.111735285495126,25,control
1987.9591281643854,-21.487493217786376,22.888787890594827,25,control
1987.980456747527,-64.27310135891157,22.11325998472436,25,control
1988.0012908974816,127.67038765572886,22.114406212038165,25,control
1988.0221243630515,86.22551366248666,22.112353588779712,25,control
1988.0435529430804,-41.31343300643256,22.886265505272977,25,control
1988.0637916041965,82.58606964288569,22.10953217195783,25,control
1988.08462390444,-159.7372015919216,22.88220736820183,25,control
1988.1054587487133,-163.1650817357028,22.111137184498514,25,control
1988.1262917955519,-167.83791948097732,22.11080085227886,25,control
1988.1471248718901,-199.7864736972217,22.104445144362952,25,control
1988.1679586066944,-79.67126465061753,22.107112234155508,25,control
1988.1882957463035,-67.50285822983467,22.88487127240637,25,control
1988.20962422659,-51.14348102230779,22.109630148807664,25,control
1988.2304584413557,-41.12120272917629,22.108015847655235,25,control
1988.251292640752,-86.72524885252994,22.107973777156754,25,control
1988.2728187914847,23.931622780021048,22.883409353523415,25,control
1988.2929589470584,-17.741069150495743,22.10680093757916,25,control
1988.3142880490716,-30.103527104377665,22.883133973454306,25,control
1988.334626076968,-77.3559857191397,22.10708406584734,25,control
1988.3554587775454,-156.43337932387368,22.107107449411707,25,control
1988.3765905047583,-196.73014228918188,22.879174445808424,25,control
1988.3971264238291,-5.733082145021485,22.104094099397,25,control
1988.4173635668599,-131.83373845112823,22.878830794127396,25,control
1988.438791707489,-95.45341802258433,22.10571106325683,25,control
1988.4596260612193,-38.61917817358401,22.10487725230534,25,control
1988.4804604076298,-102.20484014460614,22.877070167427743,25,control
1988.5012921433174,-67.50192688032996,22.101399655011484,25,control
1988.5221257734697,-110.27912768515145,22.101648931323837,25,control
1988.54355369303,-259.37629877030486,22.87950118468412,25,control
1988.5637921134291,-206.4915024444902,22.102828005150485,25,control
1988.5841301515238,-152.1176518003212,22.880307391757682,25,control
1988.6056584885682,-183.73077538434495,22.87715403248514,25,control
1988.6259945837683,-80.28194240743164,22.88029316307935,25,control
1988.6471261034592,-112.32383252822234,22.104631009969115,25,control
1988.667959093884,-138.47502056953175,22.106083402193413,25,control
1988.688197784179,20.63667084473675,22.883195517002182,25,control
1988.709625407529,-55.67385326649369,22.105367010414795,25,control
1988.7301621533873,1.883781519444338,22.879678405520885,25,control
1988.7512933067883,13.713292150102024,22.10868962775882,25,control
1988.7721264859042,-38.852994519697795,22.10763973073244,25,control
1988.7928542826903,-205.28336724222055,23.744201466748677,25,control
1988.8137940442937,-124.2974898956977,22.104558747079825,25,control
1988.834427388593,-91.8878656995798,22.881041603385878,25,control
1988.8554597704285,-229.96922056318746,22.105802939843787,25,control
1988.8762939671756,-201.26747663127853,22.106798899767767,25,control
1988.897524599428,-222.1735664654998,22.880551623134696,25,control
1988.9179606160187,-296.54410450036477,22.101447420254054,25,control
1988.938793675073,-213.8942757952156,22.878463111711223,25,control
1988.9596275955066,-218.51294931110306,22.10565900534468,25,control
1988.9804602495835,-281.65031309330027,22.104205262657626,25,control
1989.0014929310516,-239.37774098758217,22.87774793665337,25,control
1989.0221288907483,-332.5447807138109,22.098547437221168,25,control
1989.0425649827393,-263.2020976406844,22.876533449485496,25,control
1989.0637931742592,-231.3085276755744,22.103651034090117,25,control
1989.0846274548574,-216.8560953605113,22.102660714954578,25,control
1989.1058583458241,-434.2501628418129,22.874517679486782,25,control
1989.1262937502283,-355.85073319504824,22.100982084995607,25,control
1989.1472270027323,-346.44989000747734,22.875998604966554,25,control
1989.166744846427,-341.92763721263657,30.256446795153014,25,control
1989.1889933374578,-262.1949332605166,22.875252807826648,25,control
1989.2096274735723,-134.26771839586306,22.09973050745503,25,control
1989.2304612237015,0.44946119691751957,22.10256791160713,25,control
1989.2512942594922,65.43229580361931,22.103037494696817,25,control
1989.2721284200359,180.56610532783355,22.104493750833676,25,control
1989.2929616053411,95.69031677796714,22.100165013273614,25,control
1989.3137942766527,-21.308480731948745,22.10022147176764,25,control
1989.334629037974,121.94516025976112,22.10173733472522,25,control
1989.3554606665305,-10.95072981045202,22.10142282077056,25,control
1989.3762954439435,206.53559836746916,22.10120600088104,25,control
1989.397129582586,136.08290326140394,22.100520276263026,25,control
1989.4179614475083,-17.181438142512125,22.10049556263059,25,control
1989.438795021581,226.80405734959984,22.100044176752064,25,control
1989.4597290359345,120.503640534147,22.875356715919082,25,control
1989.4804626833254,38.813746611460545,22.097678483104172,25,control
1989.5012950496764,88.69110344079023,22.097834740124295,25,control
1989.5221299099312,148.2802068126256,22.09926936512216,25,control
1989.5429617928773,129.74318448766405,22.099905674269724,25,control
1989.5637954525007,148.13858613876465,22.099018222189393,25,control
1989.5846307921117,63.85693483098259,22.099912026986033,25,control
1989.6054614660545,243.45537128958384,22.100257054931408,25,control
1989.6262959398464,188.27822384581003,22.100373762124487,25,control
1989.6471296131424,266.5475956548623,22.10391673892219,25,control
1989.6679636235021,350.1374278498771,22.103096156933443,25,control
1989.6887954293861,121.5648235427885,22.101113139262214,25,control
1989.7096295188055,98.81188063619916,22.102182153008737,25,control
1989.7304630588358,143.4568905955751,22.102227013698833,25,control
1989.7512960635436,128.10147746538087,22.10409762356894,25,control
1989.7721302982425,105.50058597971277,22.10293851325836,25,control
1989.7928639910624,164.11490247186111,22.876820423901297,25,control
1989.8137961465357,213.0588463243459,22.102236856189702,25,control
1989.8346296266807,197.42503263763382,22.10366386827504,25,control
1989.8554641145565,197.18804692848252,22.10258231384202,25,control
1989.8762971748015,97.42532654969355,22.10246135981629,25,control
1989.8971311423377,55.27962901582681,22.099441762518737,25,control
1989.9179643180128,23.612501702499806,22.100884700990296,25,control
1989.9387974664264,150.92806654928503,22.101426388365663,25,control
1989.9596304283448,150.204684198293,22.101631719378815,25,control
1989.9804647106123,182.7330503449107,22.101956872919718,25,control
1990.0012973238456,108.92370143983483,22.097663251328097,25,control
1990.0221305707387,211.90493518758333,22.10120204890145,25,control
1990.0429644120031,95.03038883780398,22.098698339888994,25,control
1990.0637983691415,232.8029565856706,22.100288541032377,25,control
1990.0846313158102,118.62350724624822,22.098717089830842,25,control
1990.1054644106327,172.17159052509274,22.098447702411946,25,control
1990.1262979179646,181.60940035229913,22.098271390284022,25,control
1990.147131066094,91.30034785418972,22.099791112754623,25,control
1990.1679652788189,10.504376018296039,22.097449717600114,25,control
1990.1887985116045,155.21181984252237,22.09794148640643,25,control
1990.2096309081162,37.61063297545362,22.096903386170805,25,control
1990.230464746173,100.07036949856648,22.09825921738485,25,control
1990.2512989537602,89.8388821561515,22.099136721160875,25,control
1990.272132417141,38.36098411431737,22.098336262112955,25,control
1990.292966064167,95.155055040341,22.096324371103037,25,control
1990.313798718475,-122.15260596511504,22.09632718998481,25,control
1990.3346323093524,15.073378069230857,22.09953279628603,25,control
1990.3554657275367,75.60760995761729,22.09871145019557,25,control
1990.376299113293,-35.24369017349341,22.095932249303832,25,control
1990.3971318207696,31.045924823362483,22.09476655705902,25,control
1990.4179662447311,116.47765445462477,22.097787874202197,25,control
1990.43879951408,88.99781986374981,22.097060240396594,25,control
1990.4600303118211,33.240655680245965,22.871101494822234,25,control
1990.4804668546117,57.13937238774888,22.095020236668617,25,control
1990.5012991613107,38.70500636647985,22.093888070664566,25,control
1990.5221331611588,88.2610611375227,22.09563511747491,25,control
1990.5429666982805,4.786864470274677,22.09805481100325,25,control
1990.5637995830969,-9.426704267825771,22.09681353648518,25,control
1990.5846335337346,22.065465110476975,22.09463993299012,25,control
1990.6060619113457,34.67622179294445,22.87258836045604,25,control
1990.6262999558248,-88.36617905776859,22.096986817989766,25,control
1990.6471335458195,29.646862846795315,22.099803576156695,25,control
1990.6679680661923,-54.624233368203065,22.097671893431134,25,control
1990.688802276416,-25.28385953026651,22.09733012412412,25,control
1990.7096342876775,-32.270993702165185,22.098439896477917,25,control
1990.7304677007892,-91.87216156469968,22.100001341077007,25,control
1990.7513023268489,42.24518692853616,22.100497743246397,25,control
1990.772135419623,-129.82054251524494,22.096873217569787,25,control
1990.7929673636202,-80.46510223396176,22.098021915697874,25,control
1990.8138012910501,-138.42020113437098,22.097703579432366,25,control
1990.8346356848726,-84.57827396272454,22.09838301508345,25,control
1990.8554676228518,26.653560692318592,22.098024673170862,25,control
1990.876301041499,23.116766734673785,22.096609638062944,25,control
1990.897134781012,75.98556061729177,22.09799191183191,25,control
1990.9179680121188,-23.558099888022028,22.096844533641647,25,control
1990.9388015971213,9.70203531364123,22.098353685141465,25,control
1990.959734994996,-92.71928122041972,22.87174333328084,25,control
1990.9804686049865,-51.84478022369951,22.096318775739306,25,control
1991.0013018220927,-110.2661591488001,22.0958358782197,25,control
1991.022136313059,-65.57721007413636,22.09731986322867,25,control
1991.0429688200113,-138.06551692353042,22.097399307484835,25,control
1991.0638024095372,-53.98617613908864,22.096241034341457,25,control
1991.0846371148657,-166.02264243495196,22.092989524330534,25,control
1991.1054691296326,-45.48666968275892,22.095868529231083,25,control
1991.1263029873166,-16.108863764636922,22.098206993782064,25,control
1991.1471368797838,-73.44202547721625,22.096954245372785,25,control
1991.1679691016473,5.843344663571316,22.09316303325638,25,control
1991.188803640557,63.40581736733219,22.096254258582665,25,control
1991.2096372311078,37.10379458499436,22.0966471000702,25,control
1991.2304707044527,57.87109403778559,22.098350467890917,25,control
1991.2513038122972,87.40209796235028,22.096419038046136,25,control
1991.2721370186944,6.416756443776449,22.097608382569003,25,control
1991.2929711691204,-55.99223538616637,22.095160849806945,25,control
1991.3138037343379,-0.6016337971900477,22.09776256672598,25,control
1991.3346380699368,-31.704236120353332,22.096900041660284,25,control
1991.3554704519963,-131.56496621071562,22.09411012258916,25,control
1991.3763047211414,-92.48955183970475,22.093885353041202,25,control
1991.397137397316,-184.94043768356414,22.094645663100067,25,control
1991.4179709233088,-187.89371210417303,22.094420110611775,25,control
1991.4388051026208,-159.00063674860556,22.094337131233797,25,control
1991.459637758608,-127.51170126851966,22.09085841973946,25,control
1991.4804720535096,-24.245857591895415,22.094595031782628,25,control
1991.501304569812,-37.88185930309158,22.094596457315475,25,control
1991.5221386264643,17.878624500540965,22.87267126820915,25,control
1991.5427736761048,-24.688524621982918,22.871505145726278,25,control
1991.563805390226,-103.70050914485552,22.093591175966946,25,control
1991.5846390776837,-22.213387397072278,22.095544604493764,25,control
1991.605471281274,-101.03919356004062,22.096935285492375,25,control
1991.6261066744362,-168.40721974715845,22.872231999507612,25,control
1991.647238174123,-227.43280234698358,22.87121468519332,25,control
1991.6679727208516,-220.27605525453797,22.09578056012173,25,control
1991.688806211281,-81.47978689119952,22.097973410614568,25,control
1991.7096398743583,-97.72546874424644,22.09782848551976,25,control
1991.7304729309003,-21.910160850474686,22.098388110500785,25,control
1991.7513067015002,-94.09843652686675,22.09697710204829,25,control
1991.7721392737335,-93.70536382315316,22.0970893660199,25,control
1991.7929737218926,-12.608042299676413,22.097738498291235,25,control
1991.813807315242,-150.34057230620311,22.096509771728435,25,control
1991.8346412166811,-158.08758784464615,22.094460430116364,25,control
1991.8554747541202,-190.7360062122218,22.095469078969202,25,control
1991.876307211993,-108.77824720305372,22.09719042904805,25,control
1991.8971407584274,-200.88100273937033,22.096325074665703,25,control
1991.9185704274569,-280.0164608832638,22.87274189697443,25,control
1991.9401965649033,-228.09805703519328,23.731801877410984,25,control
1991.9596406878957,-295.9299464816336,22.09448772005182,25,control
1991.9804748768065,-291.7564259960164,22.095167721772487,25,control
1992.001308177071,-186.9773114453895,22.09692889132012,25,control
1992.0221411556158,-182.69611480726337,22.09584103272472,25,control
1992.042975627683,-231.82221189986976,22.095160931070378,25,control
1992.0638078436782,-255.29830059664698,22.094732705102683,25,control
1992.0846425903012,-180.084802910633,22.095841416126618,25,control
1992.105260827138,-155.2178665210836,23.73477147325809,25,control
1992.1270027224175,-173.13201062681685,22.869433910738948,25,control
1992.1471422460897,-195.80154287094516,22.096179248697386,25,control
1992.1679754211423,-193.51721609223927,22.09537177286548,25,control
1992.1888103068227,-256.58015542217936,22.09477631450606,25,control
1992.2096431529753,-329.05673752003145,22.092804001034647,25,control
1992.230477297839,-217.18860340054408,22.096535950165187,25,control
1992.2513095073546,-301.9328543360953,22.094158798816693,25,control
1992.2717450914276,-134.94506843194034,22.871059816284944,25,control
1992.2926801347487,-102.00509297701066,22.87196093018579,25,control
1992.313809998815,-222.5312261660231,22.094760356159963,25,control
1992.3346433235,-125.16907196621457,22.094995218073368,25,control
1992.3547831040503,-130.92862888941377,22.872293002382666,25,control
1992.3763106896422,-165.5806590848744,22.09605801733952,25,control
1992.397441796424,-212.7521811464823,22.86927210024712,25,control
1992.4179776174287,-258.7270089944642,22.092879509753352,25,control
1992.438810839357,-203.01475339557885,22.093139243523552,25,control
1992.4591111394966,-152.1846389466575,23.733850731232266,25,control
1992.4804779973415,-75.32227985429185,22.096773564441126,25,control
1992.5013122696369,-120.60500136295562,22.094840084614983,25,control
1992.52194789307,-165.2908575750082,22.86788731074745,25,control
1992.543725856699,-145.26146936000364,23.734278551065366,25,control
1992.563811873129,-63.552505664858465,22.096278752126793,25,control
1992.5846454217556,-230.0508021452302,22.095436509404802,25,control
1992.604883051903,-224.9758663109349,22.870203893072883,25,control
1992.6263111903463,-143.27860793112902,22.09422799684461,25,control
1992.6477412366132,-203.93309056079758,22.872670322806822,25,control
1992.6679796941007,-247.87408795044593,22.09775624286581,25,control
1992.6888127801108,-334.4375205500812,22.09749602659959,25,control
1992.7097529237476,-238.11827078654858,23.73511299113473,25,control
1992.7300823921769,-291.9712544333576,22.873007293323717,25,control
1992.75131314852,-260.4970031831992,22.098816579547176,25,control
1992.7721468294747,-206.15781102896537,22.098080907037215,25,control
1992.7929805692538,-268.49264520678486,22.093292464447224,25,control
1992.813813391334,-204.19001079159165,22.09759035578576,25,control
1992.8349443634831,-126.20944440969743,22.87362632032792,25,control
1992.8554812240402,-206.90679764590774,22.098277161497478,25,control
1992.8763154290277,-191.8971035877184,22.09631043891641,25,control
1992.8977440910437,-202.90408560818187,22.86967926708367,25,control
1992.9178811925772,-281.4786600957099,22.8721402782717,25,control
1992.9388146417887,-334.8922438929433,22.096206507673568,25,control
1992.959648180012,-270.8577971852623,22.097918665503045,25,control
1992.9808780853166,-296.04983694788785,22.870383796767516,25,control
1993.001315217345,-259.48113432213063,22.09618475294254,25,control
1993.022743617397,-173.15685479118324,22.87305985058418,25,control
1993.0429824693051,-132.3614169747616,22.099376877726666,25,control
1993.063121389767,-156.80257594845918,24.705334446896966,25,control
1993.0843519763362,-122.69166798158113,22.872622021883707,25,control
1993.1057803483604,-141.9084691713863,22.873732858942684,25,control
1993.126316209002,-93.44911158897361,22.098523959779683,25,control
1993.146554675549,-187.64763164346127,22.873958535296335,25,control
1993.1684798627268,-292.83259054826766,22.871674107315975,25,control
1993.1888144352429,-180.17492512006103,22.0963542017789,25,control
1993.2101462151147,-230.26592307411522,22.87416310705266,25,control
1993.2304844566704,-108.46915801571203,22.100444971936668,25,control
1993.2513170788322,13.281696344172447,22.096317326876793,25,control
1993.2721503292937,11.268898822862408,22.097093971896964,25,control
1993.2931833822563,27.38984305982803,22.877443830470742,25,control
1993.3138178687655,-96.48872789541382,22.100241179216038,25,control
1993.3343545181028,-18.148199062611845,22.874246039275384,25,control
1993.3554857966687,-138.05747139655793,22.097462953293544,25,control
1993.3759209628795,-183.4103213550831,22.87440376856976,25,control
1993.3971517043165,-136.93467848846166,22.098549565636088,25,control
1993.4179854708634,-175.20565516960957,22.098346503459844,25,control
1993.4395133606,-20.829222307348125,22.871021891110427,25,control
1993.4596518823746,-128.6966358925845,22.09798601806409,25,control
1993.4809806239275,-69.08249294306509,22.875275886977263,25,control
1993.5013190345096,-15.260492531367417,22.099886785423244,25,control
1993.5222516553094,181.60860678212293,22.87598554874364,25,control
1993.5429849473958,129.57902169902778,22.09968041369495,25,control
1993.5639183917494,196.81584605493364,22.87742962320545,25,control
1993.5846529543073,124.19031027037046,22.10237428871196,25,control
1993.6047926821975,94.7248513074874,22.877202003025435,25,control
1993.626320117972,-51.49179909642006,22.099552160526414,25,control
1993.6466566407742,135.03817412104962,22.877249568690683,25,control
1993.6679866240747,-45.389556443296385,22.102214111933414,25,control
1993.6888209180756,-48.538304951890844,22.103498537458485,25,control
1993.7110430151301,-36.997220343566795,23.741142803707305,25,control
1993.7304871234462,224.39789551413847,22.10378037772362,25,control
1993.7517184647072,230.91720457506494,22.88190797080677,25,control
1993.7721556907143,166.32629340611575,22.106383967449016,25,control
1993.7927575939825,85.31534825386325,24.71070690093306,25,control
1993.8138216347083,256.043441171079,22.10382134957967,25,control
1993.8349533671662,117.00719428131742,22.88029721124056,25,control
1993.8554891263134,93.54584947255289,22.10467646996838,25,control
1993.8758271011138,37.329451839587485,22.878717513959803,25,control
1993.8971558343235,-37.100150278827314,22.099431803819417,25,control
1993.9179888372253,35.97301204950292,22.1028993881452,25,control
1993.9386230464277,121.8329979458245,22.879661448234376,25,control
1993.9596565460536,57.060731143208834,22.103661386213297,25,control
1993.9804910802839,41.11243825824596,22.100405655744567,25,control
1994.001323320479,-22.753502732839557,22.100360285861242,25,control
1994.021859264493,157.4152375762481,22.880924003851636,25,control
1994.0429901678112,148.4576940079676,22.10653969429882,25,control
1994.0634284003602,91.06622855564157,22.87995537005199,25,control
1994.084657851234,8.71589353230523,22.10243685980294,25,control
1994.1054912647978,-32.69209847926276,22.103698305319178,25,control
1994.126919961611,210.7887575621788,22.881509272875135,25,control
1994.1471610933183,-3.8258002230174313,22.10226093481804,25,control
1994.167991659205,75.07743265948248,22.10424765883024,25,control
1994.1888242051878,58.657363778220436,22.102006287963686,25,control
1994.209857193671,129.1492803110603,22.881378330206665,25,control
1994.230491262256,162.51969389029338,22.105175121777044,25,control
1994.2515242050029,95.90398579101769,22.87885305239705,25,control
1994.2721582533193,62.61322025269122,22.10424260329524,25,control
1994.2930917982032,80.91701212599132,22.881153404427298,25,control
1994.313826154822,103.86214161166345,22.105353766372176,25,control
1994.333699071855,19.342910792236477,23.74524066681517,25,control
1994.3554929620836,46.59517766483676,22.10319664391777,25,control
1994.3763257365329,222.1313938261154,22.105201836609137,25,control
1994.3978544422062,111.23623299352616,22.881247226027867,25,control
1994.4179935373327,208.2341307249166,22.10625308779655,25,control
1994.4388260398493,190.19910711058606,22.1038287476702,25,control
1994.4596612940509,98.43282598264844,22.10463603594262,25,control
1994.480593936498,91.87101748302788,22.88111224639832,25,control
1994.5013276431796,-21.19501594176009,22.105577318766123,25,control
1994.522260274591,41.41307589034282,22.879170842830924,25,control
1994.5434912536264,-132.4099277549426,22.876738876261243,25,control
1994.5635311790807,-59.30923956389992,22.88084805308652,25,control
1994.5846621758383,-29.839177605062954,22.105967095320494,25,control
1994.6054985441676,64.75115619363429,22.103680716359904,25,control
1994.6263305771547,54.56089771241278,22.102091217839828,25,control
1994.6464680310153,187.44397930919936,22.883002426627023,25,control
1994.6679958505345,128.22195042577377,22.1059732041347,25,control
1994.6888297553298,248.44405018391885,22.107694074952924,25,control
1994.7096617958812,197.3557489613905,22.1034634011698,25,control
1994.7304961465488,86.83387995806716,22.103754302808504,25,control
1994.7513308947725,-37.274932284793394,22.884061763049818,25,control
1994.7721643268817,61.19536118783305,22.107187111210383,25,control
1994.7923037821597,-67.73477914128311,22.878187046813384,25,control
1994.8143252165853,-35.89219750517731,22.87912406109804,25,control
1994.8341677910091,76.37998358402841,22.884518720016583,25,control
1994.8554982634503,42.49968672651654,22.107381131764456,25,control
1994.8763325654377,109.96608000597507,22.1043474668234,25,control
1994.8971650897724,31.23164976023817,22.10294585954494,25,control
1994.9174042917068,89.02612915395477,22.87912856447895,25,control
1994.9388322012337,6.212033340612138,22.10454182698403,25,control
1994.959667880879,-30.128204408071927,22.10134969830011,25,control
1994.9804997019787,119.04422072447436,22.102204480657193,25,control
1995.0013320843207,114.66806524008574,22.103293462853067,25,control
1995.0227619454504,167.15293865465316,22.878354833238312,25,control
1995.0423049909448,167.1823071524422,22.88113732182496,25,control
1995.0645280397684,14.785273293358053,22.874527143902736,25,control
1995.0846666241368,73.32349066295694,22.101293258707866,25,control
1995.1055002633348,1.1404696351079031,22.877417926475434,25,control
1995.1263346341923,19.554805251963796,22.103783934283854,25,control
1995.1475652367888,175.24173401152277,22.876699252053438,25,control
1995.168002124631,102.01831009255383,22.098224438476297,25,control
1995.1887288389344,186.97698386261897,23.73964726959216,25,control
1995.2096693620936,90.82813634991223,22.10099072877732,25,control
1995.2307018207748,-24.07659256121134,22.87251210959766,25,control
1995.2504106752222,196.9799821005729,24.703943915038824,25,control
1995.2716730659806,132.93390864947173,22.87317352874229,25,control
1995.2930026684026,110.71075015882316,22.09868006015653,25,control
1995.3137385766056,171.96693546591862,22.870557362796607,25,control
1995.334669886056,253.77284557866355,22.096328447970908,25,control
1995.3548094169025,214.47897417583889,22.869657280814685,25,control
1995.3763373986717,267.8149999431699,22.096869026748205,25,control
1995.3971725991792,145.39242968900106,22.09312515219865,25,control
1995.418004535665,210.7513281961292,22.091977387658623,25,control
1995.43883646586,360.62825628959195,22.094606959537547,25,control
1995.4608474828606,356.36348188499056,23.733453485100874,25,control
1995.4805052742988,202.97962590952156,22.094473927868954,25,control
1995.5013386388216,287.37581829159166,22.09663043213933,25,control
1995.5227681689064,107.3706240218019,22.868124772804023,25,control
1995.543005917545,193.11630936944061,22.093232053422888,25,control
1995.56383852402,186.7978411892174,22.092616698480754,25,control
1995.5848720687104,321.2253901880447,22.870853343515385,25,control
1995.6055065414055,285.6556653319891,22.09699488980078,25,control
1995.623562783203,358.9172105202701,25.800907634781634,25,control
1996.9208047836253,-123.38797999525097,25.864109140169237,25,control
1996.9392572173451,72.66398219475974,22.93148575509319,25,control
1996.9596935353231,429.44059874222864,22.164702356932874,25,control
1996.980527179282,407.63372702122825,22.17047549452605,25,control
1997.0013619930944,510.9785379667532,22.177212706792456,25,control
1997.0221951727024,497.3852630194536,22.18220545298257,25,control
1997.0430283959201,473.9083795899192,22.188932673926303,25,control
1997.0638622711374,223.45748067310558,22.190325696843637,25,control
1997.0846960012611,272.1414808609575,22.196558849994645,25,control
1997.1055291274724,218.273400344733,22.202418860274996,25,control
1997.1263626333316,235.08252937022434,22.207045913610543,25,control
1997.1471973431999,335.169362097408,22.213564649755835,25,control
1997.1680308638158,330.1527649448149,22.214943798999094,25,control
1997.1888656099377,293.36348169871223,22.216446604294276,25,control
1997.2096984365185,271.0248776269425,22.217072222893588,25,control
1997.2305328380126,306.48204439620275,22.217475177444744,25,control
1997.2513669141586,176.6313770390627,22.215351321508297,25,control
1997.272199449362,139.39747428792987,22.212842908977226,25,control
1997.293033011874,165.33842994290177,22.212350220352405,25,control
1997.3138672267014,189.42936374151864,22.210674676775117,25,control
1997.334701024545,51.49199026310697,22.20695790699801,25,control
1997.355534215196,128.5157311986965,22.204124589854306,25,control
1997.3763677624502,169.73557093798152,22.204806172653836,25,control
1997.3972016420853,268.3260003114535,22.20531443716984,25,control
1997.4180358660149,323.77062373144275,22.206191772818993,25,control
1997.4388678473606,196.24972286647085,22.20555177901161,25,control
1997.4597019811183,195.64193598509968,22.206690499965433,25,control
1997.4805350276877,176.37433472149704,22.20896374287347,25,control
1997.5013691637264,72.87738926624043,22.21080786716369,25,control
1997.522203568374,7.47231888427037,22.212389628301082,25,control
1997.5430362020638,19.72060569870592,22.213876198437287,25,control
1997.5638702689268,28.519712009890952,22.218106354560444,25,control
1997.5847031543326,36.44412831087149,22.21925522459248,25,control
1997.6055386766811,-107.21004029648836,22.21794256639636,25,control
1997.6263704519968,-87.35397926407072,22.219638696020446,25,control
1997.6472055380316,-24.72339532980044,22.22031180422225,25,control
1997.668039272799,54.84067223908987,22.222753904636935,25,control
1997.6888724016999,-40.93180871089261,22.220137772466153,25,control
1997.709705747047,-54.275589048414716,22.22026684194101,25,control
1997.7305386946052,-31.174393924929202,22.22189027277602,25,control
1997.7513730895287,-45.857246945977444,22.22144347297923,25,control
1997.7722069089718,-115.58143988706517,22.220627300922736,25,control
1997.7930414064099,-84.21742063233668,22.220692146926663,25,control
1997.8138743297282,-131.81219044525056,22.22162504739062,25,control
1997.834707824359,-117.35271614563483,22.221195352703607,25,control
1997.8555419470545,-11.262087445175448,22.22207531992004,25,control
1997.876376093893,-83.56673819878397,22.21901918225941,25,control
1997.8972079338348,-101.06201567462112,22.21835817414686,25,control
1997.918042852071,13.845329509857251,22.22006275851234,25,control
1997.9388759645374,-42.06274254626595,22.217278778601614,25,control
1997.959710291092,-119.69277672172716,22.213917137333794,25,control
1997.9805438672931,-111.55190770189,22.214919016012285,25,control
1998.001377195314,-113.00948352262999,22.212686793333308,25,control
1998.0222110932289,-105.9559713711018,22.211563967241414,25,control
1998.0430452733783,-119.60323155368567,22.20932787232121,25,control
1998.0638778487526,-128.24768609983738,22.208132243343965,25,control
1998.0847112464007,-31.384528738137284,22.208723366911716,25,control
1998.1055463550301,-127.1662250993736,22.206663970391876,25,control
1998.126379360766,-24.372408315140195,22.20540975978932,25,control
1998.1472117856026,-112.99999241451596,22.204102375978806,25,control
1998.1680460930502,-18.087302669515296,22.204700054832536,25,control
1998.1888803835225,57.71602089507907,22.204292962922988,25,control
1998.2097140765438,-38.54472692988629,22.200907585415383,25,control
1998.2305472240905,-73.63066543971155,22.198140749969834,25,control
1998.2513805182612,-78.43830596530896,22.19641015660223,25,control
1998.272214781412,-14.015565746627422,22.19557077838877,25,control
1998.2930488044115,-0.01338575542232187,22.19248050710822,25,control
1998.3138821302007,-0.9370928971781287,22.186528023568886,25,control
1998.3347152484753,60.32507536497908,22.185233550728473,25,control
1998.3557475942898,35.031736933054425,22.96098384555092,25,control
1998.3763829679576,43.98556319307992,22.179110635727746,25,control
1998.397216127782,-18.481323529267026,22.17424568937967,25,control
1998.4180490735982,124.98514022782187,22.174968582047708,25,control
1998.438883027606,137.41899990269422,22.1752179378533,25,control
1998.4597173788095,148.75928401668054,22.173702422180654,25,control
1998.4810466377924,183.32191874607668,22.952475775724476,25,control
1998.5017817036405,13.646304606128853,22.95084209037483,25,control
1998.5222183607643,-96.47572242222434,22.173167662022795,25,control
1998.5430521634396,16.886157086708607,22.17577952682801,25,control
1998.5638854637066,-10.87495284675968,22.177327930929646,25,control
1998.5847187191027,-46.99687699567627,22.17772070083113,25,control
1998.6055523330815,-38.45571125883826,22.179797671715296,25,control
1998.6263852397494,-46.04723936043919,22.179742134728865,25,control
1998.6472191382297,183.55405598055023,22.181267435947298,25,control
1998.6680531253544,113.79577499037588,22.181550715880288,25,control
1998.6888866169095,125.01608609919565,22.181258877248588,25,control
1998.7097207193901,172.0801216442207,22.183090955577594,25,control
1998.73025751357,125.84534867417348,22.96046816135993,25,control
1998.7510926637406,113.47631821564558,22.959036122125653,25,control
1998.7722215305757,59.053783292617695,22.18283732107972,25,control
1998.7930556919773,80.16439834801307,22.18294199431071,25,control
1998.813889680739,13.505514244468001,22.183162618935967,25,control
1998.8349370681306,15.32429548873703,23.827786256688057,25,control
1998.8555560243135,18.92165416156378,22.180519316373243,25,control
1998.8763900566785,19.35967950263017,22.181388581063878,25,control
1998.897223898261,51.849650772418535,22.179869043152003,25,control
1998.9174627078016,106.87555567915909,22.955606685936683,25,control
1998.9393878592136,-20.34542922853728,22.957146448273033,25,control
1998.959724733125,59.991026341132084,22.177897711036405,25,control
1998.980560109321,-20.860332977059876,22.17610112387569,25,control
1999.0013930588532,6.188304425570058,22.173904527137278,25,control
1999.022225631432,124.50981670179651,22.17241842031286,25,control
1999.0430592119403,108.68184963988583,22.17398243118052,25,control
1999.063892925865,172.21338852697673,22.173946777338855,25,control
1999.0849250354875,120.9051934664943,22.951746214779234,25,control
1999.1059574543906,130.15127612104035,22.947745506770136,25,control
1999.1263942273358,-4.489200269707408,22.167487174379424,25,control
1999.1472274532996,105.26144747259454,22.172091954035896,25,control
1999.1680615479636,135.60781045111366,22.948116637746892,25,control
1999.188598063155,126.89801953150202,22.946676087875247,25,control
1999.2097287125862,138.74235014115584,22.168499247590173,25,control
1999.2305621446033,96.86950620810737,22.166974109984707,25,control
1999.2513962086568,98.0827093481003,22.16446594526258,25,control
1999.272230989217,59.264886827998154,22.16213000885229,25,control
1999.2923708941971,173.61048135646618,24.776117458147496,25,control
1999.3138971422889,132.79685986363592,22.160205450421813,25,control
1999.3347302728005,65.47273607947314,22.15732223560488,25,control
1999.3555652815749,72.03709069791125,22.15328234832817,25,control
1999.376397996,40.155552747013274,22.149971114395605,25,control
1999.3972313205827,-28.802339528058916,22.148630476650553,25,control
1999.4180647324067,-10.694107119699321,22.14831262040642,25,control
1999.4393948388415,26.260233026454838,22.92555356282119,25,control
1999.459931713574,-36.01823140029955,22.92201478200676,25,control
1999.4808633611965,30.710598146835096,22.923667888314753,25,control
1999.5013992141992,110.83132365758038,22.145708318083273,25,control
1999.5225306782047,72.22989921984885,22.925810868223408,25,control
1999.5430680196785,-22.40891496793261,22.92322466605212,25,control
1999.5639007332952,-29.175574563509908,22.14744520671915,25,control
1999.5847341960825,-117.46565873204533,22.147875733981284,25,control
1999.6055682255342,-59.96365665348004,22.149517374755295,25,control
1999.6264009063932,-28.25499762277137,22.149717038308626,25,control
1999.647235338287,-32.51309508565382,22.15030309657248,25,control
1999.6680693118535,67.24706121694662,22.15299105530285,25,control
1999.6885051760878,-19.419339672479083,22.928032029192355,25,control
1999.7094392825447,42.67610865779782,22.92949064305047,25,control
1999.7305703183915,-92.28866251887506,22.148488829348786,25,control
1999.7514032986455,-36.24599181569396,22.15218396727666,25,control
1999.772237613315,-68.92545240389967,22.151451811228554,25,control
1999.7930711495935,-57.58715954601666,22.151423457590788,25,control
1999.813904555719,-100.11377154469984,22.149138739397202,25,control
1999.8347381782303,-58.07549353106168,22.14924956715865,25,control
1999.85557251093,-176.26674098561708,22.15207590669976,25,control
1999.8770011925697,-96.31442721951076,22.929636898200332,25,control
1999.8978347659329,-83.59406339342901,22.926703334781013,25,control
1999.918073797791,-126.77200668286687,22.148072130467902,25,control
1999.9389062419648,-59.864749921653086,22.15061878693565,25,control
1999.9601374373733,-13.283496789367314,22.927144835533067,25,control
1999.9805738175337,-147.25279634992535,22.924566592697808,25,control
2000.0014077688106,-67.10492262093312,22.1476265968311,25,control
2000.022240243935,-61.74344363448669,22.148205229755934,25,control
2000.0425403812872,-47.94001505136706,23.789455321108022,25,control
2000.0638101329687,-125.4660741041694,22.923938123292114,25,control
2000.0847418319406,-151.60491720315406,22.145279122420316,25,control
2000.1055752112559,-105.83273013919194,22.145988960507335,25,control
2000.1264094252203,-60.152728102778404,22.14565927054681,25,control
2000.1472426504222,-135.52657879720843,22.14308779662326,25,control
2000.1680763030283,-54.56953322528205,22.141684005109827,25,control
2000.188910560117,-28.506268072107066,22.146794907123365,25,control
2000.209744347749,-26.985389148837342,22.143154241565423,25,control
2000.2311729129874,-61.70174353872399,22.920566796614672,25,control
2000.252107205207,-87.89707558565911,22.917280038718474,25,control
2000.2722460184607,-112.37403076757109,22.142074119285,25,control
2000.2923837770968,-180.28353248765856,22.91730336766501,25,control
2000.313913460999,-182.70807148519995,22.14172867515536,25,control
2000.3349458802697,-176.60468371077909,22.911814455935584,25,control
2000.3555802046706,-145.6822092423234,22.13659096518049,25,control
2000.3764136069212,-155.75867458127766,22.13733132864976,25,control
2000.39704849619,-169.009746041374,22.91482507799776,25,control
2000.4183787256663,-160.363155682504,22.91250184492771,25,control
2000.4389147145275,-144.6846037257353,22.13380379652796,25,control
2000.459748162012,-143.97499062612889,22.134141105611143,25,control
2000.4806812524184,-111.3722551306798,22.91072906445303,25,control
2000.5013163020956,-135.14663959212075,22.91126730028272,25,control
2000.5222492923676,-73.04848325621984,22.13383432660582,25,control
2000.5430819471442,-91.17830590747755,22.136339730066034,25,control
2000.5639154945513,-199.75736328730682,22.13492028391267,25,control
2000.584749453037,-154.56167796993645,22.134923854331014,25,control
2000.6055840939375,-180.05618256230326,22.135257675053143,25,control
2000.6264169324418,-60.18799951307432,22.136344447328703,25,control
2000.647152255227,-191.78849999472754,22.913569176806682,25,control
2000.667490035428,-104.37228402783897,22.913931528332334,25,control
2000.689612415113,-12.75296477003628,22.912872769685066,25,control
2000.7097521635692,-114.36448450586855,22.135957509095977,25,control
2000.7299905496168,-112.17829472596794,22.9140694545725,25,control
2000.7514205663851,-214.3950273720105,22.135877980837467,25,control
2000.7722519082138,-232.52370527196894,22.133253384645833,25,control
2000.7930861263071,-328.9575700812967,22.134414532728446,25,control
2000.8139210655938,-231.47454879299704,22.136653095514657,25,control
2000.8352494603116,-209.93452885874913,22.913674166596387,25,control
2000.8556959374564,-130.84251936422783,23.77569420950601,25,control
2000.8764211383611,-124.05772910225122,22.136385160041026,25,control
2000.897255252981,-69.5423388008516,22.138367733916677,25,control
2000.9180905983462,-130.11910599231447,22.137172735873428,25,control
2000.9388243772019,-92.60001309918836,22.913304488944814,25,control
2000.9597558762184,-112.32736709239276,22.13535672159753,25,control
2000.9805895207785,-171.5019552664002,22.133081599617498,25,control
2001.0017217751736,-57.110371307516644,22.914291944323644,25,control
2001.0222585586282,-166.0152351118999,22.13318168498352,25,control
2001.0430915031332,-175.52711773547492,22.13244059461741,25,control
2001.063925035528,-8.707631877132323,22.1347181583056,25,control
2001.084857217252,5.096078774941148,22.91311937771361,25,control
2001.1055929561405,-113.59243095866819,22.131706612123935,25,control
2001.126425674997,-95.94965774202892,22.132581526743323,25,control
2001.146663869043,-211.16229207277436,22.910651094718624,25,control
2001.167499208023,-267.0348313458068,22.909414013706332,25,control
2001.1889276098589,-192.45429217662348,22.133602012080534,25,control
2001.2097597142522,-174.07296279079165,22.130679645793773,25,control
2001.2305947261264,-228.72519867078887,22.13293208092781,25,control
2001.251426798453,-33.86048598192505,22.133393863349006,25,control
2001.2727575442293,-74.12087728346984,22.90858292190769,25,control
2001.2934167015048,-239.10548980453748,23.773318835888862,25,control
2001.3139280018916,-99.36310424527335,22.129721620341982,25,control
2001.334761707947,-109.20277855554465,22.13151975814485,25,control
2001.3555966955246,20.141396441928098,22.13217155133708,25,control
2001.3769268162075,-78.7213007560405,22.907307557171535,25,control
2001.397860078174,-186.5652668348937,22.902608060286575,25,control
2001.4180964620296,-36.223626435141554,22.12964040319323,25,control
2001.438929926021,-89.8251729845319,22.12785162773784,25,control
2001.4603614069902,-178.84514441080955,22.905475746275197,25,control
2001.480400920402,-111.87384678361016,22.906615690712513,25,control
2001.5014327383553,-86.8802163216271,22.126890214266453,25,control
2001.5222654729707,-129.5877231589525,22.12826126075818,25,control
2001.543595832866,-101.37571107031516,22.906645251303768,25,control
2001.5638352279273,-58.37368552398309,22.905842809076617,25,control
2001.5847663229881,88.23286193771627,22.12892731802757,25,control
2001.6056002173098,32.70914446722463,22.13057219009062,25,control
2001.626533769586,-1.4377056274785738,22.9080424572653,25,control
2001.646772163604,12.987898844474245,22.90804975316694,25,control
2001.668101866897,17.11392160865035,22.131826196938995,25,control
2001.6889349309126,72.84648285312834,22.129651363431663,25,control
2001.7098679726175,51.57679523063049,22.90847874545618,25,control
2001.7302063098393,-31.821860127247675,22.908304316350517,25,control
2001.7514365893044,134.60223235223376,22.131963133345504,25,control
2001.772269615318,65.32982415146422,22.13014815411831,25,control
2001.7929052943814,224.98906657307847,22.91014646834349,25,control
2001.813937765686,119.72096641956698,22.133519619831727,25,control
2001.8347696303622,12.484197201113968,22.13065088283128,25,control
2001.8556053305915,-155.31098251707596,22.129259657335076,25,control
2001.8761414119804,-109.43863515220467,22.90821095856161,25,control
2001.8972726231034,-129.13495232707658,22.131016335150264,25,control
2001.9186020595032,-34.46240916340288,22.90841928816159,25,control
2001.9389405995364,-155.65460975991147,22.129246593401753,25,control
2001.959178827931,-148.59709750865667,22.908165898161457,25,control
2001.9806077863066,-170.03010238895416,22.12953498777652,25,control
2002.0014397416724,-64.08352253414763,22.128268482742413,25,control
2002.0222739882872,-20.024035787981816,22.12959950399819,25,control
2002.0431084739762,-87.15388914535922,22.13002527280953,25,control
2002.0644382634266,-66.25913920641572,22.906852597324278,25,control
2002.0845774232698,8.814803922687574,22.906411483294157,25,control
2002.1056090246702,-132.141230829079,22.128038467194685,25,control
2002.1264426649286,-31.040237799548702,22.129625406749863,25,control
2002.1472772002012,4.716069474464652,22.1311919708351,25,control
2002.1681109137335,75.98666007872887,22.1304544758689,25,control
2002.1889424265605,24.600785035674335,22.128044766241192,25,control
2002.209777491089,-80.95084780077292,22.12845459814808,25,control
2002.2299170790277,-124.53553658078096,22.905429754040036,25,control
2002.2514461670507,-140.44703835304557,22.130505057568143,25,control
2002.272279542342,-192.26815701221798,22.124054080963738,25,control
2002.2931130837853,14.126191278859892,22.126562756384615,25,control
2002.3139466255616,-51.94075035937986,22.12911902515685,25,control
2002.3346817087895,-62.210068959440875,22.904767628464725,25,control
2002.355315626644,-76.99185274192777,22.90301738994757,25,control
2002.3764477927668,-46.845608558005836,22.127409410410866,25,control
2002.3972806799807,-37.70688649418857,22.12455614862118,25,control
2002.4180165923367,-231.8595091706342,22.90305516782316,25,control
2002.4389510642131,-106.98927348416754,22.123558749741182,25,control
2002.4597834614606,-268.42255864746295,22.123773093944518,25,control
2002.4806155453246,-233.75243055138836,22.125548123586423,25,control
2002.5017477159186,-54.516014209566315,22.900488263585792,25,control
2002.5202009365235,-89.82710912535194,24.737910100849383,25,control
2002.5431175218075,-39.186942102189164,22.12460331906114,25,control
2002.5639503890184,-43.944123152734875,22.126094871452583,25,control
2002.5847834137553,42.05794685821896,22.128083867218372,25,control
2002.605618232314,-69.61062563684622,22.126032395965282,25,control
2002.6264511950399,0.30505124908461534,22.124556411206665,25,control
2002.6462150067075,53.481130816017654,23.769109033305593,25,control
2002.6681192931205,-28.441834363504018,22.126468929732457,25,control
2002.6889527949556,-59.78097098961148,22.128621203331015,25,control
2002.7097878666932,-77.55932174486541,22.126712194280596,25,control
2002.7304223671954,29.903044450561673,22.904147186755083,25,control
2002.751652124338,-41.39042839673129,22.904072619123795,25,control
2002.7722870506498,-46.352399316591665,22.128197353182298,25,control
2002.7931217721416,-118.58641282792027,22.129032866893258,25,control
2002.8139558001626,-173.7426935939178,22.902437571155478,25,control
2002.8344921794971,-185.4478100061607,22.902672850903983,25,control
2002.8556222183772,-71.79180356160828,22.128782463816442,25,control
2002.876456830671,-14.202567799092348,22.130825804136713,25,control
2002.8972913872478,-64.11384757287793,22.126260710171614,25,control
2002.9183379495676,-15.451370805767,23.769061220335516,25,control
2002.938957491184,-85.88100231256763,22.1277055441537,25,control
2002.9597931486626,-7.061613870962535,22.128960240748455,25,control
2002.9805265206007,9.22588564401423,22.904552021170833,25,control
2003.0007635065508,57.9252647693281,22.904472347943933,25,control
2003.0222929853696,-62.754644223395225,22.128495615804955,25,control
2003.0431263190235,26.11965718312638,22.12779991338132,25,control
2003.063960211262,95.3160293193696,22.127340968674684,25,control
2003.0853911915558,27.119520171046773,22.903283889324168,25,control
2003.10542836681,-9.460864140763903,22.905053525065963,25,control
2003.1264614891165,11.930375780448152,22.128213253788623,25,control
2003.1472949363047,91.02076888029552,22.128207214255948,25,control
2003.168525959615,166.91400366874467,22.905410296154002,25,control
2003.1886648695584,138.14061846962787,22.902906763179352,25,control
2003.2085789634887,195.63845987699878,30.299906769973052,25,control
2003.230333391356,345.4176250772336,22.906426457486816,25,control
2003.2514634387749,344.1833222847149,22.128488514265786,25,control
2003.2722972419842,372.9405684372818,22.129638156766543,25,control
2003.2931304348417,438.01870724492636,22.12901269039489,25,control
2003.313963962718,325.4914564486075,22.125858204824226,25,control
2003.3347977689673,409.40787887894487,22.128461284260133,25,control
2003.355632107113,466.61699957322554,22.128642391279584,25,control
2003.3764662575502,519.7096976141427,22.1268599190746,25,control
2003.397300013095,387.54779562338524,22.12659377927952,25,control
2003.4181331408247,449.68739177284994,22.12706850441461,25,control
2003.438966664399,561.9316479518039,22.127605321379512,25,control
2003.4598001594927,666.3143950019145,22.127940337659066,25,control
2003.480635240991,535.7253912082142,22.126060843013956,25,control
2003.5014690988976,543.109257795151,22.1262406605785,25,control
2003.522302012526,547.4287001497894,22.1272955657369,25,control
2003.5431361848193,486.6336840130219,22.127419698797244,25,control
2003.563969862816,550.3929223498237,22.128533280035974,25,control
2003.584803361501,535.1023918267194,22.126675280602324,25,control
2003.6056378274072,464.57723704113033,22.126858778208312,25,control
2003.6264714612792,456.2580402443703,22.129201970009483,25,control
2003.6473046849178,434.2939142099028,22.127843366379597,25,control
2003.6681374325524,410.3955586728838,22.1281414446515,25,control
2003.6889717091653,425.7596806181238,22.129032418467457,25,control
2003.709805283246,434.72027984886614,22.127867716987218,25,control
2003.7306403657253,474.6404425557334,22.127568169983874,25,control
2003.7514725505548,495.8091658570443,22.127347482132226,25,control
2003.7723070810273,453.20657438927003,22.128455251433746,25,control
2003.7931409736202,475.0901729274332,22.129386910767437,25,control
2003.8139749508466,495.41188302540945,22.12842137501536,25,control
2003.8348080342757,493.0418622716867,22.129282435580432,25,control
2003.8556413026947,432.6491550763516,22.128353808446274,25,control
2003.8764753910714,400.8235386397801,22.129545648656368,25,control
2003.8973090720403,379.21329299036097,22.129876237632384,25,control
2003.9181432504674,267.93072083092557,22.127840783149892,25,control
2003.9389768908686,419.444780251259,22.12854692106502,25,control
2003.9598109985534,294.828344002577,22.128379711890016,25,control
2003.9806446383368,331.8291906731526,22.129123348925155,25,control
2004.0014787432915,387.925915456735,22.12893616513789,25,control
2004.022311135024,400.46310052616394,22.127205685691987,25,control
2004.0431452537653,400.15776820368757,22.127919368958405,25,control
2004.0639786984057,320.47241393917614,22.12965000164708,25,control
2004.0848120817122,318.28754544512645,22.126239463692077,25,control
2004.1056450955307,466.8333892697325,22.12684130469547,25,control
2004.126480253685,289.95243416954384,22.126273701253332,25,control
2004.1473146835226,341.20169452967264,22.127107051493226,25,control
2004.1681479368006,289.74814813953265,22.127610991630707,25,control
2004.1889812853901,229.0758489788518,22.12506730308408,25,control
2004.209815125785,238.90762594855607,22.125687614934428,25,control
2004.2306489899186,432.6944928016352,22.129566861524086,25,control
2004.2514828373935,250.5387816881484,22.128908334497392,25,control
2004.2723166517478,238.08380440183367,22.12508760932857,25,control
2004.2931508378072,219.93823459783204,22.126464156602875,25,control
2004.3139841541686,250.90601078747753,22.12696484099151,25,control
2004.3348182144075,303.6204166315368,22.127039575585403,25,control
2004.355651647544,226.6765450419489,22.125148617659864,25,control
2004.3764849714555,250.0820142910001,22.12543926394696,25,control
2004.3973192217964,168.46699183517515,22.125644700250092,25,control
2004.4181540582904,239.17501374932397,22.124928827011143,25,control
2004.4389867209045,81.37257144540362,22.123134582026214,25,control
2004.4598197341525,142.29657113454587,22.12319101856597,25,control
2004.4806537273173,82.7366455027839,22.123288304759626,25,control
2004.5014880765993,56.18272064219682,22.124230437299403,25,control
2004.5223217026348,185.43450286589012,22.12383494097092,25,control
2004.543155636666,62.329561652622345,22.121954832492552,25,control
2004.5639892246386,80.23212827743028,22.124291050471673,25,control
2004.5848231104437,146.27607775459137,22.125477534813772,25,control
2004.6056565459862,126.54174497932381,22.124096350714908,25,control
2004.6264903148854,46.70790889459367,22.122942174021105,25,control
2004.6473242745235,58.85442989609533,22.122796764936837,25,control
2004.6681586973687,77.90139815295248,22.126770010402126,25,control
2004.6889911594217,109.21007761620712,22.125783463187695,25,control
2004.7098252113085,37.70294507963237,22.12330390978193,25,control
2004.7306593088645,69.91821873663018,22.124359016358348,25,control
2004.751493212581,12.041253253755015,22.126322759555848,25,control
2004.7723261262458,2.1370216826262234,22.12546200776718,25,control
2004.793161126961,23.143068245081736,22.12405432545902,25,control
2004.8139936228727,-19.607271345415022,22.123482930779446,25,control
2004.834826496675,66.25003120548757,22.12698369757912,25,control
2004.8556614506301,33.515799659586484,22.125838140152563,25,control
2004.876496053267,16.806842396301263,22.124470563472745,25,control
2004.897329333644,-48.404890799879645,22.12466544250132,25,control
2004.9181630844446,-99.71539244947687,22.124939939912363,25,control
2004.9389966783885,-67.71394783933928,22.126249836510013,25,control
2004.9598305964375,-94.51388757589257,22.12322511688135,25,control
2004.9806646563768,-7.855950621334965,22.1251154568989,25,control
2005.001497559675,-40.11510835886668,22.124886782471208,25,control
2005.022332111168,-62.26691663762714,22.124694416039432,25,control
2005.0431663529712,57.28885998810754,22.124582191279124,25,control
2005.0639994837297,42.02151072486627,22.124097348006867,25,control
2005.0848331428772,-48.464513809563385,22.12433632959238,25,control
2005.1056668778836,-42.365003924039314,22.124445815619694,25,control
2005.1265006146898,-54.456036102536636,22.12257461364044,25,control
2005.1473342789225,-262.57035993375735,22.12291914806332,25,control
2005.16816720831,-198.1390894795536,22.123100228191934,25,control
2005.1890013224995,-219.32936663306376,22.124329983777155,25,control
2005.2098360301861,-130.73431279779325,22.12380800985025,25,control
2005.23066989851,-221.37165503181743,22.122788518202228,25,control
2005.2515032398007,-222.08861172870215,22.122594474748574,25,control
2005.2723370541883,-71.9142869328363,22.124897248796103,25,control
2005.2931707657808,-123.45527465832143,22.124315449697622,25,control
2005.3140043531998,-58.96664792377933,22.1235340518847,25,control
2005.3348377879202,-67.25567909359263,22.123397593369454,25,control
2005.355671899813,-99.69548914818115,22.122828869472837,25,control
2005.376505659772,-131.93403156083897,22.124160383509505,25,control
2005.3973402337615,-137.3635330819586,22.122757306547516,25,control
2005.4181731518395,-134.61093844413793,22.120796424025013,25,control
2005.4390064093263,-308.6980630890235,22.121628992029038,25,control
2005.459839693784,-270.9633007944263,22.121964254365377,25,control
2005.4806751646595,-246.47939510223839,22.12045488597933,25,control
2005.5015078708154,-311.5502061164989,22.119958717856978,25,control
2005.522341468381,-312.35706480816015,22.120904565747647,25,control
2005.5431767460855,-315.277294517154,22.12066173864747,25,control
2005.5640092280232,-254.6189283498704,22.12186436886123,25,control
2005.5848434939196,-247.52030988547463,22.119877458680335,25,control
2005.6056777480817,-280.9828665626232,22.122175094791583,25,control
2005.6265116101595,-404.9390114455703,22.12144462583493,25,control
2005.6473448853055,-366.35009914972255,22.121965172525,25,control
2005.6681782499759,-215.83088424735985,22.12214196809653,25,control
2005.6890123413289,-293.9127244791573,22.12211918915599,25,control
2005.7098458499272,-292.94866821877025,22.124111187760104,25,control
2005.7306799470828,-320.43335114892255,22.12415730554778,25,control
2005.7515145217735,-338.70420378611306,22.123163328747342,25,control
2005.772347028779,-215.65312906204582,22.12459443439986,25,control
2005.793180655739,-342.87357249845815,22.123516712006086,25,control
2005.8140152357084,-475.1737879216652,22.12454563419415,25,control
2005.8348486039429,-390.29508726173594,22.122945487546602,25,control
2005.855681617189,-338.505422162313,22.12180083900874,25,control
2005.876517004942,-365.41517546026716,22.12393977615711,25,control
2005.8973509279344,-322.8230680788851,22.12567614882075,25,control
2005.918184744408,-338.8208504657849,22.125085651597853,25,control
2005.939017413524,-340.52647097734143,22.123882741494008,25,control
2005.9598508088593,-347.6637568699682,22.124689639079268,25,control
2005.98068499861,-255.65265572694364,22.12540862770086,25,control
2006.0015199345578,-255.3333518760749,22.12573155475179,25,control
2006.0223523087589,-406.70227511465015,22.122022191793263,25,control
2006.0431873923792,-307.8978428945069,22.124504780741994,25,control
2006.0640206208532,-276.7658182399261,22.12458604951165,25,control
2006.0848539686215,-382.74732384655135,22.124076910659156,25,control
2006.105687588658,-181.5148346595281,22.12373405675636,25,control
2006.1265219503491,-363.2360298648086,22.12260397678323,25,control
2006.1473553390529,-330.14123725022307,22.12460402062515,25,control
2006.1681889250276,-374.0585507211709,22.12319606015381,25,control
2006.1890235545893,-311.2643786676079,22.122504629189283,25,control
2006.2098567435548,-255.76983565689378,22.125100887426484,25,control
2006.2306907340092,-196.9463485990792,22.126635470108543,25,control
2006.25152421681,-372.1277225194409,22.12370524186445,25,control
2006.2723589466261,-370.3608975813229,22.124591906821152,25,control
2006.2931921663708,-334.08117774724445,22.123993060257117,25,control
2006.3140256626507,-389.09045220130895,22.124971279076075,25,control
2006.3338973965385,-426.8180975654912,23.768052956626196,25,control
2006.3552967547112,-365.8256178388444,22.900600839661,25,control
2006.37652713162,-447.3248018988592,22.122902234331693,25,control
2006.397360751229,-462.0890994312861,22.12404864659159,25,control
2006.418193896095,-411.30658842573246,22.12408551530055,25,control
2006.4390287284123,-396.43024315564634,22.123293550171475,25,control
2006.4598622752087,-265.48227668978245,22.12302169389485,25,control
2006.4806958421264,-278.6389697847612,22.124023931559307,25,control
2006.5015304106898,-267.43831152809304,22.124991869000688,25,control
2006.5223641801313,-332.516625766258,22.124081524504994,25,control
2006.5431971320575,-266.4923736211801,22.12258511416816,25,control
2006.5640304970696,-246.75275041217822,22.124194376081206,25,control
2006.5848643748202,-337.54650642352397,22.12591222882806,25,control
2006.605699370351,-280.0447514457029,22.125976120220432,25,control
2006.6265324683068,-270.94576795949615,22.12504175853147,25,control
2006.6473659152011,-370.4329175478634,22.125765109403062,25,control
2006.6682000730923,-363.762370951789,22.126629561017683,25,control
2006.689033595476,-334.1191635512926,22.127290456245966,25,control
2006.7098679944406,-297.689851612567,22.127026420225445,25,control
2006.730701618648,-196.48326017455474,22.129207190654583,25,control
2006.7515359208132,-239.14240957465813,22.129590621713852,25,control
2006.7723693085998,-289.6223056691626,22.129830650906925,25,control
2006.7932043696012,-303.9564973637081,22.127179252872924,25,control
2006.8140365615373,-240.42702283171965,22.12899318176185,25,control
2006.8348707584983,-269.43664836731386,22.13112319189125,25,control
2006.8556044514012,-307.7353075214791,22.907481894955506,25,control
2006.876340964144,-425.5667710165302,22.904842164035134,25,control
2006.8973717172641,-243.0792642190938,22.130635005385333,25,control
2006.9182053728093,-267.23662548767527,22.130147872869195,25,control
2006.9389406333214,-259.526507929468,22.90709208295426,25,control
2006.9594773915276,-157.36132219951514,22.90946695380836,25,control
2006.9807074155044,-292.57961314773496,22.129639219620824,25,control
2007.0015402318033,-230.41170537237957,22.132904291528806,25,control
2007.0223755588727,-141.5641509394707,22.13205277313362,25,control
2007.0435304186378,-298.80068964270066,23.772088291383174,25,control
2007.064044104626,-167.9428498502589,22.131248473095887,25,control
2007.0848760877093,-261.1086849626903,22.13162198276726,25,control
2007.105710013632,-253.0000269663403,22.13065616029835,25,control
2007.1268656151174,-230.6440085333974,23.770579438227887,25,control
2007.1473782455364,-221.96310711662466,22.129104441039495,25,control
2007.1682104424983,-220.49373246815478,22.130667735495802,25,control
2007.1890451123672,-105.8778044623773,22.13206511276471,25,control
2007.2098790490488,-79.99293082724533,22.130746448902713,25,control
2007.2307124056242,4.516373733012322,22.130891304286756,25,control
2007.2515469981422,67.0496012985157,22.13385873839934,25,control
2007.272380842958,17.257221454749473,22.133492863973473,25,control
2007.2932158533756,-24.813238344812458,22.133224818258086,25,control
2007.3140479891524,-76.6663786389168,22.1330683065953,25,control
2007.3355756063065,44.25638971177575,22.912688160384747,25,control
2007.3557151439709,-84.9407656996619,22.13303859528038,25,control
2007.3765487802768,-65.60777764442425,22.133179765063883,25,control
2007.3973832932757,-61.355152823592995,22.13216407843287,25,control
2007.4182169930498,20.267924430404,22.133575626055546,25,control
2007.4390508529784,42.11426756891811,22.1335046819591,25,control
2007.4601824825584,-47.78309227018383,22.909569095798883,25,control
2007.4813133020748,15.412016791199651,22.90954547408629,25,control
2007.501553026226,3.041714741453677,22.13194806660251,25,control
2007.522385920908,-102.2883821382584,22.131546585765584,25,control
2007.5434184709882,-50.21960519706646,22.9105686437779,25,control
2007.5642524305026,-50.55968729350805,22.907781253144737,25,control
2007.5848870828654,-59.929144350995365,22.13209902361597,25,control
2007.6057214821492,-91.66881540475971,22.13327946251973,25,control
2007.6266540842357,-27.133436471515655,22.910445863367546,25,control
2007.6481370850868,0.026786086062239953,23.775438469160132,25,control
2007.6682222679717,-23.07490094209143,22.133724296472796,25,control
2007.6890567414466,81.82066243189816,22.137760817432518,25,control
2007.7098909498566,61.32474841887837,22.13814720918661,25,control
2007.7307246859011,29.470849571225834,22.136196522640045,25,control
2007.7515582664525,-62.4432830747867,22.137589115230917,25,control
2007.7723914738253,53.41757870388864,22.14017102541084,25,control
2007.7931178854355,-51.22769449597816,23.781243528906455,25,control
2007.814059961191,-29.652007203059412,22.13593989329607,25,control
2007.8348930602576,-65.72974991995227,22.13816654782466,25,control
2007.8557278975302,-65.3681133534023,22.137569757202705,25,control
2007.8758666095598,-132.59030180788187,22.916475793320895,25,control
2007.8973970822622,-56.56668730839378,22.13823077214439,25,control
2007.918228541211,-21.99552087641666,22.138483126875066,25,control
2007.939060928638,34.469475405648865,22.138413602746517,25,control
2007.959300943641,0.676843924765846,22.915860891370265,25,control
2007.9807324273454,172.18393478306905,22.137605580153675,25,control
2008.0015635075983,86.85104923343843,22.138008362138944,25,control
2008.0223975781842,33.034512123392474,22.139303293328474,25,control
2008.0432320812438,-14.939111076462469,22.138582514957644,25,control
2008.063470978935,53.75642495486108,22.917381648847698,25,control
2008.0848996903367,150.5868704035939,22.13760290519629,25,control
2008.1057324313674,136.70297200833835,22.138611525771,25,control
2008.1269641586478,130.06881421159503,22.913648225386414,25,control
2008.1474010832721,192.38365584254583,22.13785919025948,25,control
2008.1682341057285,263.1660469509093,22.13644531061384,25,control
2008.18906893581,126.70766231976525,22.13635283494328,25,control
2008.2099027903607,142.58500826928895,22.13754364227836,25,control
2008.2307364299581,164.44147383645029,22.13819571925682,25,control
2008.2515719300554,57.959753853474254,22.134282241040943,25,control
2008.2735798828712,-70.21198121212912,23.774491304549176,25,control
2008.2934359977355,1.9683548696217135,22.91388191605897,25,control
2008.314072155504,-11.978052649799826,22.138055917428446,25,control
2008.3349067705394,61.459103230062745,22.13614968387963,25,control
2008.3557380243772,199.22311484843303,22.133890339567888,25,control
2008.3771687334195,152.89958992888327,22.91480990975905,25,control
2008.3974072569738,98.90354223387938,22.136302242723776,25,control
2008.4182411449049,187.8521082257579,22.136179306183557,25,control
2008.4390737530764,103.11428177353258,22.129598893042584,25,control
2008.460207035829,80.11994693211787,22.910057207938106,25,control
2008.4807429632729,166.71119683331239,22.134434103952813,25,control
2008.50108154224,139.03305508921034,22.9085289007713,25,control
2008.5223106066292,188.1540210849533,22.906855034369283,25,control
2008.5434427113169,341.93739390576764,22.909871328532574,25,control
2008.5640780200144,204.46801767877471,22.131896961361818,25,control
2008.5849126369671,202.62021985925153,22.131058652969298,25,control
2008.6064401237643,269.7722924041782,22.90393620114398,25,control
2008.6272745611675,195.38648612523826,22.905365164642244,25,control
2008.6474144872554,233.15116741713385,22.12680986612869,25,control
2008.6672875885763,102.30906856816712,23.76743385802429,25,control
2008.6890811853011,100.86402933101228,22.124245828605396,25,control
2008.7099148874684,195.60993889140738,22.899102996059618,25,control
2008.7307492723369,192.6275272411301,22.123699247569803,25,control
2008.7510870305732,173.2563643866865,22.898684599848306,25,control
2008.7724176038853,185.66300449989174,22.120014073019107,25,control
2008.7928547556303,245.1340989447162,22.89765588299401,25,control
2008.8140844753093,208.5650802608152,22.121786271351958,25,control
2008.83432438989,123.95107340082687,22.896910525708588,25,control
2008.8557525489748,300.5022786375573,22.11970412247668,25,control
2008.8761899543651,176.0585418826853,22.897614564039195,25,control
2008.897420360819,203.25896511147363,22.12072315956651,25,control
2008.9176584827896,187.77755643258925,22.89710605199154,25,control
2008.9390884291493,165.59103000355475,22.119280347165517,25,control
2008.9593260334361,300.60669752113273,22.89907992363853,25,control
2008.9807548900656,182.66953686573095,22.122008832209083,25,control
2008.999622413882,88.07462940529652,24.73204497093204,25,control
2009.022424900925,45.01702217809932,22.118347866712586,25,control
2009.042760134765,148.32036299823312,22.897758041590148,25,control
2009.0640908482885,28.70712251265819,22.120794587626634,25,control
2009.0849252947307,141.60566494706057,22.122341626222067,25,control
2009.1057571628273,83.06190677122635,22.11807499598312,25,control
2009.1260964304363,96.73238411395283,22.898347373940762,25,control
2009.1474260453997,273.8742890154073,22.123589085549654,25,control
2009.168261089335,317.1031683495172,22.124240558677712,25,control
2009.1890949757371,283.2738510147314,22.12153139464005,25,control
2009.2102494223293,416.48325336891327,23.763561098673932,25,control
2009.2307629024049,303.34039007084687,22.123276502914727,25,control
2009.251794780002,267.3101848695359,22.90044700442711,25,control
2009.2724307260194,336.8602112044942,22.125134748832934,25,control
2009.292571038031,214.107103867246,22.901207367094656,25,control
3610.5686656322214,-611.9098322315217,22.100466716290825,85,test
3610.5894989833696,-562.503608790719,22.098663659550663,85,test
3610.6103326701955,-506.55739906062337,22.098190376355692,85,test
3610.631166792613,-522.0867910737319,22.09573412217633,85,test
3610.6520008042867,-596.8033328638389,22.092760485865288,85,test
3610.6728342158776,-515.3675205637646,22.092357121080877,85,test
3610.693667641399,-495.1343680936461,22.09103575021016,85,test
3610.7145014446755,-374.8094909393963,22.088943663348548,85,test
3610.735335595441,-327.35265421871475,22.08566421654637,85,test
3610.7561673538503,-342.48332710278527,22.08618695560232,85,test
3610.777002790871,-331.9157311062268,22.083997328046785,85,test
3610.7978356810318,-273.0591394414651,22.084154387616874,85,test
3610.818670136171,-334.5215182897764,22.08233644284573,85,test
3610.8395027422744,-288.7189383594103,22.082026257759306,85,test
3610.8603371381564,-285.5197165534846,22.082298692490426,85,test
3610.8811700153583,-294.4904442471237,22.08320857869183,85,test
3610.902002967347,-124.9673105310885,22.091896269074322,85,test
3610.9228353194057,-129.26316872064683,22.098510972284593,85,test
3610.943669230806,-55.39421110687069,22.113325012808357,85,test
3610.96450259725,-66.59267637953097,22.12554374933296,85,test
3610.9853372297744,99.76435523937349,22.140115054537976,85,test
3611.0061704482155,28.16818888169322,22.147193028911722,85,test
3611.0270049695296,165.28966218596264,22.157463850458683,85,test
3611.0478382153024,-1.558359057534648,22.16296547782422,85,test
3611.064505875402,123.87133781277112,28.624931884665738,85,test
3612.4666146294758,-32.14497394238013,24.806304220330354,85,test
3612.485364581838,66.94238283017182,22.18670953891658,85,test
3612.5061987432905,-72.20526655270056,22.183010239225766,85,test
3612.527032543702,133.78382620916207,22.183383277148327,85,test
3612.547866239645,11.593021877772482,22.1803885815603,85,test
3612.568699239268,124.26124912114717,22.18003469251592,85,test
3612.5895342219087,110.7335091129074,22.176826638317408,85,test
3612.610366461041,161.1154479315311,22.176584649513327,85,test
3612.6312014438063,218.38436582751297,22.17467979715198,85,test
3612.6520339249305,282.5334964193535,22.173604478011423,85,test
3612.6728689219235,219.72918828104542,22.17219157319854,85,test
3612.693701160582,228.70586334277638,22.172052063870243,85,test
3612.714536391938,157.87834086223688,22.170363699685137,85,test
3612.735368776009,208.98067216677765,22.170516211892064,85,test
3612.75620346894,113.19135241832448,22.1692122555497,85,test
3612.777035833079,236.55287340083308,22.16923432611848,85,test
3612.7978708413657,179.98491470527009,22.16773110204675,85,test
3612.8187035798696,168.84974466219182,22.165609958155986,85,test
3612.8395380788447,281.04134968278566,22.165463732805623,85,test
3612.8603715194754,180.81148862633586,22.16143796704268,85,test
3612.881205371169,206.3178513634047,22.162144675014613,85,test
3612.9020387523715,16.06609732239698,22.159313434081643,85,test
3612.9228722456155,88.45839529038435,22.161565763329317,85,test
3612.9437062843226,66.84317676281472,22.160024575441447,85,test
3612.9645395569632,141.30485928968488,22.16172148242137,85,test
3612.985374609485,63.655586578873525,22.160463078600035,85,test
3613.0062068787547,161.05564346010894,22.16136345825852,85,test
3613.0270417628694,43.17881468990036,22.159664339907227,85,test
3613.0478748989412,4.86289483378375,22.15885394358471,85,test
3613.068709226492,-76.18103690630622,22.156676414183067,85,test
3613.0895416499316,-114.0739532350712,22.15455293553283,85,test
3613.110376873586,-190.18583001367017,22.151793848276753,85,test
3613.131209668025,-176.06807903461154,22.148136816322264,85,test
3613.152043760988,-169.95136125331257,22.146660542446476,85,test
3613.1728766982656,-137.9741294988165,22.143691361828587,85,test
3613.1937107280864,33.22822172454352,22.145276888366293,85,test
3613.214543697287,-16.234979104901736,22.14189861186737,85,test
3613.2353780866665,21.570767737008186,22.144113925317743,85,test
3613.2562121089354,102.57738412288141,22.142510425256376,85,test
3613.2770457482443,50.65928223129854,22.142509771512398,85,test
3613.29787982229,47.95020065300529,22.14080786527637,85,test
3613.318712855618,-11.039266594799797,22.141409957524356,85,test
3613.3395471053195,-87.44834488737321,22.138797113583298,85,test
3613.3603806361853,-182.1106210140916,22.138290637942678,85,test
3613.381215136601,-258.50902629021857,22.136233622402802,85,test
3613.402047046206,-177.95559649489954,22.136004046096595,85,test
3613.4228818060037,-169.032475274597,22.133821417357172,85,test
3613.443714901697,-128.63063187707652,22.131856612694,85,test
3613.4645490961566,-39.92331905511377,22.132044176436086,85,test
3613.4853824390493,-88.67316618588173,22.129227779804246,85,test
3613.506216360748,-78.06867325220931,22.13089024182961,85,test
3613.5270497116126,-155.06221463814123,22.12788063815166,85,test
3613.5478839408393,-223.69584117882135,22.130364681214804,85,test
3613.568717929313,-224.57285834716927,22.12748756935055,85,test
3613.589551251453,-299.4414757715103,22.12810122516301,85,test
3613.6103860475523,-282.18144807520116,22.126652757285488,85,test
3613.6312184034873,-312.31045816403497,22.125958252760903,85,test
3613.652053446519,-295.9964654658372,22.124495028668093,85,test
3613.672886042592,-222.21120716447638,22.12595157624391,85,test
3613.6937203758444,-366.3134231941089,22.12355159903252,85,test
3613.7145537076203,-264.8806006440771,22.123702986754402,85,test
3613.735387507818,-281.5475705229904,22.124559631461448,85,test
3613.756219783874,-296.0308593728234,22.12160795630974,85,test
3613.7770551957315,-187.90544981040287,22.124318734784914,85,test
3613.797887945672,-232.12303830363575,22.12169454599655,85,test
3613.818722172896,-164.4896548268913,22.12381928613605,85,test
3613.8395558258344,-305.34724621477,22.12095703380715,85,test
3613.860389523163,-239.1053245618946,22.12337423618075,85,test
3613.881223581932,-320.7318633406554,22.120490557058357,85,test
3613.9020570074213,-352.65066193744167,22.122737229236034,85,test
3613.9228913393445,-370.8728813241049,22.120117863517226,85,test
3613.9437238534492,-407.52154342327236,22.12170132900585,85,test
3613.9645587943296,-302.8068697526822,22.119809751824796,85,test
3613.9853916260404,-295.7123677618841,22.121618508770066,85,test
3614.006225990242,-203.62994663736197,22.1201205556998,85,test
3614.0270582451785,-301.8535412504559,22.1190051023372,85,test
3614.047893586241,-295.5391046363481,22.117213258588794,85,test
3614.0687264649905,-270.0118440110316,22.11824790445678,85,test
3614.0895608837873,-338.7321984803871,22.117462734833968,85,test
3614.110393551515,-469.6308681804391,22.11387173729747,85,test
3614.131227935468,-409.7915468256132,22.114897418170028,85,test
3614.152061828197,-374.23392065516623,22.113153818836683,85,test
3614.1728945706245,-389.5705989208545,22.113582511294744,85,test
3614.193729227624,-398.01641690041663,22.111419019160206,85,test
3614.2145621214913,-329.28929272380833,22.11353234915969,85,test
3614.235397145561,-377.794337849368,22.112220453600724,85,test
3614.256229319487,-288.25767306135737,22.112713422967655,85,test
3614.2770635871266,-353.7749986982887,22.112365909944135,85,test
3614.2978969549704,-351.85628632074486,22.111754780154588,85,test
3614.3187316399813,-343.549317460782,22.11213225305058,85,test
3614.3395647596058,-340.9085690593533,22.111084650583813,85,test
3614.3603982660748,-330.7154804531037,22.113106400771954,85,test
3614.3812327693913,-346.003931361622,22.109680159299383,85,test
3614.402065716296,-314.18927688987225,22.11137720788544,85,test
3614.422900628645,-365.6819439926956,22.109603480595016,85,test
3614.44373341627,-447.09837791816256,22.108156569233316,85,test
3614.464567788336,-334.54038690768823,22.10869160492057,85,test
3614.4854000717874,-551.6285181977212,22.10626092467825,85,test
3614.506234926792,-448.6940688837461,22.106083407369194,85,test
3614.527067055422,-415.0843329363714,22.10651543713443,85,test
3614.5479029576636,-461.3054020148111,22.106685915128978,85,test
3614.5687356417084,-361.1634787337008,22.106244349165333,85,test
3614.5895692158556,-361.7103062916889,22.10699423127852,85,test
3614.6104025705285,-387.8167261487496,22.104981944938555,85,test
3614.631237597689,-307.29329785349387,22.107939983397795,85,test
3614.6520696064304,-399.8930786766992,22.10481811549291,85,test
3614.6729040846053,-391.1440569061012,22.10529023202228,85,test
3614.693737723086,-382.4413518299883,22.10468816339536,85,test
3614.7145715225074,-403.2871359507648,22.10646495071662,85,test
3614.735405248174,-299.0459767503346,22.105948780168116,85,test
3614.756238990217,-383.04232761932076,22.106105969170343,85,test
3614.7770734378155,-372.45405537514637,22.10449611908551,85,test
3614.7979061115107,-275.4562032383957,22.106438728025402,85,test
3614.8187405355197,-339.3415511424479,22.105514420426257,85,test
3614.839572932198,-284.1918244367009,22.106269371098207,85,test
3614.8604076223382,-303.8072452673345,22.105352789481028,85,test
3614.881240347864,-247.86271451978357,22.105248331210042,85,test
3614.902075455812,-233.9042562408778,22.106004346337283,85,test
3614.922908129982,-356.79518913320413,22.10339860899695,85,test
3614.943741291444,-333.3248025917585,22.10521725382075,85,test
3614.9645749587685,-197.33615498028453,22.105476054765344,85,test
3614.985409852108,-229.53126184270715,22.10562361573947,85,test
3615.006245173527,-195.72990078945332,22.105916463660186,85,test
3615.0270763312546,-151.038094158522,22.106322648675157,85,test
3615.0479116132656,-180.3735612485396,22.10406424791102,85,test
3615.0687440123284,-120.39591798718193,22.103289063770674,85,test
3615.0895787010654,-41.73848836178855,22.105563691718555,85,test
3615.110411515005,-132.25903788828097,22.101758115688714,85,test
3615.131245241911,29.363466136846306,22.104132029222388,85,test
3615.1520791140056,-147.35184379119374,22.101485871971263,85,test
3615.172912136624,-63.21184857451393,22.103729958340228,85,test
3615.193746579879,-123.51347694027334,22.099258360398427,85,test
3615.2145794292624,-127.08403535800204,22.102300942969702,85,test
3615.2354139059503,-152.63560869343274,22.10009637211646,85,test
3615.256246431643,-101.10045695402889,22.101980494857482,85,test
3615.277081615248,-126.93629527119306,22.100074018936144,85,test
3615.2979150574774,-110.62298808847203,22.101967535728377,85,test
3615.3187486913816,-5.032016427816257,22.103091130980935,85,test
3615.3395811554856,-160.65659360321834,22.09803819387795,85,test
3615.360416997637,3.2633332864704383,22.10136216113172,85,test
3615.381249810963,-127.94216573973358,22.09946972936452,85,test
3615.402083387269,-56.850020837454515,22.100756251687237,85,test
3615.4229178607725,-154.08995852815642,22.095859041303136,85,test
3615.443751224864,-10.097689986921845,22.098902292608898,85,test
3615.4645852507847,-85.11338632623065,22.09848833783595,85,test
3615.485416791948,-102.88642739099441,22.09913222954252,85,test
3615.506253057947,-161.20725003907424,22.095568783181008,85,test
3615.527083676165,-111.8698723092316,22.096991797519856,85,test
3615.5479197150216,-122.48646067529783,22.097186102235884,85,test
3615.5695007794234,-131.62385168281233,23.73834654135884,85,test
3615.589586450857,-211.54901753722547,22.098475379732164,85,test
3615.610420458056,-250.04330710498095,22.09148427742741,85,test
3615.6312535064667,-34.130864184080856,22.096876243907335,85,test
3615.6520890287998,-29.16014435404434,22.0929628740067,85,test
3615.672924228846,-14.057071162775362,22.093531094788506,85,test
3615.6937563494503,-20.01470886863314,22.092787170968013,85,test
3615.714589039921,-4.859851388789175,22.092554302505306,85,test
3615.735424367072,75.1536803040341,22.09575126756063,85,test
3615.7562571574194,61.94425176066757,22.096847263857825,85,test
3615.776695377835,-172.58862966063217,22.87388469034594,85,test
3615.79792455359,-161.87352023143552,22.094138201383174,85,test
3615.818758403521,-138.9967822011531,22.096831959847428,85,test
3615.8391937949996,-154.1854733414488,22.872567213176332,85,test
3615.859728654537,61.800889936911645,22.871574873250463,85,test
3615.8819533775736,44.1576516335321,22.874070404562755,85,test
3615.90209082695,-178.11868719924277,22.091790106706313,85,test
3615.921283863396,-149.08581577078814,25.801534572754417,85,test
3615.944720725202,74.13731615265598,23.73757828318863,85,test
3615.964595734592,-160.8174450208254,22.864347549545258,85,test
3615.9854283945497,-174.63375827346115,22.093705778583466,85,test
3616.00636096152,-159.6710035412811,22.870523323770207,85,test
3616.027691340659,-116.55982114177759,22.864088027958218,85,test
3616.048306980747,-39.06919304262335,25.79923920505004,85,test
3616.068760270759,44.86872958988818,22.867450586983594,85,test
3616.0890996511102,87.70769861156293,22.868075230654853,85,test
3616.110110263541,64.17858102983102,23.731320472768623,85,test
3616.130567815676,72.4764974304504,22.871695985580413,85,test
3616.1523098818548,29.96161125629352,23.731470752764544,85,test
3616.172931905785,197.71415033652215,22.096274518973523,85,test
3616.19387204407,103.58333562106627,23.729214550841622,85,test
3616.2153443698603,271.2411681967265,23.732118310889376,85,test
3616.235537625322,106.38691732107526,23.728699442251113,85,test
3616.256368970411,149.28294619397857,23.727681758810245,85,test
3616.276339422172,206.1313658383299,25.799184417249688,85,test
3616.2980456386385,301.07094622843175,24.70288398951604,85,test
3616.317910812519,319.01816664697685,23.734989307258363,85,test
3616.3395983087935,153.45200155913395,22.864052957826445,85,test
3616.3612432036325,49.33405098894584,24.69781507468516,85,test
3616.383488887264,-33.31411517791552,27.051311503003255,85,test
3616.4001580472,116.34907825797835,27.054023957618647,85,test
3616.420311920315,177.40660256379263,28.520513311798148,85,test
3616.443537164871,102.28038781749419,24.695505734759692,85,test
3616.463907781027,254.86037704398038,27.050728421482976,85,test
3616.4855504115844,360.8274287113008,24.698405701246095,85,test
3616.506899968199,334.1974642977718,25.79395824555855,85,test
3616.5275657049765,317.9197801672013,24.70305030401089,85,test
3616.547831971442,15.723101815619025,23.725339669696883,85,test
3616.5689255348116,9.37643606856664,28.521384608106573,85,test
3616.588215213591,-202.56237393356136,27.052160853600597,85,test
3616.609744895571,-57.86390548692114,27.049802295312457,85,test
3616.6315028642175,28.640606332481887,24.697771079281125,85,test
3616.6529740696615,128.4340171347971,30.243246923201582,85,test
3616.671410487627,172.93545272502743,27.05636422631517,85,test
3616.6944690798105,160.32006037895087,27.053504339103128,85,test
3616.713535273658,18.794303720723295,23.727676970745684,85,test
3616.7324632647315,214.458706523398,32.33814701437251,85,test
3616.7546053266333,-48.34838701095098,38.26630817651889,85,test
3616.7768777039414,-143.10201017232467,34.91860370636283,85,test
3616.7988240077534,-198.07935386987006,25.79721695711661,85,test
3616.8187740751737,93.4863753366335,22.099160541819355,85,test
3616.839609110725,184.3039604332594,22.097695692223546,85,test
3616.860442027065,218.78190836435573,22.100869199581723,85,test
3616.8806800553484,149.7524485225527,22.875104705516335,85,test
3616.9027495217424,173.40679505416284,23.736081713371405,85,test
3616.9229426336706,179.88353043820828,22.09863794324889,85,test
3616.943577589316,-13.968503532768697,22.87311645921841,85,test
3616.964609278364,-122.94638105325113,22.096866819506126,85,test
3616.9805829689267,-185.94412527177187,30.260674761720978,85,test
3617.202808111204,555.2157756718996,60.54483205794641,85,test
3617.214614433511,626.0043274934034,22.108791617019328,85,test
3617.2354471618123,577.691265594662,22.11014994140322,85,test
3617.256281630254,354.311748568554,22.1075952489841,85,test
3617.27711455055,379.1368918605906,22.10925270441621,85,test
3617.2979486265044,307.0091035907402,22.109932366341038,85,test
3617.318782745034,314.6490588474101,22.108687624640275,85,test
3617.3396154827415,371.5031828906544,22.10969426143486,85,test
3617.3604492905533,310.68491880552455,22.110512463985852,85,test
3617.3812832092203,371.7396868725989,22.109249099266716,85,test
3617.40211651217,437.13833678261267,22.111625435740436,85,test
3617.422951064239,401.6848438502399,22.11020153103082,85,test
3617.4437837900596,399.7360598768731,22.110151720518154,85,test
3617.4646182460056,438.2045108558558,22.11174592258027,85,test
3617.485450696249,446.1922354838674,22.110043068112592,85,test
3617.5062854218663,429.79269002544874,22.111790406151133,85,test
3617.527118753431,412.7807520137256,22.110390554692096,85,test
3617.5479523885474,478.64868007327385,22.112960767127767,85,test
3617.5687869374624,390.90072642078644,22.110474106721533,85,test
3617.5896194357138,419.1379891801134,22.111732832234527,85,test
3617.610454082697,452.890167551707,22.112062580437293,85,test
3617.6312868386253,466.34540869692,22.111830424837507,85,test
3617.6521209809152,425.36062662425667,22.113177072646746,85,test
3617.672954351794,454.1439171697116,22.111919716779923,85,test
3617.6937881850477,545.2300611993809,22.114198958018324,85,test
3617.714622085302,541.3527396991225,22.113164119215785,85,test
3617.7354552553275,504.9195790122762,22.114003054892212,85,test
3617.75628955122,517.7208257051557,22.112448562870398,85,test
3617.7771223243512,541.4642578111159,22.114203856541142,85,test
3617.797957202994,465.7308327678979,22.11378603034286,85,test
3617.8187895766946,429.4234668187429,22.11406273942194,85,test
3617.8396240729053,488.04349396021104,22.11380033714337,85,test
3617.860456942066,436.24367848656857,22.11328895694728,85,test
3617.881290998239,439.195393392063,22.114568851023257,85,test
3617.9021242220697,459.1225365534622,22.113453709829983,85,test
3617.9229584328446,469.9896286262694,22.115325212367733,85,test
3617.943791274695,540.6548505111753,22.114527003748332,85,test
3617.9646253759174,530.7526316957623,22.116011160806135,85,test
3617.985459404607,467.5017024409416,22.114248962002268,85,test
3618.0062929298774,459.41915869202796,22.11678868921713,85,test
3618.0271274958995,518.3218208119931,22.11537189644383,85,test
3618.047960136529,398.90373950092584,22.116559571449844,85,test
3618.068794615138,367.90428384698174,22.11607376465841,85,test
3618.089627099369,309.20318579491766,22.116510701785792,85,test
3618.110461492181,207.52311991645774,22.116773382980146,85,test
3618.13129419067,202.32473542233268,22.11571331916935,85,test
3618.1521285037534,153.65238489833766,22.117015223283136,85,test
3618.172961941691,246.33624510979294,22.11599024179809,85,test
3618.1937958816266,305.0838294549429,22.11807490419385,85,test
3618.214629843953,415.23022462877765,22.117074141679115,85,test
3618.23546270466,442.4035840512831,22.118741120517186,85,test
3618.2562970628865,445.989928337393,22.11700427201791,85,test
3618.27713012635,540.0290557961163,22.117561784268407,85,test
3618.2979645484406,516.1739307844445,22.11947557455806,85,test
3618.318796979021,393.63944031173435,22.11718817020738,85,test
3618.339631193404,325.8625111139361,22.11894419305805,85,test
3618.360464666365,315.64895320808625,22.117709541339458,85,test
3618.381298297366,269.9182184671486,22.119397348896236,85,test
3618.4021327457567,296.7146700834812,22.1179124393027,85,test
3618.4229657693454,244.9376035542944,22.119722642543735,85,test
3618.443800788097,320.18791151326155,22.118957537651195,85,test
3618.464632853639,276.9029723197953,22.119371225691822,85,test
3618.4854669901215,355.53587798743627,22.12082627182037,85,test
3618.506300241295,275.76522423977497,22.118616212682017,85,test
3618.527134137087,316.31607907000864,22.12076919142152,85,test
3618.5479677211447,329.3364812009926,22.118982395444412,85,test
3618.5688013433764,383.5156162996726,22.120846200791515,85,test
3618.589636010324,280.0602604067751,22.119271851386017,85,test
3618.6104685361042,291.68658404892625,22.120503414964404,85,test
3618.631302741107,356.716391500921,22.120096941187096,85,test
3618.6521352751993,414.14144039309446,22.119473292773886,85,test
3618.6729701967643,396.05677122549804,22.12148960744311,85,test
3618.6938030254128,396.0347727517416,22.119728669744674,85,test
3618.714636672748,416.1822847474747,22.121587974944383,85,test
3618.7354708246203,409.6456792660843,22.120637200027247,85,test
3618.756303438987,359.943958968294,22.12125422806273,85,test
3618.777138479378,384.51316319485727,22.121318947510197,85,test
3618.7979708115304,366.60067557243104,22.119608171428393,85,test
3618.818804964872,432.90959669591234,22.121867790612225,85,test
3618.839638474053,375.34686744295163,22.12003411204024,85,test
3618.860471891373,379.0550609107356,22.1220517061794,85,test
3618.881306546939,300.1297648685715,22.12054738537116,85,test
3618.9021391837127,217.19974691798475,22.121026859960708,85,test
3618.9229738193135,139.72125730121502,22.121095737641316,85,test
3618.9438059823733,138.2769691960896,22.12099162961556,85,test
3618.9646405909607,151.35713255511553,22.12265440143778,85,test
3618.9854743210904,186.94444436994064,22.120688528364816,85,test
3619.0063076353003,204.36617983937734,22.12303723463223,85,test
3619.0271415849484,247.77685912715745,22.12104030733413,85,test
3619.0479745387406,285.1307387105276,22.12143312649537,85,test
3619.0688094503016,260.021540639438,22.121671287606954,85,test
3619.0896414771905,233.70892645013575,22.12177953888127,85,test
3619.1104757078115,223.30515396775286,22.123082582695574,85,test
3619.1313092615046,136.61582432573863,22.120879677214912,85,test
3619.1521431178294,137.80674646927952,22.123279174535387,85,test
3619.1729776635184,83.71994693691691,22.120773009670067,85,test
3619.193810230611,140.4887793609104,22.12268247451975,85,test
3619.2146443383726,140.27505944140705,22.121713088145885,85,test
3619.23547738978,182.0988619349081,22.12292457773193,85,test
3619.2563112250755,191.85623529671244,22.123047595650622,85,test
3619.277144634645,206.4241876150317,22.121297232906407,85,test
3619.2979782275297,226.64255156391405,22.123851962438465,85,test
3619.3188126193254,136.9554973547981,22.121572645331554,85,test
3619.3396452831544,171.60278289273842,22.123610436306915,85,test
3619.360480208481,209.5912116421799,22.12374126679758,85,test
3619.3813123427503,201.08339654868666,22.123605633493533,85,test
3619.402146191966,182.3736946331801,22.12506879632475,85,test
3619.4229797562284,192.47047107433892,22.122939837303747,85,test
3619.4438136746217,171.05728388892754,22.124984906806684,85,test
3619.464647940194,114.20026182545884,22.124313671353548,85,test
3619.485480238528,50.02582149811218,22.123167625440427,85,test
3619.506314716466,31.719486647330342,22.125603979059374,85,test
3619.5271487114474,-28.933214177639776,22.12361054837003,85,test
3619.547981686195,-108.58254415281654,22.124901207447547,85,test
3619.5688158350954,-57.91518658655446,22.1249175159141,85,test
3619.589648960506,-74.54133975059598,22.124211142171156,85,test
3619.610483074259,-69.23464698824046,22.12628923032732,85,test
3619.631316535472,-119.29829399193014,22.123944964179422,85,test
3619.65214982615,3.612109891736095,22.126817693072883,85,test
3619.672984400872,-49.180376151472885,22.125778553460446,85,test
3619.6938168631586,-54.38366423535336,22.12585206135211,85,test
3619.71465086924,-56.5715569562702,22.12637464702158,85,test
3619.7354838536003,0.014971814060882889,22.125448450373916,85,test
3619.7563177797733,10.742965492233699,22.127602316345882,85,test
3619.777152008996,-74.3819778371459,22.12572284973683,85,test
3619.7979855272847,-43.55574566319528,22.12753272135974,85,test
3619.8188190793676,-113.94062053041824,22.12655537696573,85,test
3619.839652072198,-22.33586309831771,22.126603216044483,85,test
3619.8604856799748,-35.03377412068029,22.127666461226653,85,test
3619.8813197252275,3.4429705986986647,22.126512335402904,85,test
3619.9021533518376,21.843436117668226,22.12711226253237,85,test
3619.9229870660542,37.42701648953498,22.126748484742397,85,test
3619.943819798822,31.085898354378948,22.12734467630927,85,test
3619.9646540669437,112.21382608701836,22.12949601836073,85,test
3619.985487502859,21.06431527321183,22.12704404358864,85,test
3620.0063214243473,-40.52578370615012,22.129020827116676,85,test
3620.027155536595,-80.1029128211459,22.128118133300923,85,test
3620.0479874384846,-56.41635089740081,22.12891213229038,85,test
3620.0688220339234,-112.09664476232847,22.129678307299674,85,test
3620.08965591536,-53.95240405310756,22.127798114807145,85,test
3620.1104887940614,-97.09128080197432,22.130304629049185,85,test
3620.131323715347,-81.71282422719946,22.128738233526224,85,test
3620.152156215626,-72.89448061465154,22.130038235143235,85,test
3620.1729899848056,-38.43756579998829,22.13027477304211,85,test
3620.1938234227327,-12.11340581331519,22.12921995942263,85,test
3620.214657401131,-145.88369614241972,22.130505789504575,85,test
3620.2354915201654,-112.82707445902382,22.13003722570678,85,test
3620.2563236816927,-68.03540243962662,22.130106156711527,85,test
3620.2771582426844,-59.084916893440784,22.13140624569649,85,test
3620.297991627785,-35.56783489787288,22.130645072424002,85,test
3620.3188249389636,-111.5182772984441,22.131174589719922,85,test
3620.3396595787353,-211.94374718917845,22.129757645803252,85,test
3620.360491818641,-174.63435296642055,22.13139607338621,85,test
3620.381326198717,-276.8539717476829,22.13144890041493,85,test
3620.4021592064933,-241.51630968452474,22.129438979455276,85,test
3620.422993122729,-188.2826442901025,22.13217900862104,85,test
3620.4438273306337,-200.0605634275836,22.13083927017234,85,test
3620.464660163215,-211.79528497566872,22.132150758115912,85,test
3620.485493980847,-253.49118051708106,22.13209520253419,85,test
3620.506327397204,-335.16328604537966,22.13037294804131,85,test
3620.5271609835286,-291.40470789582713,22.1324088884459,85,test
3620.5479955461,-275.9504660757341,22.131592178013552,85,test
3620.5688279086703,-170.52915281140406,22.133335931906593,85,test
3620.589662845024,-163.4632021357882,22.13306759013362,85,test
3620.61049545819,-139.9629736774622,22.130801643418277,85,test
3620.6313289693658,-73.63091260485461,22.13344955359887,85,test
3620.6521632996228,-27.11780355241779,22.13158134664426,85,test
3620.67299615961,-35.66536138215344,22.131877427161584,85,test
3620.6938302818653,24.011956497533852,22.133254142891555,85,test
3620.714662654062,-35.60080668702127,22.13090201144173,85,test
3620.7354970390365,133.02436549861432,22.134566003701867,85,test
3620.7563313032856,164.09957140424754,22.133569268323665,85,test
3620.777164039333,239.06469295628563,22.134217492042705,85,test
3620.7979985818697,198.7313083948159,22.134475254687946,85,test
3620.8188311068834,154.20411779752425,22.132714550739102,85,test
3620.8396641763966,113.74190933890435,22.134627519216906,85,test
3620.860498872102,83.99297804030016,22.133550652497956,85,test
3620.881331924964,68.76009679490139,22.13450780305595,85,test
3620.902165760312,-29.44183039538226,22.135181615753254,85,test
3620.9229996031945,-118.68840017722893,22.132901805004693,85,test
3620.9438326062937,-131.02668320278622,22.135323049452953,85,test
3620.9646666579565,-169.53890350432994,22.134891162693396,85,test
3620.9854990497397,-214.10703211200465,22.133368870373666,85,test
3621.006333764043,-156.78778087350452,22.135822697463013,85,test
3621.027167602754,-198.8769272769122,22.134057658774346,85,test
3621.0480004022475,-128.3575146086436,22.135207285123926,85,test
3621.0688341848027,-159.13568526611968,22.13533107033196,85,test
3621.089668646753,-79.2395732696915,22.135749351119678,85,test
3621.1105010664705,-82.23871632945323,22.135594634227527,85,test
3621.1313358693797,86.54709044253235,22.13544910005706,85,test
3621.1521682284347,-65.3893567579268,22.13498739584633,85,test
3621.1730017354957,-7.102622315578078,22.136225677371712,85,test
3621.1938359728756,-4.3963745115459965,22.135543741701163,85,test
3621.2146691987887,34.82918501729148,22.135830072593773,85,test
3621.235502374913,54.72407180732484,22.135980473166985,85,test
3621.2563365784586,138.16866775269298,22.136401775573923,85,test
3621.277169857426,108.75941653850381,22.134198134725466,85,test
3621.2980032680025,181.15048080061345,22.137204287340456,85,test
3621.3188373792636,178.98419173835586,22.135347827220574,85,test
3621.3396701411302,160.66419413137308,22.13529224610776,85,test
3621.360502932305,151.0182951797937,22.136071458146155,85,test
3621.381337475375,153.7301545662772,22.13424476189842,85,test
3621.402170518961,53.350196320628235,22.136131217604714,85,test
3621.4230052752728,91.52470117154101,22.136552116500134,85,test
3621.44383739238,-73.53822797466985,22.135021587507413,85,test
3621.464671811537,-45.779224264932125,22.137574826411477,85,test
3621.485505375059,-137.0477918314441,22.13499965277023,85,test
3621.506338639177,-178.26590291670743,22.136023927149903,85,test
3621.5271738455594,-168.3650679897561,22.135533743919748,85,test
3621.5480066944774,-132.84237943874845,22.13445951496596,85,test
3621.5688392619973,-44.33857314787024,22.136858606454254,85,test
3621.589673464301,-61.84475391304741,22.136893794171275,85,test
3621.6105060247987,-15.140015539871186,22.13572972759905,85,test
3621.631340054089,50.710310965214745,22.137547014036347,85,test
3621.6521742299747,15.74120938654405,22.13695409610136,85,test
3621.673006347467,-105.65546012647121,22.135886504218913,85,test
3621.6938405962555,-78.04200135868322,22.13688691100443,85,test
3621.7146752959234,-53.48542579590612,22.13577611387792,85,test
3621.735507591234,-59.66584266262544,22.137209833779252,85,test
3621.7563407418374,-83.66231230591323,22.139738105492203,85,test
3621.7771758483054,-158.93975600484,22.135277429030893,85,test
3621.798008456952,-57.604383885104504,22.138030854470237,85,test
3621.818841108452,-38.52101895622412,22.1378131987166,85,test
3621.839674754988,-95.93159919727644,22.135103761604007,85,test
3621.8605093945184,-40.011359117298156,22.137929087768832,85,test
3621.8813428854837,11.9668615805884,22.138892548327924,85,test
3621.902175562727,14.356829147170316,22.13606799971735,85,test
3621.9230089284038,38.409840814467515,22.137702650988157,85,test
3621.9438440642302,79.81406828441256,22.136392770355524,85,test
3621.964676201756,82.35544749565933,22.13688030897592,85,test
3621.985510431622,137.93939692932497,22.13807748108498,85,test
3622.0063448508263,-41.52560874293407,22.136373182081325,85,test
3622.027176444696,-62.66262843574369,22.136032126655007,85,test
3622.0480114255347,-108.4338531583411,22.137667610070775,85,test
3622.068844814701,-185.54649163915067,22.13649041505626,85,test
3622.0896767656013,-81.62838012351158,22.136060666743887,85,test
3622.1105097562295,-78.22896419342975,22.13754463291465,85,test
3622.131344505943,-111.71202632685201,22.136177739283678,85,test
3622.152178011949,-41.10971009673686,22.136957673540284,85,test
3622.1730117986604,77.14584408734373,22.136998559111593,85,test
3622.1938443975782,2.829777413343135,22.135930364007507,85,test
3622.2146775387755,37.27871404233577,22.138220605772652,85,test
3622.2355130458536,124.51133884465311,22.137026427682915,85,test
3622.2563449057952,51.81339797992112,22.135896790841443,85,test
3622.2771784527326,21.39859030907378,22.1362957322031,85,test
3622.2980135048456,129.15514013712777,22.13653057187864,85,test
3622.318845579541,181.83298094452857,22.138197909422487,85,test
3622.339680062473,-11.65052982053025,22.137339360628253,85,test
3622.3605137965783,-46.56304608848262,22.136108849150023,85,test
3622.3813470048044,-141.71803131115655,22.134329965962987,85,test
3622.40218052027,-111.91046358256382,22.137004519181854,85,test
3622.4230135877333,-84.60706605510627,22.136167835986324,85,test
3622.4438477743165,1.80732679142719,22.137701083500264,85,test
3622.4646800014502,70.60475971858139,22.13646391772019,85,test
3622.485515200068,17.759611030731012,22.134833244961733,85,test
3622.5063475015477,11.903585837341248,22.135837403532747,85,test
3622.5271808958883,114.11003893532569,22.13754575137793,85,test
3622.5480148253314,35.23260618929945,22.1352377821619,85,test
3622.568848177398,37.93331289771912,22.13633461254652,85,test
3622.589681186091,-12.055312032109091,22.134958918912776,85,test
3622.610514086192,-67.45376609952424,22.13585215840522,85,test
3622.6313493897865,-60.997353751619,22.136628157851657,85,test
3622.6521818483175,-61.57534507008599,22.135423696754316,85,test
3622.673013670482,-63.701255353317315,22.13455050526994,85,test
3622.693848569333,-48.452380156701324,22.13497652107878,85,test
3622.7146842574225,-34.70462516543233,22.132741477502638,85,test
3622.7355154868587,30.64409143682862,22.13553052425314,85,test
3622.7563491042524,52.346775836948815,22.135023204241737,85,test
3622.777180781861,168.45732568954008,22.134556901256737,85,test
3622.798015334284,213.32603776459354,22.13291146531408,85,test
3622.818848037558,325.00720472175067,22.133419774492186,85,test
3622.8396829957796,217.3588657793135,22.13379513222251,85,test
3622.860515627176,158.51194544978335,22.131816561799024,85,test
3622.881350675741,-75.00723873027216,22.131595327360913,85,test
3622.9021837407427,-105.44823446226609,22.130002196551054,85,test
3622.9230160429975,-198.61101392505753,22.128633794150304,85,test
3622.943849977248,-172.60678399138618,22.1302968580232,85,test
3622.964683084972,-170.31891925183209,22.132501818712427,85,test
3622.9855160084135,-66.97134840587789,22.13016584751821,85,test
3623.00635171439,-86.46026696126451,22.131158758596982,85,test
3623.0271859187737,-272.5185451945183,22.128879224631778,85,test
3623.0480170280794,-149.6222960778702,22.129179556737714,85,test
3623.0688499922126,-218.13610646471525,22.133175515877063,85,test
3623.0896840798177,-155.5011759475004,22.13525871574399,85,test
3623.1105181507146,-266.38129779676996,22.135164555062033,85,test
3623.131350952147,-363.4156391390605,22.13317753157558,85,test
3623.152183114035,-356.6547091278346,22.134821155348277,85,test
3623.173017075031,-233.60869858785975,22.13579283936293,85,test
3623.193850447916,-178.55888209010047,22.13503110079494,85,test
3623.214882615954,-215.89719538731944,22.90957708031034,85,test
3623.230657681829,-126.68518984918269,30.30332383960365,85,test
3623.4528797880794,-369.39100687167047,60.663073173440004,85,test
3623.4646854512525,-251.23336226530773,22.151489664427977,85,test
3623.4855185279075,-350.7231357576414,22.151549116042343,85,test
3623.5063520810418,-432.9891896561746,22.1502599828739,85,test
3623.527185525714,-392.01409532085887,22.149429396515877,85,test
3623.5480192051623,-326.13089072639457,22.14840966719553,85,test
3623.5688519760215,-370.4974864489615,22.146963345616374,85,test
3623.5896855679657,-259.514200016328,22.146461906715682,85,test
3623.610519244921,-252.35377546756175,22.144834793479237,85,test
3623.6313525165465,-91.72734136553613,22.143679562818754,85,test
3623.6521854372813,-93.22536235516614,22.142480167516304,85,test
3623.673019314074,-47.390834896468476,22.14268954412045,85,test
3623.6938522015253,63.75677848270369,22.142825756147083,85,test
3623.7146860612183,158.95467105329962,22.140297785830942,85,test
3623.7355192006166,199.45992850513548,22.14188860436491,85,test
3623.756352708513,302.13650848106425,22.142600793188734,85,test
3623.777186723298,322.4380440393019,22.140865451160668,85,test
3623.798019297682,422.3270474150628,22.14245662308643,85,test
3623.818852709907,364.27858591966657,22.14330700101136,85,test
3623.839686905672,332.04117230121807,22.141836778156364,85,test
3623.8605191808188,330.4351824762827,22.143024486290916,85,test
3623.8813526576937,311.42617990065327,22.143861475751674,85,test
3623.9021867459,356.42973896724425,22.144263140190283,85,test
3623.9230186724553,323.51272849134705,22.148173843717355,85,test
3623.943851651553,390.77664583241045,22.15665287521209,85,test
3623.964684368715,321.3548079850301,22.16616689626958,85,test
3623.9855177121044,290.4779125567,22.17571371156727,85,test
3624.0063509689626,398.73940467188135,22.190187258629084,85,test
3624.0271852028254,468.87608425089905,22.200609927801654,85,test
3624.0480192063383,498.688684179747,22.207061651616637,85,test
3624.068852479603,667.3661569331437,22.215950110698316,85,test
3624.08968513563,741.686462842884,22.22349969875083,85,test
3624.1105189555583,695.3921199376625,22.230457011303223,85,test
3624.124408424543,765.2912371625108,38.51606186858087,85,test
3629.424422558212,160.38428993020852,23.899908020489658,85,test
3629.4438660129854,287.97995260139476,22.25783529276722,85,test
3629.464700998252,464.6644964474391,22.26213911552263,85,test
3629.485533342067,492.9881249117561,22.25881047643783,85,test
3629.5063666139636,533.1725117826958,22.262680173082302,85,test
3629.5271996118527,482.6739422806242,22.270813791570266,85,test
3629.548034197178,519.4879010549784,22.27693316505348,85,test
3629.5688677815806,442.7372861331154,22.279995687487215,85,test
3629.589700109848,397.5000757816629,22.285228673775855,85,test
3629.6105341244347,465.97128856323906,22.28978844125916,85,test
3629.631369229248,499.7346066182665,22.28479089638184,85,test
3629.6522079357333,455.1002945443556,22.254571029137562,85,test
3629.67303869998,401.51157542041136,22.218710830419376,85,test
3629.693868988423,447.66469798539936,22.206759070723617,85,test
3629.714701411133,305.96032764879226,22.2026670961477,85,test
3629.735534363867,218.2158826848867,22.201403367801902,85,test
3629.751506495689,98.4031391111726,30.397455641359464,85,test
3629.973729289796,-657.077737326187,60.64815255876675,85,test
3629.9855348579053,-399.8589192851974,22.144366582735383,85,test
3630.0063678907222,-213.01428188806906,22.145796461513186,85,test
3630.027201557035,-7.514722841832993,22.14504197985933,85,test
3630.04803505422,69.68705673963906,22.146035939891853,85,test
3630.068868705725,88.65535422569977,22.146550134762208,85,test
3630.0897017765656,126.23691789837078,22.147031175029948,85,test
3630.1105351006836,163.55116593035368,22.14650202818514,85,test
3630.131368517895,195.17522231959583,22.14694623642098,85,test
3630.152201845785,345.0880416969443,22.14707088391502,85,test
3630.1730350465505,408.0096940584925,22.147391759945137,85,test
3630.1938686454273,435.17207650089284,22.14696408820341,85,test
3630.2147019558547,468.5477968470539,22.146922209959026,85,test
3630.235535457179,449.01365911768255,22.146582318535472,85,test
3630.256368730361,407.29369602158107,22.146064712039777,85,test
3630.2772019212084,451.8692318740199,22.146029432380303,85,test
3630.2980356442913,376.5936691263394,22.146070375001894,85,test
3630.3188684138486,391.10210929685576,22.146346272300384,85,test
3630.3397021809415,328.93801281122194,22.146117810020492,85,test
3630.360535220757,393.48783873828864,22.147168131061953,85,test
3630.3813685365535,295.1790632550284,22.146937988137026,85,test
3630.4022021736705,280.8186969841851,22.14688054911893,85,test
3630.423035549046,231.04569758237335,22.146892160556916,85,test
3630.443868908453,227.27647232681062,22.147274463937606,85,test
3630.4647018834034,156.15991734549462,22.147534472400675,85,test
3630.485535190876,190.09339570925925,22.148047116456425,85,test
3630.5063687398715,135.56826999151738,22.147241326043808,85,test
3630.5272023180223,130.16377670946233,22.14760496195323,85,test
3630.548035260897,118.91448455565526,22.14764976325161,85,test
3630.5688690767442,208.12698509164363,22.147417086117688,85,test
3630.5897022859895,193.95402131833472,22.14758329261276,85,test
3630.610535773306,204.06744169643846,22.1482665048484,85,test
3630.6313687350366,148.13671365010927,22.14772102651519,85,test
3630.6522020939265,87.94579666337543,22.14770010631991,85,test
3630.673035433533,9.60413788499509,22.14753808494081,85,test
3630.6938690163465,113.26666249332662,22.148383897257226,85,test
3630.7147023026814,138.01386743275816,22.14873131532618,85,test
3630.7355355847135,80.76485724359961,22.14759195889728,85,test
3630.756369063978,93.02249655161793,22.14848829210164,85,test
3630.7772023116268,94.75339716154045,22.148791749122054,85,test
3630.798035564637,135.25688553287154,22.148853432380104,85,test
3630.8188689395124,92.86471668283113,22.148705720459276,85,test
3630.839702172314,93.00243836430074,22.148953683616877,85,test
3630.8605357583656,184.8696628196156,22.14924412737553,85,test
3630.881368891981,105.38377567241882,22.14853429185341,85,test
3630.9022023005555,179.38688850915597,22.148550217100354,85,test
3630.9230358193786,229.96237230240615,22.14901755022061,85,test
3630.943868995685,329.2844242844964,22.14905103608662,85,test
3630.964702407774,254.59750363490596,22.14924378711844,85,test
3630.9855360944193,265.62967853478705,22.149165837294944,85,test
3631.0063688749597,160.51417668495242,22.148245029747645,85,test
3631.027202564795,190.18406604571848,22.148621030842133,85,test
3631.0480359468493,207.84463707570447,22.148280577127647,85,test
3631.0688692104504,182.07755591839864,22.148301897111498,85,test
3631.089702509964,248.4944339358688,22.148773596957106,85,test
3631.110535780842,336.67723446510155,22.149115496183686,85,test
3631.131368879855,262.11507670314063,22.148540113687982,85,test
3631.1522024961055,316.02934497317966,22.14867417643278,85,test
3631.1730355138793,315.7271176292362,22.148697062289244,85,test
3631.193869251271,292.01817948030845,22.14868067444708,85,test
3631.214702640828,273.86786425353404,22.14843509604325,85,test
3631.2355357840024,280.5587654475008,22.148607394517782,85,test
3631.2563694010973,182.55598313900154,22.148306271004984,85,test
3631.2772022098616,222.94889846496773,22.148389415968854,85,test
3631.298035812282,166.2558958227241,22.148956854161437,85,test
3631.3188693067477,145.9478663366144,22.14864883368498,85,test
3631.3397027502506,113.39384230322003,22.149052948383968,85,test
3631.360536423216,152.04298785803246,22.149092943295123,85,test
3631.3813692100252,193.3269071294881,22.148869359675498,85,test
3631.4022026791235,159.89501571321736,22.14840648267429,85,test
3631.4230358066707,198.55488592260897,22.148795305794955,85,test
3631.443868940893,155.83847759189234,22.148930888775492,85,test
3631.4647025070444,108.16887979837485,22.149086998652862,85,test
3631.485535852277,42.17312311669326,22.14847176547899,85,test
3631.5063689582134,12.292872566447913,22.14902265764573,85,test
3631.5272022002036,23.320366042103938,22.14878926314381,85,test
3631.548035615414,-22.10013037298677,22.148640297135554,85,test
3631.5688691911528,4.9844711158912975,22.148609508753424,85,test
3631.5897024271226,73.87439491286442,22.148830847527822,85,test
3631.610535634834,90.26017854195594,22.148274305980944,85,test
3631.631369099097,157.34792367474293,22.148268087493417,85,test
3631.6522024202823,113.07736847664235,22.148680126095922,85,test
3631.6730361850223,32.49266680884679,22.147957392193486,85,test
3631.69386900744,75.86656553993487,22.148494929838268,85,test
3631.7147022400222,-2.919581802896039,22.148339864540414,85,test
3631.735535818964,-76.51971068717093,22.14753575271192,85,test
3631.7563694504693,-16.65657519466329,22.147311797249206,85,test
3631.777202562893,23.30951153611273,22.148068627629932,85,test
3631.798035719941,40.770235476028155,22.14763022673344,85,test
3631.818869158143,12.081779975926969,22.14771281666638,85,test
3631.839702419818,-31.49191492228085,22.146894607406228,85,test
3631.860535396032,-41.53362381554674,22.146847413435335,85,test
3631.881368952154,-70.7817399272106,22.146871894527862,85,test
3631.9022021660153,-32.680716901493106,22.146897266033967,85,test
3631.923035837971,10.385414408658209,22.147802282988287,85,test
3631.9438687115526,-33.02960320657528,22.147674597724258,85,test
3631.9647023214025,-24.713022159970233,22.147147934109302,85,test
3631.9855356386215,-64.36053464825166,22.146628575699296,85,test
3632.0063687381435,-73.95986451640825,22.14724717693658,85,test
3632.027202171795,8.399029374022096,22.147492362043362,85,test
3632.0480356532194,52.77178544415161,22.147049604439616,85,test
3632.0688689247954,50.2283772847153,22.146526558673266,85,test
3632.0897021677697,73.92890844499424,22.14667861012146,85,test
3632.1105356988896,79.29801461599486,22.145929937866665,85,test
3632.1313684282045,54.199575694558455,22.146068946733898,85,test
3632.1522023261423,97.15289800374984,22.14653313010987,85,test
3632.173035707737,25.06699097161783,22.145519238706857,85,test
3632.1938687762095,-0.005905082172223534,22.145600859758538,85,test
3632.2147019638737,79.67078841201251,22.146509542543306,85,test
3632.235535649499,100.56098314059946,22.147025723933304,85,test
3632.256368586149,-18.722220864635954,22.146361585766154,85,test
3632.2772018369033,-109.0559176078127,22.145575230409904,85,test
3632.298034859542,-52.57886111047808,22.14679908543058,85,test
3632.3188686895346,-191.45939374377602,22.145875837326397,85,test
3632.3397022243016,-173.13159498882825,22.145996333147014,85,test
3632.3605350109046,-175.62926749955616,22.14643810302424,85,test
3632.381368361714,-138.27152099794702,22.146687970187255,85,test
3632.402201900037,-132.99784632797878,22.146147801729335,85,test
3632.423035064312,-95.81596204527767,22.14655246577766,85,test
3632.4438685034524,-90.29543366472437,22.14594544260562,85,test
3632.4647018567625,-106.02848914305726,22.146511796735073,85,test
3632.485534990574,-119.62415100441046,22.145817533619944,85,test
3632.5063679777254,-158.0979152045256,22.146042619723374,85,test
3632.5272014284624,-63.20531265070713,22.146725790144558,85,test
3632.5480352352292,-163.31836523031086,22.14601056525431,85,test
3632.568868342922,-92.16625219792199,22.14733018492617,85,test
3632.589701394879,-141.97884978952715,22.146674532360414,85,test
3632.61053495893,-135.55896374888223,22.147200593210435,85,test
3632.6313680707044,-201.034364726907,22.145951571114196,85,test
3632.6522015183637,-179.3077741645492,22.146358292431117,85,test
3632.6730348594915,-192.98380008862313,22.14649251950468,85,test
3632.693868063221,-214.40884051003292,22.146089048964622,85,test
3632.7147012232103,-172.23684366306824,22.146480316618664,85,test
3632.735534580087,-126.43429370157497,22.146735358874963,85,test
3632.756368172003,-142.00011949293346,22.146606905632,85,test
3632.7772014833786,-170.9628447302667,22.146537811444443,85,test
3632.7980346893555,-127.19106623688575,22.147235950085225,85,test
3632.8188679470613,-201.06503266203532,22.146838025923714,85,test
3632.839701335262,-207.03272030368896,22.147243712627766,85,test
3632.860534320332,-283.8964099316989,22.14674131940522,85,test
3632.881367789218,-208.89615664593177,22.147388252544108,85,test
3632.9022008548086,-232.30662975012785,22.14720055862953,85,test
3632.9230342414758,-237.25246679550563,22.146855386766198,85,test
3632.9438674529383,-128.40870959712225,22.14750632581346,85,test
3632.964700675763,-85.71648241170382,22.14696229200177,85,test
3632.985533844237,-2.8405555620463887,22.147617741322907,85,test
3633.006367216831,45.41942531776764,22.14752031628253,85,test
3633.0272007420376,-15.049334847936457,22.147595281819513,85,test
3633.048033628929,14.475869953590866,22.147369785223884,85,test
3633.06886780259,-7.755678517233031,22.147845297412218,85,test
3633.089700684504,16.274583516941266,22.14776266381015,85,test
3633.110534069058,-44.62772659979783,22.147622028266753,85,test
3633.1313670620984,-5.174499733945152,22.147972539497285,85,test
3633.152200865688,9.371316489100655,22.148083032846547,85,test
3633.173033674662,-10.242016910726004,22.147606683896086,85,test
3633.1938673747536,30.783301361865977,22.147848243178462,85,test
3633.2147003401956,40.85042438146294,22.148174448227348,85,test
3633.235533590358,42.27487413793975,22.148241030619495,85,test
3633.2563673301484,139.50303306984432,22.14881357670872,85,test
3633.2772001132744,84.93267856759819,22.147677389470953,85,test
3633.298033227925,116.34318637971,22.14815757116942,85,test
3633.318866869172,94.2873220565317,22.148497863625973,85,test
3633.3397000748787,89.20635988948696,22.14823151174487,85,test
3633.360533414618,137.93911095711448,22.148360099141108,85,test
3633.3813665843054,78.85279223784418,22.148738827221305,85,test
3633.4021997650575,28.251857533664808,22.148971842916087,85,test
3633.4230329789643,-53.80392587586716,22.147868713664522,85,test
3633.4438664409363,-105.0757376462097,22.14810665927459,85,test
3633.4646996131346,-126.73976631117165,22.14816128727667,85,test
3633.4855332903758,-193.1145261154724,22.14787302674449,85,test
3633.506366276346,-216.5748476923251,22.14809172868072,85,test
3633.5271994757436,-159.4204703743118,22.149063680716434,85,test
3633.5480328936187,-182.13623198855237,22.1484101877682,85,test
3633.5688660880774,-181.5555251418296,22.1482299925806,85,test
3633.589699244195,-200.5007338375432,22.14867510543368,85,test
3633.610532743996,-276.82133432799674,22.14840880589796,85,test
3633.631365462821,-258.3315763994709,22.14841549762215,85,test
3633.652199004704,-329.2993000501931,22.14779301023292,85,test
3633.6730325735725,-238.23009182818603,22.148776781039814,85,test
3633.6938655435174,-206.26342747044612,22.149594939259693,85,test
3633.7146987247193,-222.23550882931593,22.14892826999975,85,test
3633.735531973406,-230.6358864833866,22.148757796587578,85,test
3633.7563660027417,-190.3092328172903,22.1483070731626,85,test
3633.7771987506717,-99.46993291270933,22.148723267922946,85,test
3633.798032064485,-108.16312795666225,22.14903650915527,85,test
3633.8188651270198,-127.98810646586676,22.14859781150445,85,test
3633.8396984939122,-88.33766759677303,22.148019561161174,85,test
3633.860531889205,-130.66612470401788,22.148600011799882,85,test
3633.881365462869,-67.87668552131595,22.14904127878339,85,test
3633.902198208399,-53.281832679782305,22.14847661300685,85,test
3633.9230317219917,21.161101798039457,22.14942252663748,85,test
3633.943864977403,-46.92167612200633,22.14910375764226,85,test
3633.964698103433,24.977861880356556,22.14908988352935,85,test
3633.9855313346966,30.57840908173468,22.149233916036064,85,test
3634.0063648324735,5.421857147849285,22.150128377438328,85,test
3634.0271978693827,-6.788932103742305,22.149793178796774,85,test
3634.0480308286947,-26.819480409373377,22.149871407098342,85,test
3634.0688643840926,-27.94587759945635,22.149363618032197,85,test
3634.0896978531996,-87.7219315129058,22.148855182084386,85,test
3634.110530595224,30.715485445770213,22.149702792045662,85,test
3634.131364502237,-6.835098889151435,22.14883307581868,85,test
3634.152197222386,-57.569225829565994,22.149662979972877,85,test
3634.1730301704147,-80.96030330630593,22.14958197775328,85,test
3634.193863773758,-112.45132571856406,22.149511515167067,85,test
3634.21469699964,-155.96984759281398,22.150372075306795,85,test
3634.2355303105933,-113.60991781347566,22.150320600754675,85,test
3634.256363713662,-164.82030413230697,22.150148033946518,85,test
3634.27719679486,-164.48377953079304,22.15074591348594,85,test
3634.2980302725064,-217.0723870315825,22.14994191925664,85,test
3634.3188635591546,-95.62810173421471,22.150905446854605,85,test
3634.3396967315166,-127.93930444975116,22.14946243559007,85,test
3634.3605299864553,-35.33739064685542,22.149916357932053,85,test
3634.381362780379,-74.75267897419332,22.150193024250985,85,test
3634.402196599499,-108.66905189671677,22.150704037768065,85,test
3634.4230296298515,-153.97376932779562,22.15020004164983,85,test
3634.4438628577127,-257.0479087638937,22.150375970674837,85,test
3634.464695888594,-279.22195213427455,22.15050993909647,85,test
3634.485529117926,-319.96935024007223,22.15064721078221,85,test
3634.5063626392835,-360.0980177899571,22.151304874157393,85,test
3634.527195306625,-399.4820099619665,22.15101476495683,85,test
3634.548029218393,-362.6423634087146,22.150714441029994,85,test
3634.5688624789136,-287.7439238526868,22.151779532439154,85,test
3634.5896953902848,-256.6725416506822,22.151390249270758,85,test
3634.6105284895116,-179.01427388767198,22.15051162267215,85,test
3634.631361639241,-75.11751344244797,22.151272042571534,85,test
3634.6521944448004,-76.76958868629706,22.15155603999228,85,test
3634.673028527345,26.621110457776854,22.152133358236583,85,test
3634.6938616851608,-32.128498745357334,22.151698166277715,85,test
3634.714694527674,-79.2433467762045,22.151448072987698,85,test
3634.7355280767065,-134.01848594497653,22.15116060407063,85,test
3634.75636097807,-170.87755809630167,22.151144127551287,85,test
3634.7771943945495,-133.9233033897201,22.151222526987638,85,test
3634.7980271849037,-110.22403513312734,22.152243541131558,85,test
3634.8188606417707,-171.16818626170337,22.151285793505153,85,test
3634.8396939768704,-151.27821898604714,22.15174173739256,85,test
3634.8605273430844,-213.45393878697718,22.151837051578365,85,test
3634.8813600214253,-238.2981761078246,22.152166384819097,85,test
3634.9021932346254,-238.88872285327216,22.152010750290295,85,test
3634.9230266639534,-235.60431600315252,22.15224982233375,85,test
3634.9438599540363,-241.2489205175568,22.15207999958999,85,test
3634.9646932183855,-348.95118276565586,22.15139496471346,85,test
3634.985526170719,-252.38717534613056,22.15287306404356,85,test
3635.006359625253,-236.76132714988842,22.152181053342385,85,test
3635.0271928226666,-225.51150200805927,22.15300752528251,85,test
3635.0480257380227,-189.57392159895733,22.152618729362217,85,test
3635.06885904825,-141.6390158724593,22.15254069956193,85,test
3635.0896924557146,-90.94517317913913,22.153153935321605,85,test
3635.110525456815,-124.0690365531049,22.15304547458831,85,test
3635.1313587587406,-76.64265012464726,22.153369086887704,85,test
3635.1521918116114,-162.85265857119091,22.153326865779558,85,test
3635.1730249131183,-139.2240382896083,22.15306158447145,85,test
3635.1938581535837,-104.28812748933767,22.152510992487898,85,test
3635.2146913746133,-129.9394181806003,22.152619734522496,85,test
3635.235524775663,-17.651838669826336,22.15378165343162,85,test
3635.256357554153,114.3756298400227,22.154547368256154,85,test
3635.2771907147576,51.80939592901481,22.15428896025518,85,test
3635.298024095495,66.32468455567209,22.15354484578565,85,test
3635.31885704015,138.19410352069502,22.15408348944472,85,test
3635.339690539019,36.93549040505473,22.152701796540317,85,test
3635.360524440932,153.05826918768383,22.1543880466102,85,test
3635.3813566332583,62.8884754098765,22.153412845309468,85,test
3635.4021893477843,127.7795775747712,22.153279059354073,85,test
3635.4230229268105,194.26863660126716,22.15385767425362,85,test
3635.4438567410075,186.72541958864278,22.15405041148029,85,test
3635.464689072092,152.69650434582195,22.15426136376779,85,test
3635.4855222042224,7.605374518346564,22.152834971693064,85,test
3635.5063554876206,65.47424903354211,22.15329717720242,85,test
3635.527189301293,41.4110209933901,22.154225201106566,85,test
3635.5480215508887,21.747290619362516,22.153626955066894,85,test
3635.5688551902117,-18.864316543312377,22.153219284666594,85,test
3635.5896883244054,43.282569704343636,22.154176403213796,85,test
3635.6105215142547,-22.262111081403887,22.15421666420908,85,test
3635.6313545427392,-21.599961176255785,22.153497250510036,85,test
3635.6521878588346,2.609662799100952,22.154007799515426,85,test
3635.673020720151,46.29863032197884,22.15396487962338,85,test
3635.693854043864,54.094940906372244,22.15380613214962,85,test
3635.714686912331,123.74207946968896,22.15414331081961,85,test
3635.7355204384917,130.30619074271962,22.15420256461257,85,test
3635.7563535320814,200.10644781552978,22.154183142763188,85,test
3635.777186951639,116.72485527288062,22.153837094428656,85,test
3635.7980197217294,151.81064468382226,22.153826446303984,85,test
3635.8188530527686,70.34072420595076,22.1534696220038,85,test
3635.8396859330646,26.637466585012113,22.152863342533543,85,test
3635.8605191540164,46.32287511831478,22.1531263731048,85,test
3635.8813523881195,53.75091127531783,22.15336943166085,85,test
3635.9021855446954,91.58621674375554,22.153498184287113,85,test
3635.9230183163036,10.633186530373633,22.153860188318617,85,test
3635.943851519096,77.3621686460897,22.15395455071987,85,test
3635.964684403245,-40.97486761961532,22.15308688399558,85,test
3635.9855176829387,-0.023532789139410055,22.15365699173184,85,test
3636.0063509030656,58.21447564656165,22.154121668727313,85,test
3636.027183966027,128.24993906691267,22.154332933606685,85,test
3636.043156049251,121.13603783188111,30.335465586448276,85,test
3636.275098373882,164.51164158295313,21.288169398712725,86,test
3636.296625213167,370.1443470727159,21.987314931233026,86,test
3636.3174589313508,472.30393477963855,21.986517540632104,86,test
3636.3382918400894,552.3559737729202,21.986982564117273,86,test
3636.3591247317795,600.0982140023496,21.988778613428277,86,test
3636.3799576044107,625.3412928681842,21.987397805173543,86,test
3636.4007905675176,563.3098826173253,21.988057206000466,86,test
3636.4216240274554,530.3902613128753,21.98788944917005,86,test
3636.4424575589783,522.9460785847216,21.988604327854695,86,test
3636.4632905887506,353.6798156605348,21.98738854069105,86,test
3636.484122813248,413.6250134617572,21.98762140390091,86,test
3636.5049565123627,411.1906732402822,21.987618679324534,86,test
3636.52578922745,433.76116391652096,21.987189655945887,86,test
3636.546622538896,453.85014566054434,21.987974977460244,86,test
3636.5674552539367,345.4681547450601,21.9858147744529,86,test
3636.5882885022565,452.0476488690459,21.98827269531864,86,test
3636.6091209350866,522.02228800131,21.98650804828711,86,test
3636.6299548976986,503.9597114673457,21.987761977501805,86,test
3636.650788303703,438.246308659558,21.985274131845568,86,test
3636.671620648046,559.6975344886847,21.986454390817322,86,test
3636.6924540858336,563.3845271717029,21.9843682062476,86,test
3636.7132871551553,468.50077112591157,21.985967640754804,86,test
3636.7341208782914,486.19038997510705,21.984575038807918,86,test
3636.754952866578,384.59602453092936,21.985157909819698,86,test
3636.775786607774,480.1474806734569,21.984796165839658,86,test
3636.7966184762563,568.1523858827202,21.986082162861422,86,test
3636.8174528744867,482.134040033125,21.98397577279553,86,test
3636.8382847684743,522.7560011743141,21.984108844190303,86,test
3636.8591189618596,507.27729974783057,21.985733741670522,86,test
3636.879951361272,448.59140804116976,21.98346965470123,86,test
3636.900783942538,474.9958583677597,21.985492519839315,86,test
3636.9216166028464,611.5187295894061,21.98697973899656,86,test
3636.9424501289955,387.9394640547111,21.991319939539096,86,test
3636.9632825411777,496.01083939576233,21.99484119561518,86,test
3636.9841158523236,498.5179135955298,22.001760819349663,86,test
3637.0049489248695,349.7662953659123,22.005021273055807,86,test
3637.025782504989,371.21604577395,22.00977910913664,86,test
3637.046615502289,330.0262340782669,22.01240766959941,86,test
3637.067448067552,353.9411161575419,22.018156880868215,86,test
3637.088281190626,253.07442350340943,22.022699890841743,86,test
3637.109113706791,336.02802945299334,22.031564225947,86,test
3637.12994750189,324.039664513445,22.037740733670404,86,test
3637.150779738064,446.13726410867,22.048048363561197,86,test
3637.163975650337,478.4131789750063,42.706583099440046,86,test
3640.9257353293615,-169.04341448300687,28.485264083763266,86,test
3640.942399722853,-218.74671561481188,22.063234636189698,86,test
3640.9632345842706,64.06052596741776,22.06139922203445,86,test
3640.9840670311896,-328.09285369888664,22.056536655263596,86,test
3641.0049012632867,-81.31870486284905,22.057419705386526,86,test
3641.025731564754,-401.6793597345145,22.050394932891926,86,test
3641.046963193832,-520.1284221229454,22.825458348221005,86,test
3641.0674037830486,-597.4118936591647,22.81568566857396,86,test
3641.088234326726,-492.8150015041586,22.046455764593272,86,test
3641.1090685702393,-350.79219261292417,22.048490813219605,86,test
3641.1298992268253,-294.62985403917423,22.04709769513233,86,test
3641.1506278541747,-347.473899333735,23.67186937634483,86,test
3641.169922940245,-394.537820546495,25.733469232535693,86,test
3641.1923986322827,94.74396098496224,23.675606415309307,86,test
3641.2133582647316,-121.31369853549417,25.72772818158748,86,test
3641.2340655230932,46.41511673325441,22.0363918363245,86,test
3641.2539386717617,-70.11334006388674,23.664444330999682,86,test
3641.2723964378574,178.2986623165106,26.979416953224337,86,test
3641.296565094483,-109.52606906640997,22.797231324068836,86,test
3641.316639516901,143.68109883749307,25.71799281972991,86,test
3641.338233258184,-137.11120654174067,22.022362033180425,86,test
3641.3574419333936,-119.92025104456538,24.62235702453451,86,test
3641.380205038857,-137.29482616128834,28.42271658253328,86,test
3641.402368265826,-192.01838496599132,25.70639865905996,86,test
3641.423878361013,-69.89968830566637,34.79773623121949,86,test
3641.442674848013,-154.97852391515272,26.95337588904402,86,test
3641.463750736428,-108.90102361727529,30.135427069082834,86,test
3641.4843418489477,87.48534799989639,38.119033705436216,86,test
3641.5051467746334,42.89640977097704,25.70140438423612,86,test
3641.523645803799,-82.34144251020194,30.135948488685795,86,test
3641.546564795311,-20.666466110209385,30.12747562794005,86,test
3641.567620422505,-102.43227207945873,34.787974517423756,86,test
3641.585623492953,211.16074158269717,30.124957585097725,86,test
3641.6085360458446,-353.4721121119768,30.113627461489305,86,test
3641.6271132743677,243.84656192199037,42.60268708730661,86,test
3641.6485664173265,47.337040367928324,28.410003126081005,86,test
3641.6735020406154,214.11858929015503,38.11226137876314,86,test
3641.6989917191263,-239.9574716131576,42.58157868922651,86,test
3641.710104814506,-154.41061662355824,42.59153968314361,86,test
3641.7340559498693,-5.871770935162797,60.28075934532577,86,test
3641.7618357462898,-770.9367803319101,85.18591582528738,86,test
3641.77294671391,-69.18100874542255,85.18436252630214,86,test
3641.797945017874,185.04112541584843,49.19409336690114,86,test
3641.822947496975,45.682470423518616,60.21197607196608,86,test
3641.8403063191913,852.3893824140489,60.24770369604599,86,test
3641.863223703762,-345.5477809223453,60.26672003015544,86,test
3641.9035005770534,-922.2428132010796,85.16118801960258,86,test
3641.928500251756,-400.46004639515684,85.08716528865008,86,test
3641.93961121798,-904.6184758779717,85.06976655461409,86,test
3641.968777504318,-434.97742073750345,85.19513742213663,86,test
3641.9822069777906,-727.1864450182348,49.1537400872822,86,test
3642.0104436264946,-74.00759075093521,85.13281799560751,86,test
3642.02757663338,-533.4876520216632,49.1956456249281,86,test
3642.051645684125,-130.15044584680774,49.167396362063485,86,test
3642.085444251956,469.62942866246436,60.23989089413533,86,test
3642.104886832413,991.0581717946789,85.15676915179971,86,test
3642.173870302347,-211.7278107797941,49.13308901632739,86,test
3642.2021077729028,-664.0206759072065,84.9954581594804,86,test
3642.218773906564,311.7072287952062,60.23250852930429,86,test
3642.2291925455443,116.88958340079928,60.18821199539089,86,test
3642.254884396505,-183.69991023823516,60.168356170982044,86,test
3642.2854400021206,750.6066318845317,85.19451253174026,86,test
3642.2896073470906,231.9871630396261,60.21022150234917,86,test
3642.3109042670767,-83.62648206876504,49.132227784857385,86,test
3642.3326615964647,-276.13899473855065,85.16233067632737,86,test
3642.3673833559033,-10.091944193324487,85.1323716453244,86,test
3642.3752588010484,-107.51718263924353,49.140089612699576,86,test
3642.4021051146447,114.66788764558089,85.1591169542889,86,test
3642.42849411048,418.2552249819671,60.22328585820839,86,test
3642.440992175093,-241.05158341459006,60.16518708699152,86,test
3642.4650620055318,76.6528831173022,49.14089858989409,86,test
3642.4854361081875,306.29816757365745,60.240145012522504,86,test
3642.5062708401006,-123.61664963760624,49.1572132378502,86,test
3642.528840276467,459.82908032697554,42.581747568455015,86,test
3642.5477350883984,-155.80890090120718,32.17108883200079,86,test
3642.561131139357,72.32831152928635,60.16929014068972,86,test
3642.5937692051734,761.8686565640243,85.0940658640271,86,test
3642.6097375022096,603.0038013711708,60.189542193045,86,test
3642.74724239199,-489.7973210988993,60.156302076496274,86,test
3642.972930691496,598.2036485596698,85.10796521184342,86,test
3642.984041964691,331.90359654773374,21.974743908072227,86,test
3643.004875021408,157.1630580037375,21.974814739276063,86,test
3643.0257079888775,-14.847513793170446,21.975393578575975,86,test
3643.046540851037,17.419111209821466,21.976905701385956,86,test
3643.0673743215198,46.81609763067863,21.975741086539777,86,test
3643.088206438165,50.821489152824405,21.977318635089894,86,test
3643.1090399472587,59.4273575408434,21.977190324857574,86,test
3643.129873026631,2.1337671846184088,21.976523013154463,86,test
3643.150705958166,-38.38951282820342,21.97697548064183,86,test
3643.1715391093458,-151.35683212917345,21.976748816063154,86,test
3643.192371980176,-136.32493557778704,21.975268146125153,86,test
3643.21320533306,-220.31832550894183,21.976653773310254,86,test
3643.234038390239,-202.0240257362514,21.97521472082995,86,test
3643.254871305753,-182.9765014397266,21.976428610794272,86,test
3643.2757043857814,-188.4470292945138,21.97548428010883,86,test
3643.296537031936,-101.12281551497581,21.974996852045493,86,test
3643.317370072529,-196.72431100877318,21.97579950477657,86,test
3643.338203404562,-65.56142268911516,21.974506026676444,86,test
3643.359036382708,-116.88178240335338,21.975244922345464,86,test
3643.3798695761716,-109.56867371241933,21.97357533975612,86,test
3643.400702598595,-123.02770858315154,21.97392081528194,86,test
3643.4215360389644,-180.41891037616585,21.973294482078238,86,test
3643.4423680881987,-182.74128651640694,21.97228868777008,86,test
3643.463201673454,-108.52625917247323,21.973656155748653,86,test
3643.4840346809674,-80.43328390620275,21.971432821951137,86,test
3643.5048674555906,-14.657081611230813,21.97294856943532,86,test
3643.5257012249704,-95.9381037957954,21.971915718358808,86,test
3643.546533530139,-163.08545733017488,21.971753168423987,86,test
3643.5673672478315,-128.41883860968844,21.972606725494686,86,test
3643.588199580868,-158.1588374358477,21.97085795703049,86,test
3643.609033094972,-102.29923148594071,21.97187384839026,86,test
3643.6298660911934,-147.66227659584817,21.97055079112586,86,test
3643.650698145878,-80.25346499019275,21.971656950312003,86,test
3643.6715324171264,-196.58145084289401,21.9707775277434,86,test
3643.692364469517,-213.80375408946998,21.970674335442467,86,test
3643.7131976537753,-214.69696299755162,21.97165850502183,86,test
3643.7340313144687,-149.0800686974063,21.969831494030757,86,test
3643.7548640859077,-148.80047512653843,21.97098324130377,86,test
3643.7756976205737,-230.6272694743286,21.969719371422716,86,test
3643.7965299920875,-163.35202844233623,21.970498787849653,86,test
3643.817362865824,-125.58852291532816,21.971103734647063,86,test
3643.8381965673448,-130.01844594794105,21.968898038154325,86,test
3643.8590291649634,-73.80892112690144,21.971174165290524,86,test
3643.879862801678,-104.00153050936945,21.970215413633984,86,test
3643.9006951106685,-121.17724118935345,21.96907678857597,86,test
3643.92152852589,-109.68355570734485,21.96950618641706,86,test
3643.9423614833204,-74.39094860175017,21.9690044842747,86,test
3643.9631944184107,-164.5681999888388,21.969954858943744,86,test
3643.984028067215,-138.10794221397757,21.969242731506533,86,test
3644.0048602142547,-92.58651543069513,21.96890452089219,86,test
3644.0256934718045,-245.9924971272222,21.969298735140516,86,test
3644.046526691833,-251.80196554634193,21.968277738695036,86,test
3644.067359228983,-264.7913455679684,21.96827115296461,86,test
3644.0881926378415,-175.87939766927445,21.9684128430202,86,test
3644.1090250204006,-211.12298740369417,21.967938422127325,86,test
3644.129858597723,-255.6245410974923,21.968273873075642,86,test
3644.1506919503886,-164.4184455088372,21.967371705464082,86,test
3644.1715243399008,-82.99749823394518,21.967895156083028,86,test
3644.1923575508035,-229.24626234094924,21.968010118902075,86,test
3644.2131907421776,-140.60476102625023,21.96668733156223,86,test
3644.234023723478,-88.8934128561857,21.968290074263972,86,test
3644.2548569774376,-163.76655748660266,21.966637776902612,86,test
3644.2756896175733,-166.69074164752146,21.966329486884383,86,test
3644.296522872824,-41.14669265855503,21.967913193123028,86,test
3644.317355680089,-142.509502790046,21.96621453154241,86,test
3644.3381887660553,-147.72984228065988,21.966958079420074,86,test
3644.3590225082035,-219.47179204927588,21.96592790886743,86,test
3644.379854394441,-231.60494067490262,21.9651574817232,86,test
3644.400687916479,-113.97575776000629,21.966407318104,86,test
3644.4215215336794,-216.8553102630151,21.965272766706285,86,test
3644.442353724667,-164.38172124699634,21.965249706973946,86,test
3644.463187035593,-106.66145823558024,21.96631321516497,86,test
3644.484019968188,-202.91926217981833,21.964990892913303,86,test
3644.5048525249435,-152.88653048270177,21.965794678486507,86,test
3644.5256857644713,-115.69790639685039,21.965163809192937,86,test
3644.5465187092345,-177.110108810824,21.96497607025297,86,test
3644.567352487094,-82.09878677858848,21.965350489072062,86,test
3644.5881850580595,-21.47924207506834,21.96443443588538,86,test
3644.609017934503,-90.9661424631465,21.965327403547423,86,test
3644.6298511704595,-147.22939271368605,21.96478904530533,86,test
3644.650683881505,-193.48706658804088,21.96409402654643,86,test
3644.6715173173347,-159.91750135255998,21.964959219473375,86,test
3644.6923506945705,-181.39378819132867,21.963357987787678,86,test
3644.7131828865395,-144.00247116096364,21.964542243969152,86,test
3644.734016117819,-198.21700969730537,21.964504026717975,86,test
3644.754849002976,-146.2593525867242,21.96338320276154,86,test
3644.7756820502545,-206.18978679766803,21.964336274409824,86,test
3644.7965158336137,-200.44101091078085,21.963236530342417,86,test
3644.817348134767,-199.12005916006163,21.963790494456713,86,test
3644.8381814134914,-195.4762897020722,21.964419286296394,86,test
3644.85901362815,-149.75937538025286,21.962672600592295,86,test
3644.879847036917,-152.59585362246037,21.963921447969163,86,test
3644.900680531686,-161.2826711512998,21.963135730815075,86,test
3644.9215133544762,-182.20933551313328,21.96335152719339,86,test
3644.942346079692,-234.84457727500435,21.963344492475873,86,test
3644.9631793624176,-94.19056008830552,21.962493270546656,86,test
3644.984011991137,-230.83227454506715,21.96303678964248,86,test
3645.0048453322897,-151.9495134421586,21.963335346513805,86,test
3645.02567778018,-100.68653813729742,21.962648359854672,86,test
3645.0465112818783,-168.077267359241,21.962323878963698,86,test
3645.0673442894663,-70.72328387757256,21.96303234063119,86,test
3645.0881767495744,-210.65208003857788,21.961648715622566,86,test
3645.109010257961,-99.62917420158894,21.962541263329566,86,test
3645.12984354425,-75.2398517265989,21.962042238956244,86,test
3645.1506761194505,-98.40132479462541,21.96184816020432,86,test
3645.1715086863073,-133.22052685702968,21.96192329851333,86,test
3645.192342515879,-168.87238881545147,21.961595900913615,86,test
3645.21317496004,-191.47874181037528,21.96207150934153,86,test
3645.2340085009682,-242.57309314158078,21.9623255899075,86,test
3645.2548407943023,-229.1830521246317,21.961460258180555,86,test
3645.275674060195,-283.8791617905548,21.962605223996714,86,test
3645.296507959914,-252.93762432546822,21.960828471955555,86,test
3645.3173401658382,-136.48395221098,21.96193417629555,86,test
3645.3381734642358,-207.2697768513614,21.962495541102147,86,test
3645.3590057586125,-218.53035596834494,21.960349323310176,86,test
3645.3798392445387,-224.19131223313664,21.9619979909835,86,test
3645.4006726316707,-171.03221086008477,21.96157813299323,86,test
3645.4215049775794,-231.27532116529707,21.96150293874135,86,test
3645.4423381400265,-226.68982910950962,21.961558857152568,86,test
3645.463170727695,-157.4850737077943,21.960738955977074,86,test
3645.484004515041,-67.1680198424237,21.96185952926074,86,test
3645.5048374294347,-44.5806179800283,21.961355340724133,86,test
3645.52566996298,-95.97481925220183,21.961515483792873,86,test
3645.54650339087,-139.4383925615409,21.961951658132428,86,test
3645.567335553485,-129.96651344251038,21.961468944866855,86,test
3645.5881686597104,-75.70692072765789,21.961530268718025,86,test
3645.6090026066386,-84.58552123977272,21.960094989456827,86,test
3645.629835330383,-99.98782696856927,21.960237543264967,86,test
3645.6506682809127,-123.55095869424598,21.96091665693375,86,test
3645.6715014999263,-81.33918294976198,21.959594307105807,86,test
3645.692334206262,-92.81851791537208,21.961209675452544,86,test
3645.713167031633,-236.4266408000114,21.960449016651406,86,test
3645.733999708098,-77.50819176340558,21.960101163111243,86,test
3645.754832629957,-66.45967910150048,21.960611302478917,86,test
3645.7756664065882,-14.709761760118512,21.959114338284568,86,test
3645.796498771105,-75.06165126939756,21.960518238606753,86,test
3645.8173325607686,-85.44656596711388,21.96021511137377,86,test
3645.838164616081,-93.25689310553209,21.959613512901907,86,test
3645.8589976408293,-76.49245540339894,21.959679350595138,86,test
3645.879831127375,-32.002215525973476,21.96001548195554,86,test
3645.900663920409,-38.52625727870985,21.960116485191705,86,test
3645.921497136007,-138.24894065292912,21.960662992792663,86,test
3645.942329568842,-117.01492571015642,21.958592206439015,86,test
3645.9631628423394,-1.6690790954583914,21.96125979071433,86,test
3645.9839962711394,11.509635028205668,21.96080007618821,86,test
3646.0048282825805,-76.34973846656005,21.960135683390355,86,test
3646.025662045465,-34.19898962864862,21.96116278674213,86,test
3646.0464949137377,19.967882108618408,21.960720514555902,86,test
3646.0673276527705,-81.2000865807099,21.961001476058254,86,test
3646.0881608631535,-25.55799021719723,21.960936024087427,86,test
3646.1089933533412,-104.15035118855846,21.959600154470344,86,test
3646.1298264112042,1.2184255814768508,21.961432429383102,86,test
3646.1506600575526,-17.59968360390976,21.960297168576993,86,test
3646.1714920712843,72.08842772562262,21.961514665909977,86,test
3646.1923256233613,55.17430443968438,21.961287656310137,86,test
3646.2131576301213,29.122894487860542,21.96006813222613,86,test
3646.2339910836617,66.21986958625408,21.961892482125474,86,test
3646.2548245631456,56.311632610944095,21.960610910894584,86,test
3646.2756568472514,71.65603542000255,21.960452240954627,86,test
3646.2964905434433,39.121269578984624,21.961492552065828,86,test
3646.3173237657707,46.13647197547196,21.960197058403274,86,test
3646.3381565959908,181.27696422391435,21.96062391180235,86,test
3646.3589894004635,215.40847964663521,21.961332970731103,86,test
3646.3798220114345,143.8652369388445,21.959929672417076,86,test
3646.4006553279564,55.547604223734936,21.960309463888414,86,test
3646.421488751041,117.21743044469748,21.960285996589334,86,test
3646.4423212156394,56.18897804250595,21.96065285997522,86,test
3646.463154341542,69.34731296706308,21.961556756974744,86,test
3646.483987134294,40.611312874522184,21.960051953399546,86,test
3646.5048199709363,17.777344207891634,21.960268804248116,86,test
3646.525653100534,59.48612713714257,21.961637153158286,86,test
3646.546485551079,-67.02914725352765,21.95976127220655,86,test
3646.5673188053224,25.36395369040238,21.960963796316364,86,test
3646.588152886034,48.90585567211158,21.960370179212585,86,test
3646.608984519336,-20.2058114971908,21.960912184110413,86,test
3646.629818114358,-64.22038200476968,21.96154257134204,86,test
3646.6506512776014,16.658621049686186,21.959773266608636,86,test
3646.6714839310134,-14.911011728254019,21.961891394977552,86,test
3646.692317250706,-12.860188095628272,21.960557629261267,86,test
3646.713149703537,77.65146500722545,21.961205265873673,86,test
3646.733982545332,16.051839670685936,21.9615379748558,86,test
3646.7548156330267,42.10364565848987,21.961353881152107,86,test
3646.775648441099,99.93787831101406,21.960937936778524,86,test
3646.796481934759,38.28774163051792,21.962090455552385,86,test
3646.8173145225373,65.13944254494746,21.960736923785863,86,test
3646.838147383413,117.34868948344186,21.96159101146895,86,test
3646.8589806734312,75.46918538931187,21.96237955000777,86,test
3646.8798128215067,50.8534246098529,21.960789246253025,86,test
3646.9006463541127,121.59112119083633,21.96231194982485,86,test
3646.9214796825554,126.72593341920391,21.962045087978996,86,test
3646.9423119307485,206.6545207646333,21.961310430813054,86,test
3646.9631450030924,190.70649422046787,21.96211484686813,86,test
3646.9839785838303,133.6380687560001,21.960840441854284,86,test
3647.004811281901,112.12592403273004,21.96202036794189,86,test
3647.0256436172,163.39307529198544,21.96287042456863,86,test
3647.0464768726665,99.01029348968132,21.96104281287367,86,test
3647.0673096727924,166.34888393075406,21.96222582820695,86,test
3647.0881428405883,160.2394228015165,21.961881088997682,86,test
3647.108975759443,189.2830216871884,21.960785466292617,86,test
3647.1298087675655,262.47666096535073,21.96210068790992,86,test
3647.1506420809073,256.75727680484897,21.9612986282384,86,test
3647.1714737665575,197.50078414510824,21.96133246885244,86,test
3647.1923074923393,133.4441485706402,21.9620419559841,86,test
3647.2131409845742,199.75396919083087,21.96000969915099,86,test
3647.2339731925467,349.02019082502017,21.96279571446385,86,test
3647.254806647562,211.65389725180776,21.96169358818535,86,test
3647.2756386500164,139.9706341265438,21.96039478064522,86,test
3647.29647248858,124.90849350148183,21.962004157601715,86,test
3647.317305838814,130.48162762252431,21.960815589031462,86,test
3647.3381381448053,165.0653511931175,21.961571895124948,86,test
3647.3589708324353,209.45424999632712,21.961454701895008,86,test
3647.37980399298,306.8121831161786,21.96107812586105,86,test
3647.400636402658,83.14115701653088,21.96066196567177,86,test
3647.421469757702,86.88810456031524,21.96290382130843,86,test
3647.4423019335886,193.5074575262624,21.96194419823982,86,test
3647.463135533076,71.08469041229107,21.961542776703777,86,test
3647.483968440398,162.73344121899729,21.962188822975513,86,test
3647.5048021926123,248.55017002576759,21.962939173058658,86,test
3647.525634772625,239.5741823028008,21.96071551896561,86,test
3647.546467421007,236.02761726039688,21.96342685008011,86,test
3647.5672999434323,165.70257112815514,21.960942586015022,86,test
3647.5881334921687,131.2671118403965,21.960312775862096,86,test
3647.6089663595503,173.47433476716614,21.962489489519072,86,test
3647.629799297893,205.9713985886413,21.961162332499498,86,test
3647.6506316990476,188.52628654470914,21.95943753630804,86,test
3647.6714645237657,140.27948655743106,21.960270874700253,86,test
3647.692298450838,103.9355146677789,21.959749577931184,86,test
3647.713130380927,196.002309440497,21.958965220424574,86,test
3647.7339639006923,70.40269133696194,21.960664377268937,86,test
3647.7547974134795,111.76652958298737,21.96102142438729,86,test
3647.775628899776,94.05645171087956,21.959862121404786,86,test
3647.796462146693,117.86914698721847,21.961574065634178,86,test
3647.817294623647,174.7935246235649,21.96066172193109,86,test
3647.838127595508,221.83229979676977,21.95795712424008,86,test
3647.8589615081123,199.79231140818686,21.961687209880942,86,test
3647.879793708499,101.24533658862883,21.95994352806491,86,test
3647.900626914946,161.30410386769734,21.958753223096906,86,test
3647.9214599571987,254.9835661750034,21.961657517695517,86,test
3647.9422938100874,78.99560641289987,21.95903182191614,86,test
3647.9631260761944,168.02970419435624,21.958931775428624,86,test
3647.983958298421,189.199112117784,21.960667296735757,86,test
3648.00479073009,81.28223744578187,21.962373512565105,86,test
3648.0256247469315,139.8290439012583,21.958370775379084,86,test
3648.0464582663208,209.9201234908658,21.961029756044486,86,test
3648.067289844702,201.4878348444803,21.96006273778306,86,test
3648.0881227359937,274.85167402422593,21.958581454738002,86,test
3648.1089551197656,221.39847126736584,21.961096573147916,86,test
3648.129789101289,195.55605869146785,21.959950254084184,86,test
3648.150623043762,307.8007139633146,21.95755505932775,86,test
3648.1714544920933,475.0618133843593,21.961126702712868,86,test
3648.1922879815143,317.99360550767176,21.95961974911908,86,test
3648.2131197150234,302.0849919786776,21.957468881671854,86,test
3648.233953579676,397.9292301727776,21.959457635437584,86,test
3648.25478580233,221.30159709922174,21.959544474292453,86,test
3648.275620176999,67.66724633850417,21.957959652455777,86,test
3648.2964516971065,179.15347485750746,21.958087509501627,86,test
3648.3172844459236,243.09050079672477,21.961015419653467,86,test
3648.338117021548,97.6795642462271,21.95732108632731,86,test
3648.3589498878614,148.16120556402214,21.959514080427546,86,test
3648.379783826535,142.021405202254,21.95925746109787,86,test
3648.400615876474,315.58055807284967,21.957718877688244,86,test
3648.4214460492394,246.00282265645487,21.95623811911968,86,test
3648.4422819085794,259.2660168887074,21.960369949188717,86,test
3648.4631172729437,257.569781048841,21.95945402026054,86,test
3648.48394673897,178.9836645696491,21.95664784444637,86,test
3648.5047802036956,189.26757044946024,21.9586098549939,86,test
3648.5256142856524,210.17505630904736,21.957932198809072,86,test
3648.5464450809955,71.49216931364589,22.72581619702733,86,test
3648.567280144817,293.0158639745325,21.954005033581627,86,test
3648.588310574904,344.8912070621642,22.7241008198899,86,test
3648.6089443525016,345.63302665703657,21.952528477556086,86,test
3648.6297755352516,114.29450427694186,21.9543750048563,86,test
3648.6506110344258,212.08284842016513,21.954827356545653,86,test
3648.671444811878,207.08075692077122,21.953189743112606,86,test
3648.6922761202554,188.07414830629526,21.954569186680718,86,test
3648.713108761115,156.4969465461276,21.952057392474114,86,test
3648.73394162234,88.66345941644916,22.718133289478022,86,test
3648.7547744893354,301.9359677929672,21.95332975489455,86,test
3648.7756064329214,191.53787975498082,21.952410416201232,86,test
3648.7971349161844,301.69945113430384,22.723166531723674,86,test
3648.817806344432,245.3856491231066,23.581561115570537,86,test
3648.838108163144,101.78360736537859,21.95009497332066,86,test
3648.858940941376,23.202666070999452,21.94681290913793,86,test
3648.879772147408,-7.9220772235887,21.945935226173173,86,test
3648.900603587942,99.74783798036918,21.948434825281176,86,test
3648.9214359801067,-64.21242735330732,21.947538314268215,86,test
3648.941973860677,132.61890876549694,22.720881581511545,86,test
3648.9631023448933,-98.07625350420717,21.947911789649034,86,test
3648.983937224829,-114.48493743421633,21.945520725229397,86,test
3649.004769135948,-19.46324495601604,21.945011830344388,86,test
3649.0257000980296,-177.20113741599934,22.712632614258546,86,test
3649.046435147779,-65.19746487724638,21.947593071276625,86,test
3649.066971625031,-12.846778686999654,22.71659038186378,86,test
3649.088596426046,9.471381750496496,22.714050418371066,86,test
3649.1084697454285,-52.93727215393756,24.532240993311458,86,test
3649.1301601953146,-148.7709553681877,22.710143685818892,86,test
3649.1505984693213,-138.60048028365387,21.94036276785058,86,test
3649.171826821103,-21.195538138245002,22.70856010357333,86,test
3649.1933435666906,1.4576808771383074,28.32476308079782,86,test
3649.2134921843567,-144.74629108916488,22.709894305254572,86,test
3649.233333853702,-178.40167230542355,22.709974918586585,86,test
3649.2531418597696,-117.57403174677823,24.53042201307217,86,test
3649.275715051481,-414.8877705506415,24.522130430150288,86,test
3649.2958505109013,-177.5076863118102,24.529216160322182,86,test
3649.317258553555,-292.3737063744677,24.525093259398048,86,test
3649.3373991500725,-305.0310589171515,22.706206146030112,86,test
3649.357770352252,-456.73972089347455,24.518327811515334,86,test
3649.3801547298895,-536.5714868471961,22.70082812015105,86,test
3649.4001754678925,-202.45024900264343,26.86863899079751,86,test
3649.4214220321587,-425.4014962239452,21.932408084435696,86,test
3649.4424557265247,-320.2078804264452,22.711515615233566,86,test
3649.462394551858,-229.2471335134979,22.714345726223115,86,test
3649.4839211450703,-279.31576413805703,21.939617330563454,86,test
3649.5047577260248,-280.9624228576638,21.938554895081662,86,test
3649.5255892193654,-103.94973754725858,21.94291659764326,86,test
3649.546420609218,-234.0462071435841,21.938701487434006,86,test
3649.5672526239623,-232.25225170276073,21.94220508559637,86,test
3649.588302704315,-660.3976837688322,23.56204012389922,86,test
3649.6047512501677,-964.3926313433593,28.3154896176459,86,test
3649.826968782562,-133.90108563726687,85.13056839018058,86,test
3649.8380795121484,-277.95390014394803,21.974162925932752,86,test
3649.8589124836744,-198.60885025458646,21.976312637155736,86,test
3649.8797446532144,-192.6811994724606,21.97770527887214,86,test
3649.9005774807983,-32.74888232341603,21.97758106373934,86,test
3649.9214110055336,-73.50459971422617,21.977722563020954,86,test
3649.942243173744,7.233329212193942,21.9769465976029,86,test
3649.9630754281015,-0.09777795202427077,21.978446095075928,86,test
3649.983908910759,-104.44096380829919,21.978806714342007,86,test
3650.004741649614,-36.71869254586756,21.97997614738944,86,test
3650.025574563845,-82.39383695272801,21.97811883894699,86,test
3650.046407215709,-194.60592247980807,21.978298405036522,86,test
3650.0672396140253,-70.55252121197843,21.978570024273843,86,test
3650.0880731301727,-149.75071471031754,21.97842593169907,86,test
3650.1089051000695,-195.61839889242913,21.977959981993187,86,test
3650.129737981319,-255.4934839198467,21.978057043713445,86,test
3650.1505707804317,-294.2342627240794,21.979303328520096,86,test
3650.1714042913627,-363.33707767608047,21.977705158050558,86,test
3650.1922360191516,-299.80508033149397,21.978358751276136,86,test
3650.2130691483258,-300.232858892127,21.978422408627473,86,test
3650.23390172978,-284.36834253273383,21.979792122274723,86,test
3650.254733930238,-370.463103775618,21.98120128212138,86,test
3650.2755667429383,-310.8649359815409,21.98567721801488,86,test
3650.296399258605,-399.75226652221426,21.98865668406418,86,test
3650.3172329220224,-410.832512632748,21.98985576811043,86,test
3650.3380650823924,-522.959925493952,21.992829090704188,86,test
3650.358897879169,-550.7692115647177,21.995110972605097,86,test
3650.3797309935826,-631.8465701304197,21.997973873770494,86,test
3650.400562709798,-651.4454056722956,22.00006110405011,86,test
3650.4213954248785,-643.5365962943399,22.00503696720178,86,test
3650.442228009299,-551.0422125560418,22.01123669955829,86,test
3650.463061722588,-447.305018187218,22.01665365157464,86,test
3650.4838934151003,-443.0025674279519,22.024421654278754,86,test
3650.50472585417,-212.43177264243954,22.032369501054127,86,test
3650.5255591477467,-129.98500690859404,22.041112642035372,86,test
3650.5380598947445,-284.6681251760864,49.290594583174766,86,test
3658.884352542876,-13.323545800770928,30.18422914103245,86,test
3658.9003250386454,-67.22751352716762,22.042152749709174,86,test
3658.9211579445587,-165.11484615026313,22.03871435429112,86,test
3658.9419907636416,-183.10223287453238,22.03140547656227,86,test
3658.962823078353,-448.4329589739817,22.02243972790687,86,test
3658.983655813645,-289.316750568853,22.01543851822549,86,test
3659.0044883248556,-346.4523940569178,22.01037553048776,86,test
3659.0253212206844,-344.15975461113504,22.006422588080643,86,test
3659.046153382805,-330.4835475116722,22.003649558171535,86,test
3659.0669873513266,-377.95286599765814,21.997822093688544,86,test
3659.0878200304314,-283.40212541434545,21.986718468847037,86,test
3659.1086513134196,-299.92013004276066,21.978703936139002,86,test
3659.12948355583,-307.5558501477168,21.977950069671913,86,test
3659.15031585542,-321.41595007041093,21.977176879280503,86,test
3659.1711487445564,-309.0133689368053,21.977626431747442,86,test
3659.1919816408817,-203.73215134168132,21.976952755199168,86,test
3659.2128144987328,-256.8867963680499,21.976998922985732,86,test
3659.233646898517,-315.88141432949243,21.97573448585467,86,test
3659.2544799855623,-357.9683749129459,21.97565311912908,86,test
3659.275312820664,-225.61454002501225,21.97519656308628,86,test
3659.2961445915657,-325.1549137191643,21.974884356920303,86,test
3659.3169782804885,-246.75767256171127,21.97565275140637,86,test
3659.3378102321517,-164.12126749520365,21.97617769553376,86,test
3659.358643384062,-237.37567504480384,21.974942001304388,86,test
3659.379475697508,-295.686100710573,21.974121171295575,86,test
3659.4003085403247,-211.7656546224543,21.974965407137464,86,test
3659.4211412965433,-209.49387000061185,21.974420400880735,86,test
3659.441973952391,-243.6449186322186,21.975090050063177,86,test
3659.4628069933383,-242.88984070047044,21.97469833393973,86,test
3659.4836393659275,-171.3692417129314,21.974754193516766,86,test
3659.5044717653996,-148.94346447294714,21.975039887218887,86,test
3659.5253049297144,-101.55959245578778,21.97386308596563,86,test
3659.546137487182,-13.112075113522405,21.974948498851663,86,test
3659.5669694909902,-98.52220641889002,21.974481956904256,86,test
3659.587802467255,64.25768762431177,21.974767264988515,86,test
3659.608635097776,59.89989634952912,21.97420542840278,86,test
3659.6294677584588,-48.100874972148254,21.973517185062512,86,test
3659.650300166861,-20.014918047268136,21.974021739809984,86,test
3659.6711338051414,-146.08857799021564,21.972931674295385,86,test
3659.6919655016786,-44.48047916570627,21.97386786892376,86,test
3659.71279843242,-11.481013567671331,21.974435079865486,86,test
3659.733631000055,-119.79874018490166,21.97343563712088,86,test
3659.7544643153933,-42.208564172429305,21.974074457170726,86,test
3659.7752968934246,-47.50470205056422,21.97439522637329,86,test
3659.796129336771,-4.262872823930691,21.974348527216424,86,test
3659.8169619855807,-63.04450752145376,21.973853248190842,86,test
3659.837794092241,-39.93940514075639,21.97402783169521,86,test
3659.8586278769985,10.837722417412365,21.973806426801897,86,test
3659.8794599394137,-77.23932806944951,21.973923683026047,86,test
3659.9002924623805,-22.507002195841583,21.974049158729382,86,test
3659.9211252872838,-55.809834844926975,21.973010766731512,86,test
3659.941958444507,-14.43443602638865,21.973334138715934,86,test
3659.962790520241,-7.918147325865539,21.972927391343386,86,test
3659.9836232370794,-44.999222708053175,21.973688063119287,86,test
3660.0044553715484,-14.17942874010349,21.97305106497755,86,test
3660.0252882640907,-17.351201435180283,21.972870587334544,86,test
3660.0461216562016,23.34962848548538,21.972859143403134,86,test
3660.0669531323606,90.0616864568703,21.97338938618803,86,test
3660.08778615027,124.19074727338818,21.973293067173937,86,test
3660.10861880918,-54.91504696401246,21.97255346400451,86,test
3660.129451717243,29.838435995290737,21.97299084723007,86,test
3660.15028448007,61.5464115257619,21.972848894703443,86,test
3660.171117166894,101.3932373794884,21.973236924442848,86,test
3660.191949749587,11.702026895558456,21.972625404921907,86,test
3660.212782283861,82.8414419379952,21.972825806572235,86,test
3660.2336149013113,73.9353957854594,21.972730873755488,86,test
3660.254447951152,141.03266011285328,21.973986713580235,86,test
3660.2752805657046,1.2897550513760463,21.9734202916112,86,test
3660.2961130372614,28.004242577758912,21.972249196028635,86,test
3660.3169457564168,-69.77338235096992,21.97260393278893,86,test
3660.337778356142,-98.23758373569866,21.971953211036716,86,test
3660.3586110803208,-37.76127509711303,21.97285153126528,86,test
3660.379444259504,37.29986141602496,21.972908686717375,86,test
3660.4002760851167,-1.701310810664734,21.97180499727546,86,test
3660.4211087321414,-11.283726301904398,21.972200679866848,86,test
3660.441941508986,45.63667239078588,21.971761860788273,86,test
3660.4627739584857,90.44290524250577,21.973373535607674,86,test
3660.4836067154247,44.33717486137379,21.971673617624393,86,test
3660.5044397410247,27.211689698240576,21.971565894726485,86,test
3660.5252722596447,225.66105691035577,21.972539687630555,86,test
3660.546104654896,198.607101597563,21.973012708440635,86,test
3660.56693729053,264.7160096526037,21.971246621058405,86,test
3660.587770284168,357.4903980939771,21.972366913766322,86,test
3660.608602550728,117.2456334340535,21.971081813532237,86,test
3660.6294349213235,174.80508266207167,21.971163347907062,86,test
3660.6502679815376,148.15940160245302,21.971359125811368,86,test
3660.671100682601,240.52245122504075,21.970858059296372,86,test
3660.691932791359,196.57884479048647,21.97064017072813,86,test
3660.712765558255,153.97904213419392,21.970054202346372,86,test
3660.733598564653,202.05942069085552,21.970225526497476,86,test
3660.754430680837,222.72060459687415,21.969948570241392,86,test
3660.7752636697815,280.22014674226665,21.97010834466111,86,test
3660.796096343393,255.70200277994047,21.969735329308893,86,test
3660.816929242074,274.40232449191717,21.96985092139275,86,test
3660.837761630857,237.00617026451735,21.969727484107075,86,test
3660.8585943535286,209.01054839745802,21.96878116048787,86,test
3660.879426729754,283.92553861799473,21.969447960315065,86,test
3660.9002597134104,166.0010624402151,21.967919433289996,86,test
3660.9210917525465,190.9198558463563,21.96840246692187,86,test
3660.941924182421,221.45771514346447,21.96725123576357,86,test
3660.962757308737,194.6204563333327,21.96822420978415,86,test
3660.9835894287444,309.8524151790692,21.968333975043674,86,test
3661.004422226542,265.60737210251466,21.968205289067473,86,test
3661.0252548684043,178.80641410488332,21.96816262924045,86,test
3661.046087214298,250.63056526807696,21.96837056437122,86,test
3661.066920506125,164.63912529597943,21.967317987763824,86,test
3661.087752950114,276.0789795198377,21.96781116397799,86,test
3661.108585561597,136.6802632941047,21.966776933639615,86,test
3661.12941828383,195.78092585692897,21.968305154120063,86,test
3661.1502505479675,189.35380683380302,21.966986251384338,86,test
3661.1710833041675,151.60316337203622,21.96617268432659,86,test
3661.1919157632665,200.6655916676492,21.965798870704713,86,test
3661.212748285754,52.74878574860065,21.965217558282013,86,test
3661.2335807100553,56.61102092912045,21.96476069762019,86,test
3661.254413802511,165.22574033038902,21.965779973299405,86,test
3661.2752466207594,148.56806943230927,21.96566867681358,86,test
3661.296079490031,260.8811076686365,21.965187930840536,86,test
3661.3169114219104,259.4189204621677,21.965677567084114,86,test
3661.3377442637984,263.1862454764045,21.964282253990017,86,test
3661.3585760323776,216.57055658810106,21.964106610305414,86,test
3661.3794097451314,77.0487574957325,21.963244332786523,86,test
3661.4002423920715,101.04736728726542,21.96371828133228,86,test
3661.42107441858,130.7047317643034,21.963835486646147,86,test
3661.4419069088553,-3.726511627983639,21.962571944896812,86,test
3661.46273954205,141.21972533366102,21.96351388103141,86,test
3661.48357256936,92.27627273073116,21.962026027498542,86,test
3661.5044052015432,104.52991811668093,21.96184759487863,86,test
3661.525237993481,174.72757667381302,21.961456789529656,86,test
3661.5460698814004,152.26007140959794,21.962015118274852,86,test
3661.566903398749,129.8699380625846,21.960544002005932,86,test
3661.587735190862,200.6417831674684,21.961152279029335,86,test
3661.6085670987454,170.78592512428648,21.96074785256587,86,test
3661.629400603305,168.66096597304391,21.95969210380682,86,test
3661.650232651313,111.62436685049465,21.959408896935223,86,test
3661.671064992157,210.2465238180093,21.959646364311272,86,test
3661.691897889151,167.03404539996393,21.959370661321216,86,test
3661.712729993268,191.32004317626487,21.959363981552222,86,test
3661.733563310987,221.63734205758027,21.959652001962986,86,test
3661.7543960892676,174.92482654825943,21.957920531037235,86,test
3661.775228737826,217.20388591460096,21.958023056734973,86,test
3661.7960611990816,101.60162152536216,21.957607462711213,86,test
3661.8168932396425,106.21825894295357,21.95801515555002,86,test
3661.837725565571,127.40487228770644,21.957323583702244,86,test
3661.8585581441007,117.12019417028743,21.95596873236021,86,test
3661.87939134687,119.50593712816092,21.956619116024488,86,test
3661.9002231709705,263.34590353828,21.957223798744142,86,test
3661.9210558877967,177.19867343999164,21.956082508972084,86,test
3661.9418887820743,117.13817768670366,21.955888018831068,86,test
3661.9627217045386,166.24001334646061,21.953971016544077,86,test
3661.9835537557165,131.1725639448152,21.9541775428969,86,test
3662.004386298901,162.8095950369193,21.954863632293577,86,test
3662.025218667278,2.7588302992438445,21.953770523871164,86,test
3662.046051105876,12.950640898293882,21.95390258027368,86,test
3662.066884136899,41.23343331588585,21.952895767231873,86,test
3662.0877166090336,46.59359639858513,21.953012606091868,86,test
3662.108549073786,12.385541444782406,21.95227436479184,86,test
3662.1293818256613,-44.98423572620448,21.951447905194595,86,test
3662.150214585779,-15.772047949153604,21.951459037047254,86,test
3662.171046278701,70.33776757784845,21.95186116690293,86,test
3662.191879651028,-48.024073077393595,21.95001428864163,86,test
3662.212711548153,32.92507312066561,21.95039729876438,86,test
3662.233544381234,-88.4397345288211,21.949977713113604,86,test
3662.254376601991,-60.252115736708554,21.9497344363658,86,test
3662.2752079227685,-75.09779050405841,21.948955868202123,86,test
3662.296042523484,-157.77819938781204,21.947543081265632,86,test
3662.316874525233,9.817759382035748,21.948305986427936,86,test
3662.3377069794406,-23.62675325128485,21.948735606886505,86,test
3662.3585397091574,-154.36670820677202,21.947022918189244,86,test
3662.3793713365135,-112.9929501680974,21.94725050105531,86,test
3662.400203710019,-98.74126157737247,21.945842480340634,86,test
3662.421037163013,-157.35122430678115,21.945977145887237,86,test
3662.4418696098846,-190.59872362931722,21.945286756691296,86,test
3662.4627018585766,-236.31704690065908,21.944951858307526,86,test
3662.483534399275,-252.74221340312357,21.944471886381052,86,test
3662.504366658339,-183.2288947197687,21.944997889058143,86,test
3662.5251992591734,-104.08484566088671,21.945572254653086,86,test
3662.546032121841,-213.36829692462732,21.944295168574083,86,test
3662.566865125707,-170.08533371569166,21.94236892969966,86,test
3662.58769674465,-201.42918524363103,21.94273200118742,86,test
3662.60852907144,-141.8651499777749,21.943407571976792,86,test
3662.6293622001717,-99.1797275062519,21.943450369472842,86,test
3662.6501943955445,-123.61207550577849,21.94118742737506,86,test
3662.6710266562873,-245.01506035370505,21.941095458819664,86,test
3662.691858941427,-97.86373932328523,21.94266750228028,86,test
3662.7126914895225,-196.25338957826366,21.940945366879685,86,test
3662.733524725269,-38.852062121027664,21.941832997746506,86,test
3662.7543569419045,-71.1735839377386,21.9401745561897,86,test
3662.7751886230703,-204.58845665053846,21.939981150193532,86,test
3662.795525588025,-268.25339316787404,22.709646521969827,86,test
3662.816854417106,-367.3620357212441,21.939231863226237,86,test
3662.828659065155,-197.20140596141826,60.08176046261981,86,test
