target,model,period,semi_amplitude,n_injections,n_recovered,completeness
HD 10476,baseline,5.0,0.5,6,0,0.0
HD 10476,baseline,5.0,1.0,6,0,0.0
HD 10476,baseline,5.0,1.5,6,3,0.5
HD 10476,baseline,5.0,2.0,6,6,1.0
HD 10476,baseline,5.0,3.0,6,6,1.0
HD 10476,baseline,5.0,5.0,6,6,1.0
HD 10476,baseline,10.0,0.5,6,0,0.0
HD 10476,baseline,10.0,1.0,6,0,0.0
HD 10476,baseline,10.0,1.5,6,1,0.16666666666666666
HD 10476,baseline,10.0,2.0,6,6,1.0
HD 10476,baseline,10.0,3.0,6,6,1.0
HD 10476,baseline,10.0,5.0,6,6,1.0
HD 10476,baseline,30.0,0.5,6,3,0.5
HD 10476,baseline,30.0,1.0,6,3,0.5
HD 10476,baseline,30.0,1.5,6,3,0.5
HD 10476,baseline,30.0,2.0,6,5,0.8333333333333334
HD 10476,baseline,30.0,3.0,6,6,1.0
HD 10476,baseline,30.0,5.0,6,6,1.0
HD 10476,baseline,100.0,0.5,6,1,0.16666666666666666
HD 10476,baseline,100.0,1.0,6,3,0.5
HD 10476,baseline,100.0,1.5,6,4,0.6666666666666666
HD 10476,baseline,100.0,2.0,6,4,0.6666666666666666
HD 10476,baseline,100.0,3.0,6,5,0.8333333333333334
HD 10476,baseline,100.0,5.0,6,6,1.0
HD 10476,baseline,300.0,0.5,6,0,0.0
HD 10476,baseline,300.0,1.0,6,0,0.0
HD 10476,baseline,300.0,1.5,6,0,0.0
HD 10476,baseline,300.0,2.0,6,1,0.16666666666666666
HD 10476,baseline,300.0,3.0,6,2,0.3333333333333333
HD 10476,baseline,300.0,5.0,6,4,0.6666666666666666
HD 10476,baseline,500.0,0.5,6,0,0.0
HD 10476,baseline,500.0,1.0,6,0,0.0
HD 10476,baseline,500.0,1.5,6,1,0.16666666666666666
HD 10476,baseline,500.0,2.0,6,2,0.3333333333333333
HD 10476,baseline,500.0,3.0,6,5,0.8333333333333334
HD 10476,baseline,500.0,5.0,6,5,0.8333333333333334
HD 10476,era,5.0,0.5,6,0,0.0
HD 10476,era,5.0,1.0,6,1,0.16666666666666666
HD 10476,era,5.0,1.5,6,3,0.5
HD 10476,era,5.0,2.0,6,6,1.0
HD 10476,era,5.0,3.0,6,6,1.0
HD 10476,era,5.0,5.0,6,6,1.0
HD 10476,era,10.0,0.5,6,0,0.0
HD 10476,era,10.0,1.0,6,0,0.0
HD 10476,era,10.0,1.5,6,4,0.6666666666666666
HD 10476,era,10.0,2.0,6,6,1.0
HD 10476,era,10.0,3.0,6,6,1.0
HD 10476,era,10.0,5.0,6,6,1.0
HD 10476,era,30.0,0.5,6,3,0.5
HD 10476,era,30.0,1.0,6,4,0.6666666666666666
HD 10476,era,30.0,1.5,6,4,0.6666666666666666
HD 10476,era,30.0,2.0,6,4,0.6666666666666666
HD 10476,era,30.0,3.0,6,6,1.0
HD 10476,era,30.0,5.0,6,6,1.0
HD 10476,era,100.0,0.5,6,0,0.0
HD 10476,era,100.0,1.0,6,0,0.0
HD 10476,era,100.0,1.5,6,3,0.5
HD 10476,era,100.0,2.0,6,4,0.6666666666666666
HD 10476,era,100.0,3.0,6,4,0.6666666666666666
HD 10476,era,100.0,5.0,6,6,1.0
HD 10476,era,300.0,0.5,6,0,0.0
HD 10476,era,300.0,1.0,6,0,0.0
HD 10476,era,300.0,1.5,6,0,0.0
HD 10476,era,300.0,2.0,6,1,0.16666666666666666
HD 10476,era,300.0,3.0,6,0,0.0
HD 10476,era,300.0,5.0,6,2,0.3333333333333333
HD 10476,era,500.0,0.5,6,0,0.0
HD 10476,era,500.0,1.0,6,0,0.0
HD 10476,era,500.0,1.5,6,0,0.0
HD 10476,era,500.0,2.0,6,0,0.0
HD 10476,era,500.0,3.0,6,0,0.0
HD 10476,era,500.0,5.0,6,1,0.16666666666666666
HD 10476,era_activity,5.0,0.5,6,0,0.0
HD 10476,era_activity,5.0,1.0,6,3,0.5
HD 10476,era_activity,5.0,1.5,6,6,1.0
HD 10476,era_activity,5.0,2.0,6,6,1.0
HD 10476,era_activity,5.0,3.0,6,6,1.0
HD 10476,era_activity,5.0,5.0,6,6,1.0
HD 10476,era_activity,10.0,0.5,6,3,0.5
HD 10476,era_activity,10.0,1.0,6,6,1.0
HD 10476,era_activity,10.0,1.5,6,6,1.0
HD 10476,era_activity,10.0,2.0,6,6,1.0
HD 10476,era_activity,10.0,3.0,6,6,1.0
HD 10476,era_activity,10.0,5.0,6,6,1.0
HD 10476,era_activity,30.0,0.5,6,1,0.16666666666666666
HD 10476,era_activity,30.0,1.0,6,3,0.5
HD 10476,era_activity,30.0,1.5,6,4,0.6666666666666666
HD 10476,era_activity,30.0,2.0,6,6,1.0
HD 10476,era_activity,30.0,3.0,6,6,1.0
HD 10476,era_activity,30.0,5.0,6,6,1.0
HD 10476,era_activity,100.0,0.5,6,2,0.3333333333333333
HD 10476,era_activity,100.0,1.0,6,3,0.5
HD 10476,era_activity,100.0,1.5,6,3,0.5
HD 10476,era_activity,100.0,2.0,6,4,0.6666666666666666
HD 10476,era_activity,100.0,3.0,6,4,0.6666666666666666
HD 10476,era_activity,100.0,5.0,6,6,1.0
HD 10476,era_activity,300.0,0.5,6,0,0.0
HD 10476,era_activity,300.0,1.0,6,0,0.0
HD 10476,era_activity,300.0,1.5,6,0,0.0
HD 10476,era_activity,300.0,2.0,6,1,0.16666666666666666
HD 10476,era_activity,300.0,3.0,6,2,0.3333333333333333
HD 10476,era_activity,300.0,5.0,6,4,0.6666666666666666
HD 10476,era_activity,500.0,0.5,6,0,0.0
HD 10476,era_activity,500.0,1.0,6,0,0.0
HD 10476,era_activity,500.0,1.5,6,0,0.0
HD 10476,era_activity,500.0,2.0,6,0,0.0
HD 10476,era_activity,500.0,3.0,6,0,0.0
HD 10476,era_activity,500.0,5.0,6,0,0.0
HD 10700,baseline,5.0,0.5,6,0,0.0
HD 10700,baseline,5.0,1.0,6,0,0.0
HD 10700,baseline,5.0,1.5,6,4,0.6666666666666666
HD 10700,baseline,5.0,2.0,6,6,1.0
HD 10700,baseline,5.0,3.0,6,6,1.0
HD 10700,baseline,5.0,5.0,6,6,1.0
HD 10700,baseline,10.0,0.5,6,0,0.0
HD 10700,baseline,10.0,1.0,6,0,0.0
HD 10700,baseline,10.0,1.5,6,6,1.0
HD 10700,baseline,10.0,2.0,6,6,1.0
HD 10700,baseline,10.0,3.0,6,6,1.0
HD 10700,baseline,10.0,5.0,6,6,1.0
HD 10700,baseline,30.0,0.5,6,0,0.0
HD 10700,baseline,30.0,1.0,6,0,0.0
HD 10700,baseline,30.0,1.5,6,5,0.8333333333333334
HD 10700,baseline,30.0,2.0,6,6,1.0
HD 10700,baseline,30.0,3.0,6,6,1.0
HD 10700,baseline,30.0,5.0,6,6,1.0
HD 10700,baseline,100.0,0.5,6,0,0.0
HD 10700,baseline,100.0,1.0,6,2,0.3333333333333333
HD 10700,baseline,100.0,1.5,6,5,0.8333333333333334
HD 10700,baseline,100.0,2.0,6,6,1.0
HD 10700,baseline,100.0,3.0,6,6,1.0
HD 10700,baseline,100.0,5.0,6,6,1.0
HD 10700,baseline,300.0,0.5,6,0,0.0
HD 10700,baseline,300.0,1.0,6,1,0.16666666666666666
HD 10700,baseline,300.0,1.5,6,2,0.3333333333333333
HD 10700,baseline,300.0,2.0,6,5,0.8333333333333334
HD 10700,baseline,300.0,3.0,6,5,0.8333333333333334
HD 10700,baseline,300.0,5.0,6,6,1.0
HD 10700,baseline,500.0,0.5,6,0,0.0
HD 10700,baseline,500.0,1.0,6,0,0.0
HD 10700,baseline,500.0,1.5,6,0,0.0
HD 10700,baseline,500.0,2.0,6,0,0.0
HD 10700,baseline,500.0,3.0,6,1,0.16666666666666666
HD 10700,baseline,500.0,5.0,6,5,0.8333333333333334
HD 10700,era,5.0,0.5,6,2,0.3333333333333333
HD 10700,era,5.0,1.0,6,4,0.6666666666666666
HD 10700,era,5.0,1.5,6,6,1.0
HD 10700,era,5.0,2.0,6,6,1.0
HD 10700,era,5.0,3.0,6,6,1.0
HD 10700,era,5.0,5.0,6,6,1.0
HD 10700,era,10.0,0.5,6,0,0.0
HD 10700,era,10.0,1.0,6,6,1.0
HD 10700,era,10.0,1.5,6,6,1.0
HD 10700,era,10.0,2.0,6,6,1.0
HD 10700,era,10.0,3.0,6,6,1.0
HD 10700,era,10.0,5.0,6,6,1.0
HD 10700,era,30.0,0.5,6,0,0.0
HD 10700,era,30.0,1.0,6,6,1.0
HD 10700,era,30.0,1.5,6,6,1.0
HD 10700,era,30.0,2.0,6,6,1.0
HD 10700,era,30.0,3.0,6,6,1.0
HD 10700,era,30.0,5.0,6,6,1.0
HD 10700,era,100.0,0.5,6,2,0.3333333333333333
HD 10700,era,100.0,1.0,6,4,0.6666666666666666
HD 10700,era,100.0,1.5,6,5,0.8333333333333334
HD 10700,era,100.0,2.0,6,5,0.8333333333333334
HD 10700,era,100.0,3.0,6,6,1.0
HD 10700,era,100.0,5.0,6,6,1.0
HD 10700,era,300.0,0.5,6,0,0.0
HD 10700,era,300.0,1.0,6,0,0.0
HD 10700,era,300.0,1.5,6,0,0.0
HD 10700,era,300.0,2.0,6,2,0.3333333333333333
HD 10700,era,300.0,3.0,6,3,0.5
HD 10700,era,300.0,5.0,6,4,0.6666666666666666
HD 10700,era,500.0,0.5,6,0,0.0
HD 10700,era,500.0,1.0,6,0,0.0
HD 10700,era,500.0,1.5,6,0,0.0
HD 10700,era,500.0,2.0,6,0,0.0
HD 10700,era,500.0,3.0,6,0,0.0
HD 10700,era,500.0,5.0,6,0,0.0
HD 10700,era_activity,5.0,0.5,6,2,0.3333333333333333
HD 10700,era_activity,5.0,1.0,6,5,0.8333333333333334
HD 10700,era_activity,5.0,1.5,6,6,1.0
HD 10700,era_activity,5.0,2.0,6,6,1.0
HD 10700,era_activity,5.0,3.0,6,6,1.0
HD 10700,era_activity,5.0,5.0,6,6,1.0
HD 10700,era_activity,10.0,0.5,6,0,0.0
HD 10700,era_activity,10.0,1.0,6,6,1.0
HD 10700,era_activity,10.0,1.5,6,6,1.0
HD 10700,era_activity,10.0,2.0,6,6,1.0
HD 10700,era_activity,10.0,3.0,6,6,1.0
HD 10700,era_activity,10.0,5.0,6,6,1.0
HD 10700,era_activity,30.0,0.5,6,0,0.0
HD 10700,era_activity,30.0,1.0,6,6,1.0
HD 10700,era_activity,30.0,1.5,6,6,1.0
HD 10700,era_activity,30.0,2.0,6,6,1.0
HD 10700,era_activity,30.0,3.0,6,6,1.0
HD 10700,era_activity,30.0,5.0,6,6,1.0
HD 10700,era_activity,100.0,0.5,6,2,0.3333333333333333
HD 10700,era_activity,100.0,1.0,6,3,0.5
HD 10700,era_activity,100.0,1.5,6,5,0.8333333333333334
HD 10700,era_activity,100.0,2.0,6,5,0.8333333333333334
HD 10700,era_activity,100.0,3.0,6,6,1.0
HD 10700,era_activity,100.0,5.0,6,6,1.0
HD 10700,era_activity,300.0,0.5,6,0,0.0
HD 10700,era_activity,300.0,1.0,6,0,0.0
HD 10700,era_activity,300.0,1.5,6,2,0.3333333333333333
HD 10700,era_activity,300.0,2.0,6,2,0.3333333333333333
HD 10700,era_activity,300.0,3.0,6,3,0.5
HD 10700,era_activity,300.0,5.0,6,4,0.6666666666666666
HD 10700,era_activity,500.0,0.5,6,0,0.0
HD 10700,era_activity,500.0,1.0,6,0,0.0
HD 10700,era_activity,500.0,1.5,6,0,0.0
HD 10700,era_activity,500.0,2.0,6,0,0.0
HD 10700,era_activity,500.0,3.0,6,0,0.0
HD 10700,era_activity,500.0,5.0,6,1,0.16666666666666666
HD 10780,baseline,5.0,0.5,6,0,0.0
HD 10780,baseline,5.0,1.0,6,0,0.0
HD 10780,baseline,5.0,1.5,6,0,0.0
HD 10780,baseline,5.0,2.0,6,2,0.3333333333333333
HD 10780,baseline,5.0,3.0,6,6,1.0
HD 10780,baseline,5.0,5.0,6,6,1.0
HD 10780,baseline,10.0,0.5,6,0,0.0
HD 10780,baseline,10.0,1.0,6,0,0.0
HD 10780,baseline,10.0,1.5,6,0,0.0
HD 10780,baseline,10.0,2.0,6,2,0.3333333333333333
HD 10780,baseline,10.0,3.0,6,6,1.0
HD 10780,baseline,10.0,5.0,6,6,1.0
HD 10780,baseline,30.0,0.5,6,0,0.0
HD 10780,baseline,30.0,1.0,6,0,0.0
HD 10780,baseline,30.0,1.5,6,0,0.0
HD 10780,baseline,30.0,2.0,6,2,0.3333333333333333
HD 10780,baseline,30.0,3.0,6,5,0.8333333333333334
HD 10780,baseline,30.0,5.0,6,6,1.0
HD 10780,baseline,100.0,0.5,6,0,0.0
HD 10780,baseline,100.0,1.0,6,0,0.0
HD 10780,baseline,100.0,1.5,6,0,0.0
HD 10780,baseline,100.0,2.0,6,3,0.5
HD 10780,baseline,100.0,3.0,6,6,1.0
HD 10780,baseline,100.0,5.0,6,6,1.0
HD 10780,baseline,300.0,0.5,6,0,0.0
HD 10780,baseline,300.0,1.0,6,0,0.0
HD 10780,baseline,300.0,1.5,6,1,0.16666666666666666
HD 10780,baseline,300.0,2.0,6,1,0.16666666666666666
HD 10780,baseline,300.0,3.0,6,4,0.6666666666666666
HD 10780,baseline,300.0,5.0,6,6,1.0
HD 10780,baseline,500.0,0.5,6,0,0.0
HD 10780,baseline,500.0,1.0,6,0,0.0
HD 10780,baseline,500.0,1.5,6,0,0.0
HD 10780,baseline,500.0,2.0,6,0,0.0
HD 10780,baseline,500.0,3.0,6,3,0.5
HD 10780,baseline,500.0,5.0,6,6,1.0
HD 10780,era,5.0,0.5,6,0,0.0
HD 10780,era,5.0,1.0,6,0,0.0
HD 10780,era,5.0,1.5,6,0,0.0
HD 10780,era,5.0,2.0,6,2,0.3333333333333333
HD 10780,era,5.0,3.0,6,6,1.0
HD 10780,era,5.0,5.0,6,6,1.0
HD 10780,era,10.0,0.5,6,0,0.0
HD 10780,era,10.0,1.0,6,0,0.0
HD 10780,era,10.0,1.5,6,0,0.0
HD 10780,era,10.0,2.0,6,2,0.3333333333333333
HD 10780,era,10.0,3.0,6,6,1.0
HD 10780,era,10.0,5.0,6,6,1.0
HD 10780,era,30.0,0.5,6,0,0.0
HD 10780,era,30.0,1.0,6,0,0.0
HD 10780,era,30.0,1.5,6,0,0.0
HD 10780,era,30.0,2.0,6,2,0.3333333333333333
HD 10780,era,30.0,3.0,6,4,0.6666666666666666
HD 10780,era,30.0,5.0,6,6,1.0
HD 10780,era,100.0,0.5,6,0,0.0
HD 10780,era,100.0,1.0,6,0,0.0
HD 10780,era,100.0,1.5,6,0,0.0
HD 10780,era,100.0,2.0,6,3,0.5
HD 10780,era,100.0,3.0,6,6,1.0
HD 10780,era,100.0,5.0,6,6,1.0
HD 10780,era,300.0,0.5,6,0,0.0
HD 10780,era,300.0,1.0,6,0,0.0
HD 10780,era,300.0,1.5,6,0,0.0
HD 10780,era,300.0,2.0,6,0,0.0
HD 10780,era,300.0,3.0,6,2,0.3333333333333333
HD 10780,era,300.0,5.0,6,4,0.6666666666666666
HD 10780,era,500.0,0.5,6,0,0.0
HD 10780,era,500.0,1.0,6,0,0.0
HD 10780,era,500.0,1.5,6,0,0.0
HD 10780,era,500.0,2.0,6,0,0.0
HD 10780,era,500.0,3.0,6,1,0.16666666666666666
HD 10780,era,500.0,5.0,6,3,0.5
HD 10780,era_activity,5.0,0.5,6,0,0.0
HD 10780,era_activity,5.0,1.0,6,0,0.0
HD 10780,era_activity,5.0,1.5,6,0,0.0
HD 10780,era_activity,5.0,2.0,6,4,0.6666666666666666
HD 10780,era_activity,5.0,3.0,6,6,1.0
HD 10780,era_activity,5.0,5.0,6,6,1.0
HD 10780,era_activity,10.0,0.5,6,0,0.0
HD 10780,era_activity,10.0,1.0,6,0,0.0
HD 10780,era_activity,10.0,1.5,6,2,0.3333333333333333
HD 10780,era_activity,10.0,2.0,6,5,0.8333333333333334
HD 10780,era_activity,10.0,3.0,6,6,1.0
HD 10780,era_activity,10.0,5.0,6,6,1.0
HD 10780,era_activity,30.0,0.5,6,0,0.0
HD 10780,era_activity,30.0,1.0,6,0,0.0
HD 10780,era_activity,30.0,1.5,6,0,0.0
HD 10780,era_activity,30.0,2.0,6,2,0.3333333333333333
HD 10780,era_activity,30.0,3.0,6,5,0.8333333333333334
HD 10780,era_activity,30.0,5.0,6,6,1.0
HD 10780,era_activity,100.0,0.5,6,0,0.0
HD 10780,era_activity,100.0,1.0,6,0,0.0
HD 10780,era_activity,100.0,1.5,6,2,0.3333333333333333
HD 10780,era_activity,100.0,2.0,6,5,0.8333333333333334
HD 10780,era_activity,100.0,3.0,6,6,1.0
HD 10780,era_activity,100.0,5.0,6,6,1.0
HD 10780,era_activity,300.0,0.5,6,0,0.0
HD 10780,era_activity,300.0,1.0,6,0,0.0
HD 10780,era_activity,300.0,1.5,6,0,0.0
HD 10780,era_activity,300.0,2.0,6,0,0.0
HD 10780,era_activity,300.0,3.0,6,3,0.5
HD 10780,era_activity,300.0,5.0,6,4,0.6666666666666666
HD 10780,era_activity,500.0,0.5,6,0,0.0
HD 10780,era_activity,500.0,1.0,6,0,0.0
HD 10780,era_activity,500.0,1.5,6,1,0.16666666666666666
HD 10780,era_activity,500.0,2.0,6,1,0.16666666666666666
HD 10780,era_activity,500.0,3.0,6,2,0.3333333333333333
HD 10780,era_activity,500.0,5.0,6,3,0.5
HD 110897,baseline,5.0,0.5,6,0,0.0
HD 110897,baseline,5.0,1.0,6,0,0.0
HD 110897,baseline,5.0,1.5,6,2,0.3333333333333333
HD 110897,baseline,5.0,2.0,6,6,1.0
HD 110897,baseline,5.0,3.0,6,6,1.0
HD 110897,baseline,5.0,5.0,6,6,1.0
HD 110897,baseline,10.0,0.5,6,0,0.0
HD 110897,baseline,10.0,1.0,6,0,0.0
HD 110897,baseline,10.0,1.5,6,3,0.5
HD 110897,baseline,10.0,2.0,6,6,1.0
HD 110897,baseline,10.0,3.0,6,6,1.0
HD 110897,baseline,10.0,5.0,6,6,1.0
HD 110897,baseline,30.0,0.5,6,0,0.0
HD 110897,baseline,30.0,1.0,6,0,0.0
HD 110897,baseline,30.0,1.5,6,3,0.5
HD 110897,baseline,30.0,2.0,6,5,0.8333333333333334
HD 110897,baseline,30.0,3.0,6,6,1.0
HD 110897,baseline,30.0,5.0,6,6,1.0
HD 110897,baseline,100.0,0.5,6,0,0.0
HD 110897,baseline,100.0,1.0,6,0,0.0
HD 110897,baseline,100.0,1.5,6,3,0.5
HD 110897,baseline,100.0,2.0,6,5,0.8333333333333334
HD 110897,baseline,100.0,3.0,6,6,1.0
HD 110897,baseline,100.0,5.0,6,6,1.0
HD 110897,baseline,300.0,0.5,6,0,0.0
HD 110897,baseline,300.0,1.0,6,2,0.3333333333333333
HD 110897,baseline,300.0,1.5,6,4,0.6666666666666666
HD 110897,baseline,300.0,2.0,6,4,0.6666666666666666
HD 110897,baseline,300.0,3.0,6,6,1.0
HD 110897,baseline,300.0,5.0,6,6,1.0
HD 110897,baseline,500.0,0.5,6,2,0.3333333333333333
HD 110897,baseline,500.0,1.0,6,2,0.3333333333333333
HD 110897,baseline,500.0,1.5,6,2,0.3333333333333333
HD 110897,baseline,500.0,2.0,6,3,0.5
HD 110897,baseline,500.0,3.0,6,3,0.5
HD 110897,baseline,500.0,5.0,6,6,1.0
HD 110897,era,5.0,0.5,6,0,0.0
HD 110897,era,5.0,1.0,6,0,0.0
HD 110897,era,5.0,1.5,6,5,0.8333333333333334
HD 110897,era,5.0,2.0,6,6,1.0
HD 110897,era,5.0,3.0,6,6,1.0
HD 110897,era,5.0,5.0,6,6,1.0
HD 110897,era,10.0,0.5,6,0,0.0
HD 110897,era,10.0,1.0,6,0,0.0
HD 110897,era,10.0,1.5,6,3,0.5
HD 110897,era,10.0,2.0,6,6,1.0
HD 110897,era,10.0,3.0,6,6,1.0
HD 110897,era,10.0,5.0,6,6,1.0
HD 110897,era,30.0,0.5,6,0,0.0
HD 110897,era,30.0,1.0,6,1,0.16666666666666666
HD 110897,era,30.0,1.5,6,3,0.5
HD 110897,era,30.0,2.0,6,6,1.0
HD 110897,era,30.0,3.0,6,6,1.0
HD 110897,era,30.0,5.0,6,6,1.0
HD 110897,era,100.0,0.5,6,0,0.0
HD 110897,era,100.0,1.0,6,1,0.16666666666666666
HD 110897,era,100.0,1.5,6,4,0.6666666666666666
HD 110897,era,100.0,2.0,6,6,1.0
HD 110897,era,100.0,3.0,6,6,1.0
HD 110897,era,100.0,5.0,6,6,1.0
HD 110897,era,300.0,0.5,6,0,0.0
HD 110897,era,300.0,1.0,6,3,0.5
HD 110897,era,300.0,1.5,6,4,0.6666666666666666
HD 110897,era,300.0,2.0,6,4,0.6666666666666666
HD 110897,era,300.0,3.0,6,5,0.8333333333333334
HD 110897,era,300.0,5.0,6,5,0.8333333333333334
HD 110897,era,500.0,0.5,6,0,0.0
HD 110897,era,500.0,1.0,6,1,0.16666666666666666
HD 110897,era,500.0,1.5,6,1,0.16666666666666666
HD 110897,era,500.0,2.0,6,2,0.3333333333333333
HD 110897,era,500.0,3.0,6,3,0.5
HD 110897,era,500.0,5.0,6,3,0.5
HD 110897,era_activity,5.0,0.5,6,0,0.0
HD 110897,era_activity,5.0,1.0,6,4,0.6666666666666666
HD 110897,era_activity,5.0,1.5,6,6,1.0
HD 110897,era_activity,5.0,2.0,6,6,1.0
HD 110897,era_activity,5.0,3.0,6,6,1.0
HD 110897,era_activity,5.0,5.0,6,6,1.0
HD 110897,era_activity,10.0,0.5,6,0,0.0
HD 110897,era_activity,10.0,1.0,6,4,0.6666666666666666
HD 110897,era_activity,10.0,1.5,6,6,1.0
HD 110897,era_activity,10.0,2.0,6,6,1.0
HD 110897,era_activity,10.0,3.0,6,6,1.0
HD 110897,era_activity,10.0,5.0,6,6,1.0
HD 110897,era_activity,30.0,0.5,6,0,0.0
HD 110897,era_activity,30.0,1.0,6,3,0.5
HD 110897,era_activity,30.0,1.5,6,6,1.0
HD 110897,era_activity,30.0,2.0,6,6,1.0
HD 110897,era_activity,30.0,3.0,6,6,1.0
HD 110897,era_activity,30.0,5.0,6,6,1.0
HD 110897,era_activity,100.0,0.5,6,0,0.0
HD 110897,era_activity,100.0,1.0,6,4,0.6666666666666666
HD 110897,era_activity,100.0,1.5,6,6,1.0
HD 110897,era_activity,100.0,2.0,6,6,1.0
HD 110897,era_activity,100.0,3.0,6,6,1.0
HD 110897,era_activity,100.0,5.0,6,6,1.0
HD 110897,era_activity,300.0,0.5,6,0,0.0
HD 110897,era_activity,300.0,1.0,6,3,0.5
HD 110897,era_activity,300.0,1.5,6,5,0.8333333333333334
HD 110897,era_activity,300.0,2.0,6,6,1.0
HD 110897,era_activity,300.0,3.0,6,6,1.0
HD 110897,era_activity,300.0,5.0,6,6,1.0
HD 110897,era_activity,500.0,0.5,6,0,0.0
HD 110897,era_activity,500.0,1.0,6,0,0.0
HD 110897,era_activity,500.0,1.5,6,1,0.16666666666666666
HD 110897,era_activity,500.0,2.0,6,2,0.3333333333333333
HD 110897,era_activity,500.0,3.0,6,2,0.3333333333333333
HD 110897,era_activity,500.0,5.0,6,2,0.3333333333333333
HD 115617,baseline,5.0,0.5,6,0,0.0
HD 115617,baseline,5.0,1.0,6,0,0.0
HD 115617,baseline,5.0,1.5,6,0,0.0
HD 115617,baseline,5.0,2.0,6,0,0.0
HD 115617,baseline,5.0,3.0,6,1,0.16666666666666666
HD 115617,baseline,5.0,5.0,6,6,1.0
HD 115617,baseline,10.0,0.5,6,0,0.0
HD 115617,baseline,10.0,1.0,6,0,0.0
HD 115617,baseline,10.0,1.5,6,0,0.0
HD 115617,baseline,10.0,2.0,6,0,0.0
HD 115617,baseline,10.0,3.0,6,2,0.3333333333333333
HD 115617,baseline,10.0,5.0,6,6,1.0
HD 115617,baseline,30.0,0.5,6,0,0.0
HD 115617,baseline,30.0,1.0,6,0,0.0
HD 115617,baseline,30.0,1.5,6,0,0.0
HD 115617,baseline,30.0,2.0,6,0,0.0
HD 115617,baseline,30.0,3.0,6,1,0.16666666666666666
HD 115617,baseline,30.0,5.0,6,6,1.0
HD 115617,baseline,100.0,0.5,6,0,0.0
HD 115617,baseline,100.0,1.0,6,0,0.0
HD 115617,baseline,100.0,1.5,6,0,0.0
HD 115617,baseline,100.0,2.0,6,0,0.0
HD 115617,baseline,100.0,3.0,6,1,0.16666666666666666
HD 115617,baseline,100.0,5.0,6,6,1.0
HD 115617,baseline,300.0,0.5,6,0,0.0
HD 115617,baseline,300.0,1.0,6,0,0.0
HD 115617,baseline,300.0,1.5,6,0,0.0
HD 115617,baseline,300.0,2.0,6,0,0.0
HD 115617,baseline,300.0,3.0,6,2,0.3333333333333333
HD 115617,baseline,300.0,5.0,6,6,1.0
HD 115617,baseline,500.0,0.5,6,0,0.0
HD 115617,baseline,500.0,1.0,6,0,0.0
HD 115617,baseline,500.0,1.5,6,0,0.0
HD 115617,baseline,500.0,2.0,6,0,0.0
HD 115617,baseline,500.0,3.0,6,3,0.5
HD 115617,baseline,500.0,5.0,6,4,0.6666666666666666
HD 115617,era,5.0,0.5,6,0,0.0
HD 115617,era,5.0,1.0,6,0,0.0
HD 115617,era,5.0,1.5,6,0,0.0
HD 115617,era,5.0,2.0,6,0,0.0
HD 115617,era,5.0,3.0,6,1,0.16666666666666666
HD 115617,era,5.0,5.0,6,6,1.0
HD 115617,era,10.0,0.5,6,0,0.0
HD 115617,era,10.0,1.0,6,0,0.0
HD 115617,era,10.0,1.5,6,0,0.0
HD 115617,era,10.0,2.0,6,0,0.0
HD 115617,era,10.0,3.0,6,2,0.3333333333333333
HD 115617,era,10.0,5.0,6,6,1.0
HD 115617,era,30.0,0.5,6,0,0.0
HD 115617,era,30.0,1.0,6,0,0.0
HD 115617,era,30.0,1.5,6,0,0.0
HD 115617,era,30.0,2.0,6,0,0.0
HD 115617,era,30.0,3.0,6,0,0.0
HD 115617,era,30.0,5.0,6,6,1.0
HD 115617,era,100.0,0.5,6,0,0.0
HD 115617,era,100.0,1.0,6,0,0.0
HD 115617,era,100.0,1.5,6,0,0.0
HD 115617,era,100.0,2.0,6,0,0.0
HD 115617,era,100.0,3.0,6,0,0.0
HD 115617,era,100.0,5.0,6,6,1.0
HD 115617,era,300.0,0.5,6,0,0.0
HD 115617,era,300.0,1.0,6,0,0.0
HD 115617,era,300.0,1.5,6,0,0.0
HD 115617,era,300.0,2.0,6,0,0.0
HD 115617,era,300.0,3.0,6,0,0.0
HD 115617,era,300.0,5.0,6,2,0.3333333333333333
HD 115617,era,500.0,0.5,6,0,0.0
HD 115617,era,500.0,1.0,6,0,0.0
HD 115617,era,500.0,1.5,6,0,0.0
HD 115617,era,500.0,2.0,6,0,0.0
HD 115617,era,500.0,3.0,6,0,0.0
HD 115617,era,500.0,5.0,6,0,0.0
HD 115617,era_activity,5.0,0.5,6,0,0.0
HD 115617,era_activity,5.0,1.0,6,0,0.0
HD 115617,era_activity,5.0,1.5,6,0,0.0
HD 115617,era_activity,5.0,2.0,6,0,0.0
HD 115617,era_activity,5.0,3.0,6,0,0.0
HD 115617,era_activity,5.0,5.0,6,6,1.0
HD 115617,era_activity,10.0,0.5,6,0,0.0
HD 115617,era_activity,10.0,1.0,6,0,0.0
HD 115617,era_activity,10.0,1.5,6,0,0.0
HD 115617,era_activity,10.0,2.0,6,0,0.0
HD 115617,era_activity,10.0,3.0,6,2,0.3333333333333333
HD 115617,era_activity,10.0,5.0,6,6,1.0
HD 115617,era_activity,30.0,0.5,6,0,0.0
HD 115617,era_activity,30.0,1.0,6,0,0.0
HD 115617,era_activity,30.0,1.5,6,0,0.0
HD 115617,era_activity,30.0,2.0,6,0,0.0
HD 115617,era_activity,30.0,3.0,6,0,0.0
HD 115617,era_activity,30.0,5.0,6,6,1.0
HD 115617,era_activity,100.0,0.5,6,0,0.0
HD 115617,era_activity,100.0,1.0,6,0,0.0
HD 115617,era_activity,100.0,1.5,6,0,0.0
HD 115617,era_activity,100.0,2.0,6,0,0.0
HD 115617,era_activity,100.0,3.0,6,0,0.0
HD 115617,era_activity,100.0,5.0,6,6,1.0
HD 115617,era_activity,300.0,0.5,6,0,0.0
HD 115617,era_activity,300.0,1.0,6,0,0.0
HD 115617,era_activity,300.0,1.5,6,0,0.0
HD 115617,era_activity,300.0,2.0,6,0,0.0
HD 115617,era_activity,300.0,3.0,6,0,0.0
HD 115617,era_activity,300.0,5.0,6,2,0.3333333333333333
HD 115617,era_activity,500.0,0.5,6,0,0.0
HD 115617,era_activity,500.0,1.0,6,0,0.0
HD 115617,era_activity,500.0,1.5,6,0,0.0
HD 115617,era_activity,500.0,2.0,6,0,0.0
HD 115617,era_activity,500.0,3.0,6,0,0.0
HD 115617,era_activity,500.0,5.0,6,0,0.0
HD 116442,baseline,5.0,0.5,6,1,0.16666666666666666
HD 116442,baseline,5.0,1.0,6,6,1.0
HD 116442,baseline,5.0,1.5,6,6,1.0
HD 116442,baseline,5.0,2.0,6,6,1.0
HD 116442,baseline,5.0,3.0,6,6,1.0
HD 116442,baseline,5.0,5.0,6,6,1.0
HD 116442,baseline,10.0,0.5,6,4,0.6666666666666666
HD 116442,baseline,10.0,1.0,6,6,1.0
HD 116442,baseline,10.0,1.5,6,6,1.0
HD 116442,baseline,10.0,2.0,6,6,1.0
HD 116442,baseline,10.0,3.0,6,6,1.0
HD 116442,baseline,10.0,5.0,6,6,1.0
HD 116442,baseline,30.0,0.5,6,3,0.5
HD 116442,baseline,30.0,1.0,6,6,1.0
HD 116442,baseline,30.0,1.5,6,6,1.0
HD 116442,baseline,30.0,2.0,6,6,1.0
HD 116442,baseline,30.0,3.0,6,6,1.0
HD 116442,baseline,30.0,5.0,6,6,1.0
HD 116442,baseline,100.0,0.5,6,3,0.5
HD 116442,baseline,100.0,1.0,6,6,1.0
HD 116442,baseline,100.0,1.5,6,6,1.0
HD 116442,baseline,100.0,2.0,6,6,1.0
HD 116442,baseline,100.0,3.0,6,6,1.0
HD 116442,baseline,100.0,5.0,6,6,1.0
HD 116442,baseline,300.0,0.5,6,1,0.16666666666666666
HD 116442,baseline,300.0,1.0,6,3,0.5
HD 116442,baseline,300.0,1.5,6,4,0.6666666666666666
HD 116442,baseline,300.0,2.0,6,5,0.8333333333333334
HD 116442,baseline,300.0,3.0,6,6,1.0
HD 116442,baseline,300.0,5.0,6,6,1.0
HD 116442,baseline,500.0,0.5,6,1,0.16666666666666666
HD 116442,baseline,500.0,1.0,6,4,0.6666666666666666
HD 116442,baseline,500.0,1.5,6,6,1.0
HD 116442,baseline,500.0,2.0,6,6,1.0
HD 116442,baseline,500.0,3.0,6,6,1.0
HD 116442,baseline,500.0,5.0,6,6,1.0
HD 116442,era,5.0,0.5,6,2,0.3333333333333333
HD 116442,era,5.0,1.0,6,6,1.0
HD 116442,era,5.0,1.5,6,6,1.0
HD 116442,era,5.0,2.0,6,6,1.0
HD 116442,era,5.0,3.0,6,6,1.0
HD 116442,era,5.0,5.0,6,6,1.0
HD 116442,era,10.0,0.5,6,0,0.0
HD 116442,era,10.0,1.0,6,6,1.0
HD 116442,era,10.0,1.5,6,6,1.0
HD 116442,era,10.0,2.0,6,6,1.0
HD 116442,era,10.0,3.0,6,6,1.0
HD 116442,era,10.0,5.0,6,6,1.0
HD 116442,era,30.0,0.5,6,3,0.5
HD 116442,era,30.0,1.0,6,6,1.0
HD 116442,era,30.0,1.5,6,6,1.0
HD 116442,era,30.0,2.0,6,6,1.0
HD 116442,era,30.0,3.0,6,6,1.0
HD 116442,era,30.0,5.0,6,6,1.0
HD 116442,era,100.0,0.5,6,3,0.5
HD 116442,era,100.0,1.0,6,6,1.0
HD 116442,era,100.0,1.5,6,6,1.0
HD 116442,era,100.0,2.0,6,6,1.0
HD 116442,era,100.0,3.0,6,6,1.0
HD 116442,era,100.0,5.0,6,6,1.0
HD 116442,era,300.0,0.5,6,0,0.0
HD 116442,era,300.0,1.0,6,1,0.16666666666666666
HD 116442,era,300.0,1.5,6,5,0.8333333333333334
HD 116442,era,300.0,2.0,6,5,0.8333333333333334
HD 116442,era,300.0,3.0,6,5,0.8333333333333334
HD 116442,era,300.0,5.0,6,5,0.8333333333333334
HD 116442,era,500.0,0.5,6,1,0.16666666666666666
HD 116442,era,500.0,1.0,6,2,0.3333333333333333
HD 116442,era,500.0,1.5,6,3,0.5
HD 116442,era,500.0,2.0,6,2,0.3333333333333333
HD 116442,era,500.0,3.0,6,2,0.3333333333333333
HD 116442,era,500.0,5.0,6,2,0.3333333333333333
HD 116442,era_activity,5.0,0.5,6,3,0.5
HD 116442,era_activity,5.0,1.0,6,6,1.0
HD 116442,era_activity,5.0,1.5,6,6,1.0
HD 116442,era_activity,5.0,2.0,6,6,1.0
HD 116442,era_activity,5.0,3.0,6,6,1.0
HD 116442,era_activity,5.0,5.0,6,6,1.0
HD 116442,era_activity,10.0,0.5,6,5,0.8333333333333334
HD 116442,era_activity,10.0,1.0,6,6,1.0
HD 116442,era_activity,10.0,1.5,6,6,1.0
HD 116442,era_activity,10.0,2.0,6,6,1.0
HD 116442,era_activity,10.0,3.0,6,6,1.0
HD 116442,era_activity,10.0,5.0,6,6,1.0
HD 116442,era_activity,30.0,0.5,6,3,0.5
HD 116442,era_activity,30.0,1.0,6,6,1.0
HD 116442,era_activity,30.0,1.5,6,6,1.0
HD 116442,era_activity,30.0,2.0,6,6,1.0
HD 116442,era_activity,30.0,3.0,6,6,1.0
HD 116442,era_activity,30.0,5.0,6,6,1.0
HD 116442,era_activity,100.0,0.5,6,3,0.5
HD 116442,era_activity,100.0,1.0,6,6,1.0
HD 116442,era_activity,100.0,1.5,6,6,1.0
HD 116442,era_activity,100.0,2.0,6,6,1.0
HD 116442,era_activity,100.0,3.0,6,6,1.0
HD 116442,era_activity,100.0,5.0,6,6,1.0
HD 116442,era_activity,300.0,0.5,6,0,0.0
HD 116442,era_activity,300.0,1.0,6,2,0.3333333333333333
HD 116442,era_activity,300.0,1.5,6,3,0.5
HD 116442,era_activity,300.0,2.0,6,3,0.5
HD 116442,era_activity,300.0,3.0,6,4,0.6666666666666666
HD 116442,era_activity,300.0,5.0,6,4,0.6666666666666666
HD 116442,era_activity,500.0,0.5,6,2,0.3333333333333333
HD 116442,era_activity,500.0,1.0,6,3,0.5
HD 116442,era_activity,500.0,1.5,6,3,0.5
HD 116442,era_activity,500.0,2.0,6,4,0.6666666666666666
HD 116442,era_activity,500.0,3.0,6,4,0.6666666666666666
HD 116442,era_activity,500.0,5.0,6,4,0.6666666666666666
HD 126053,baseline,5.0,0.5,6,0,0.0
HD 126053,baseline,5.0,1.0,6,1,0.16666666666666666
HD 126053,baseline,5.0,1.5,6,6,1.0
HD 126053,baseline,5.0,2.0,6,6,1.0
HD 126053,baseline,5.0,3.0,6,6,1.0
HD 126053,baseline,5.0,5.0,6,6,1.0
HD 126053,baseline,10.0,0.5,6,0,0.0
HD 126053,baseline,10.0,1.0,6,3,0.5
HD 126053,baseline,10.0,1.5,6,4,0.6666666666666666
HD 126053,baseline,10.0,2.0,6,6,1.0
HD 126053,baseline,10.0,3.0,6,6,1.0
HD 126053,baseline,10.0,5.0,6,6,1.0
HD 126053,baseline,30.0,0.5,6,0,0.0
HD 126053,baseline,30.0,1.0,6,0,0.0
HD 126053,baseline,30.0,1.5,6,6,1.0
HD 126053,baseline,30.0,2.0,6,6,1.0
HD 126053,baseline,30.0,3.0,6,6,1.0
HD 126053,baseline,30.0,5.0,6,6,1.0
HD 126053,baseline,100.0,0.5,6,0,0.0
HD 126053,baseline,100.0,1.0,6,0,0.0
HD 126053,baseline,100.0,1.5,6,6,1.0
HD 126053,baseline,100.0,2.0,6,6,1.0
HD 126053,baseline,100.0,3.0,6,6,1.0
HD 126053,baseline,100.0,5.0,6,6,1.0
HD 126053,baseline,300.0,0.5,6,0,0.0
HD 126053,baseline,300.0,1.0,6,1,0.16666666666666666
HD 126053,baseline,300.0,1.5,6,4,0.6666666666666666
HD 126053,baseline,300.0,2.0,6,6,1.0
HD 126053,baseline,300.0,3.0,6,6,1.0
HD 126053,baseline,300.0,5.0,6,6,1.0
HD 126053,baseline,500.0,0.5,6,0,0.0
HD 126053,baseline,500.0,1.0,6,3,0.5
HD 126053,baseline,500.0,1.5,6,4,0.6666666666666666
HD 126053,baseline,500.0,2.0,6,5,0.8333333333333334
HD 126053,baseline,500.0,3.0,6,5,0.8333333333333334
HD 126053,baseline,500.0,5.0,6,6,1.0
HD 126053,era,5.0,0.5,6,0,0.0
HD 126053,era,5.0,1.0,6,1,0.16666666666666666
HD 126053,era,5.0,1.5,6,6,1.0
HD 126053,era,5.0,2.0,6,6,1.0
HD 126053,era,5.0,3.0,6,6,1.0
HD 126053,era,5.0,5.0,6,6,1.0
HD 126053,era,10.0,0.5,6,0,0.0
HD 126053,era,10.0,1.0,6,3,0.5
HD 126053,era,10.0,1.5,6,5,0.8333333333333334
HD 126053,era,10.0,2.0,6,6,1.0
HD 126053,era,10.0,3.0,6,6,1.0
HD 126053,era,10.0,5.0,6,6,1.0
HD 126053,era,30.0,0.5,6,0,0.0
HD 126053,era,30.0,1.0,6,1,0.16666666666666666
HD 126053,era,30.0,1.5,6,6,1.0
HD 126053,era,30.0,2.0,6,6,1.0
HD 126053,era,30.0,3.0,6,6,1.0
HD 126053,era,30.0,5.0,6,6,1.0
HD 126053,era,100.0,0.5,6,0,0.0
HD 126053,era,100.0,1.0,6,1,0.16666666666666666
HD 126053,era,100.0,1.5,6,6,1.0
HD 126053,era,100.0,2.0,6,6,1.0
HD 126053,era,100.0,3.0,6,6,1.0
HD 126053,era,100.0,5.0,6,6,1.0
HD 126053,era,300.0,0.5,6,0,0.0
HD 126053,era,300.0,1.0,6,1,0.16666666666666666
HD 126053,era,300.0,1.5,6,2,0.3333333333333333
HD 126053,era,300.0,2.0,6,6,1.0
HD 126053,era,300.0,3.0,6,6,1.0
HD 126053,era,300.0,5.0,6,6,1.0
HD 126053,era,500.0,0.5,6,0,0.0
HD 126053,era,500.0,1.0,6,0,0.0
HD 126053,era,500.0,1.5,6,1,0.16666666666666666
HD 126053,era,500.0,2.0,6,4,0.6666666666666666
HD 126053,era,500.0,3.0,6,4,0.6666666666666666
HD 126053,era,500.0,5.0,6,4,0.6666666666666666
HD 126053,era_activity,5.0,0.5,6,0,0.0
HD 126053,era_activity,5.0,1.0,6,0,0.0
HD 126053,era_activity,5.0,1.5,6,6,1.0
HD 126053,era_activity,5.0,2.0,6,6,1.0
HD 126053,era_activity,5.0,3.0,6,6,1.0
HD 126053,era_activity,5.0,5.0,6,6,1.0
HD 126053,era_activity,10.0,0.5,6,0,0.0
HD 126053,era_activity,10.0,1.0,6,4,0.6666666666666666
HD 126053,era_activity,10.0,1.5,6,6,1.0
HD 126053,era_activity,10.0,2.0,6,6,1.0
HD 126053,era_activity,10.0,3.0,6,6,1.0
HD 126053,era_activity,10.0,5.0,6,6,1.0
HD 126053,era_activity,30.0,0.5,6,0,0.0
HD 126053,era_activity,30.0,1.0,6,1,0.16666666666666666
HD 126053,era_activity,30.0,1.5,6,6,1.0
HD 126053,era_activity,30.0,2.0,6,6,1.0
HD 126053,era_activity,30.0,3.0,6,6,1.0
HD 126053,era_activity,30.0,5.0,6,6,1.0
HD 126053,era_activity,100.0,0.5,6,0,0.0
HD 126053,era_activity,100.0,1.0,6,1,0.16666666666666666
HD 126053,era_activity,100.0,1.5,6,6,1.0
HD 126053,era_activity,100.0,2.0,6,6,1.0
HD 126053,era_activity,100.0,3.0,6,6,1.0
HD 126053,era_activity,100.0,5.0,6,6,1.0
HD 126053,era_activity,300.0,0.5,6,0,0.0
HD 126053,era_activity,300.0,1.0,6,2,0.3333333333333333
HD 126053,era_activity,300.0,1.5,6,2,0.3333333333333333
HD 126053,era_activity,300.0,2.0,6,6,1.0
HD 126053,era_activity,300.0,3.0,6,6,1.0
HD 126053,era_activity,300.0,5.0,6,6,1.0
HD 126053,era_activity,500.0,0.5,6,0,0.0
HD 126053,era_activity,500.0,1.0,6,0,0.0
HD 126053,era_activity,500.0,1.5,6,2,0.3333333333333333
HD 126053,era_activity,500.0,2.0,6,3,0.5
HD 126053,era_activity,500.0,3.0,6,4,0.6666666666666666
HD 126053,era_activity,500.0,5.0,6,4,0.6666666666666666
HD 127334,baseline,5.0,0.5,6,0,0.0
HD 127334,baseline,5.0,1.0,6,6,1.0
HD 127334,baseline,5.0,1.5,6,6,1.0
HD 127334,baseline,5.0,2.0,6,6,1.0
HD 127334,baseline,5.0,3.0,6,6,1.0
HD 127334,baseline,5.0,5.0,6,6,1.0
HD 127334,baseline,10.0,0.5,6,0,0.0
HD 127334,baseline,10.0,1.0,6,6,1.0
HD 127334,baseline,10.0,1.5,6,6,1.0
HD 127334,baseline,10.0,2.0,6,6,1.0
HD 127334,baseline,10.0,3.0,6,6,1.0
HD 127334,baseline,10.0,5.0,6,6,1.0
HD 127334,baseline,30.0,0.5,6,0,0.0
HD 127334,baseline,30.0,1.0,6,6,1.0
HD 127334,baseline,30.0,1.5,6,6,1.0
HD 127334,baseline,30.0,2.0,6,6,1.0
HD 127334,baseline,30.0,3.0,6,6,1.0
HD 127334,baseline,30.0,5.0,6,6,1.0
HD 127334,baseline,100.0,0.5,6,0,0.0
HD 127334,baseline,100.0,1.0,6,6,1.0
HD 127334,baseline,100.0,1.5,6,6,1.0
HD 127334,baseline,100.0,2.0,6,6,1.0
HD 127334,baseline,100.0,3.0,6,6,1.0
HD 127334,baseline,100.0,5.0,6,6,1.0
HD 127334,baseline,300.0,0.5,6,1,0.16666666666666666
HD 127334,baseline,300.0,1.0,6,4,0.6666666666666666
HD 127334,baseline,300.0,1.5,6,6,1.0
HD 127334,baseline,300.0,2.0,6,6,1.0
HD 127334,baseline,300.0,3.0,6,6,1.0
HD 127334,baseline,300.0,5.0,6,6,1.0
HD 127334,baseline,500.0,0.5,6,2,0.3333333333333333
HD 127334,baseline,500.0,1.0,6,3,0.5
HD 127334,baseline,500.0,1.5,6,6,1.0
HD 127334,baseline,500.0,2.0,6,6,1.0
HD 127334,baseline,500.0,3.0,6,6,1.0
HD 127334,baseline,500.0,5.0,6,6,1.0
HD 127334,era,5.0,0.5,6,0,0.0
HD 127334,era,5.0,1.0,6,6,1.0
HD 127334,era,5.0,1.5,6,6,1.0
HD 127334,era,5.0,2.0,6,6,1.0
HD 127334,era,5.0,3.0,6,6,1.0
HD 127334,era,5.0,5.0,6,6,1.0
HD 127334,era,10.0,0.5,6,0,0.0
HD 127334,era,10.0,1.0,6,6,1.0
HD 127334,era,10.0,1.5,6,6,1.0
HD 127334,era,10.0,2.0,6,6,1.0
HD 127334,era,10.0,3.0,6,6,1.0
HD 127334,era,10.0,5.0,6,6,1.0
HD 127334,era,30.0,0.5,6,0,0.0
HD 127334,era,30.0,1.0,6,6,1.0
HD 127334,era,30.0,1.5,6,6,1.0
HD 127334,era,30.0,2.0,6,6,1.0
HD 127334,era,30.0,3.0,6,6,1.0
HD 127334,era,30.0,5.0,6,6,1.0
HD 127334,era,100.0,0.5,6,1,0.16666666666666666
HD 127334,era,100.0,1.0,6,6,1.0
HD 127334,era,100.0,1.5,6,6,1.0
HD 127334,era,100.0,2.0,6,6,1.0
HD 127334,era,100.0,3.0,6,6,1.0
HD 127334,era,100.0,5.0,6,6,1.0
HD 127334,era,300.0,0.5,6,1,0.16666666666666666
HD 127334,era,300.0,1.0,6,3,0.5
HD 127334,era,300.0,1.5,6,4,0.6666666666666666
HD 127334,era,300.0,2.0,6,6,1.0
HD 127334,era,300.0,3.0,6,6,1.0
HD 127334,era,300.0,5.0,6,6,1.0
HD 127334,era,500.0,0.5,6,0,0.0
HD 127334,era,500.0,1.0,6,0,0.0
HD 127334,era,500.0,1.5,6,2,0.3333333333333333
HD 127334,era,500.0,2.0,6,3,0.5
HD 127334,era,500.0,3.0,6,1,0.16666666666666666
HD 127334,era,500.0,5.0,6,1,0.16666666666666666
HD 127334,era_activity,5.0,0.5,6,0,0.0
HD 127334,era_activity,5.0,1.0,6,6,1.0
HD 127334,era_activity,5.0,1.5,6,6,1.0
HD 127334,era_activity,5.0,2.0,6,6,1.0
HD 127334,era_activity,5.0,3.0,6,6,1.0
HD 127334,era_activity,5.0,5.0,6,6,1.0
HD 127334,era_activity,10.0,0.5,6,0,0.0
HD 127334,era_activity,10.0,1.0,6,6,1.0
HD 127334,era_activity,10.0,1.5,6,6,1.0
HD 127334,era_activity,10.0,2.0,6,6,1.0
HD 127334,era_activity,10.0,3.0,6,6,1.0
HD 127334,era_activity,10.0,5.0,6,6,1.0
HD 127334,era_activity,30.0,0.5,6,0,0.0
HD 127334,era_activity,30.0,1.0,6,6,1.0
HD 127334,era_activity,30.0,1.5,6,6,1.0
HD 127334,era_activity,30.0,2.0,6,6,1.0
HD 127334,era_activity,30.0,3.0,6,6,1.0
HD 127334,era_activity,30.0,5.0,6,6,1.0
HD 127334,era_activity,100.0,0.5,6,1,0.16666666666666666
HD 127334,era_activity,100.0,1.0,6,6,1.0
HD 127334,era_activity,100.0,1.5,6,6,1.0
HD 127334,era_activity,100.0,2.0,6,6,1.0
HD 127334,era_activity,100.0,3.0,6,6,1.0
HD 127334,era_activity,100.0,5.0,6,6,1.0
HD 127334,era_activity,300.0,0.5,6,1,0.16666666666666666
HD 127334,era_activity,300.0,1.0,6,3,0.5
HD 127334,era_activity,300.0,1.5,6,4,0.6666666666666666
HD 127334,era_activity,300.0,2.0,6,6,1.0
HD 127334,era_activity,300.0,3.0,6,6,1.0
HD 127334,era_activity,300.0,5.0,6,6,1.0
HD 127334,era_activity,500.0,0.5,6,0,0.0
HD 127334,era_activity,500.0,1.0,6,0,0.0
HD 127334,era_activity,500.0,1.5,6,1,0.16666666666666666
HD 127334,era_activity,500.0,2.0,6,3,0.5
HD 127334,era_activity,500.0,3.0,6,1,0.16666666666666666
HD 127334,era_activity,500.0,5.0,6,1,0.16666666666666666
HD 143761,baseline,5.0,0.5,6,0,0.0
HD 143761,baseline,5.0,1.0,6,0,0.0
HD 143761,baseline,5.0,1.5,6,0,0.0
HD 143761,baseline,5.0,2.0,6,0,0.0
HD 143761,baseline,5.0,3.0,6,0,0.0
HD 143761,baseline,5.0,5.0,6,0,0.0
HD 143761,baseline,10.0,0.5,6,0,0.0
HD 143761,baseline,10.0,1.0,6,0,0.0
HD 143761,baseline,10.0,1.5,6,0,0.0
HD 143761,baseline,10.0,2.0,6,0,0.0
HD 143761,baseline,10.0,3.0,6,0,0.0
HD 143761,baseline,10.0,5.0,6,0,0.0
HD 143761,baseline,30.0,0.5,6,0,0.0
HD 143761,baseline,30.0,1.0,6,0,0.0
HD 143761,baseline,30.0,1.5,6,0,0.0
HD 143761,baseline,30.0,2.0,6,0,0.0
HD 143761,baseline,30.0,3.0,6,0,0.0
HD 143761,baseline,30.0,5.0,6,0,0.0
HD 143761,baseline,100.0,0.5,6,0,0.0
HD 143761,baseline,100.0,1.0,6,0,0.0
HD 143761,baseline,100.0,1.5,6,0,0.0
HD 143761,baseline,100.0,2.0,6,0,0.0
HD 143761,baseline,100.0,3.0,6,0,0.0
HD 143761,baseline,100.0,5.0,6,0,0.0
HD 143761,baseline,300.0,0.5,6,0,0.0
HD 143761,baseline,300.0,1.0,6,0,0.0
HD 143761,baseline,300.0,1.5,6,0,0.0
HD 143761,baseline,300.0,2.0,6,0,0.0
HD 143761,baseline,300.0,3.0,6,0,0.0
HD 143761,baseline,300.0,5.0,6,0,0.0
HD 143761,baseline,500.0,0.5,6,0,0.0
HD 143761,baseline,500.0,1.0,6,0,0.0
HD 143761,baseline,500.0,1.5,6,0,0.0
HD 143761,baseline,500.0,2.0,6,0,0.0
HD 143761,baseline,500.0,3.0,6,0,0.0
HD 143761,baseline,500.0,5.0,6,0,0.0
HD 143761,era,5.0,0.5,6,0,0.0
HD 143761,era,5.0,1.0,6,0,0.0
HD 143761,era,5.0,1.5,6,0,0.0
HD 143761,era,5.0,2.0,6,0,0.0
HD 143761,era,5.0,3.0,6,0,0.0
HD 143761,era,5.0,5.0,6,0,0.0
HD 143761,era,10.0,0.5,6,0,0.0
HD 143761,era,10.0,1.0,6,0,0.0
HD 143761,era,10.0,1.5,6,0,0.0
HD 143761,era,10.0,2.0,6,0,0.0
HD 143761,era,10.0,3.0,6,0,0.0
HD 143761,era,10.0,5.0,6,0,0.0
HD 143761,era,30.0,0.5,6,0,0.0
HD 143761,era,30.0,1.0,6,0,0.0
HD 143761,era,30.0,1.5,6,0,0.0
HD 143761,era,30.0,2.0,6,0,0.0
HD 143761,era,30.0,3.0,6,0,0.0
HD 143761,era,30.0,5.0,6,0,0.0
HD 143761,era,100.0,0.5,6,0,0.0
HD 143761,era,100.0,1.0,6,0,0.0
HD 143761,era,100.0,1.5,6,0,0.0
HD 143761,era,100.0,2.0,6,0,0.0
HD 143761,era,100.0,3.0,6,0,0.0
HD 143761,era,100.0,5.0,6,0,0.0
HD 143761,era,300.0,0.5,6,0,0.0
HD 143761,era,300.0,1.0,6,0,0.0
HD 143761,era,300.0,1.5,6,0,0.0
HD 143761,era,300.0,2.0,6,0,0.0
HD 143761,era,300.0,3.0,6,0,0.0
HD 143761,era,300.0,5.0,6,0,0.0
HD 143761,era,500.0,0.5,6,0,0.0
HD 143761,era,500.0,1.0,6,0,0.0
HD 143761,era,500.0,1.5,6,0,0.0
HD 143761,era,500.0,2.0,6,0,0.0
HD 143761,era,500.0,3.0,6,0,0.0
HD 143761,era,500.0,5.0,6,0,0.0
HD 143761,era_activity,5.0,0.5,6,0,0.0
HD 143761,era_activity,5.0,1.0,6,0,0.0
HD 143761,era_activity,5.0,1.5,6,0,0.0
HD 143761,era_activity,5.0,2.0,6,0,0.0
HD 143761,era_activity,5.0,3.0,6,0,0.0
HD 143761,era_activity,5.0,5.0,6,0,0.0
HD 143761,era_activity,10.0,0.5,6,0,0.0
HD 143761,era_activity,10.0,1.0,6,0,0.0
HD 143761,era_activity,10.0,1.5,6,0,0.0
HD 143761,era_activity,10.0,2.0,6,0,0.0
HD 143761,era_activity,10.0,3.0,6,0,0.0
HD 143761,era_activity,10.0,5.0,6,0,0.0
HD 143761,era_activity,30.0,0.5,6,0,0.0
HD 143761,era_activity,30.0,1.0,6,0,0.0
HD 143761,era_activity,30.0,1.5,6,0,0.0
HD 143761,era_activity,30.0,2.0,6,0,0.0
HD 143761,era_activity,30.0,3.0,6,0,0.0
HD 143761,era_activity,30.0,5.0,6,0,0.0
HD 143761,era_activity,100.0,0.5,6,0,0.0
HD 143761,era_activity,100.0,1.0,6,0,0.0
HD 143761,era_activity,100.0,1.5,6,0,0.0
HD 143761,era_activity,100.0,2.0,6,0,0.0
HD 143761,era_activity,100.0,3.0,6,0,0.0
HD 143761,era_activity,100.0,5.0,6,0,0.0
HD 143761,era_activity,300.0,0.5,6,0,0.0
HD 143761,era_activity,300.0,1.0,6,0,0.0
HD 143761,era_activity,300.0,1.5,6,0,0.0
HD 143761,era_activity,300.0,2.0,6,0,0.0
HD 143761,era_activity,300.0,3.0,6,0,0.0
HD 143761,era_activity,300.0,5.0,6,0,0.0
HD 143761,era_activity,500.0,0.5,6,0,0.0
HD 143761,era_activity,500.0,1.0,6,0,0.0
HD 143761,era_activity,500.0,1.5,6,0,0.0
HD 143761,era_activity,500.0,2.0,6,0,0.0
HD 143761,era_activity,500.0,3.0,6,0,0.0
HD 143761,era_activity,500.0,5.0,6,0,0.0
HD 146233,baseline,5.0,0.5,6,0,0.0
HD 146233,baseline,5.0,1.0,6,0,0.0
HD 146233,baseline,5.0,1.5,6,0,0.0
HD 146233,baseline,5.0,2.0,6,0,0.0
HD 146233,baseline,5.0,3.0,6,3,0.5
HD 146233,baseline,5.0,5.0,6,6,1.0
HD 146233,baseline,10.0,0.5,6,0,0.0
HD 146233,baseline,10.0,1.0,6,0,0.0
HD 146233,baseline,10.0,1.5,6,0,0.0
HD 146233,baseline,10.0,2.0,6,0,0.0
HD 146233,baseline,10.0,3.0,6,3,0.5
HD 146233,baseline,10.0,5.0,6,6,1.0
HD 146233,baseline,30.0,0.5,6,0,0.0
HD 146233,baseline,30.0,1.0,6,0,0.0
HD 146233,baseline,30.0,1.5,6,0,0.0
HD 146233,baseline,30.0,2.0,6,0,0.0
HD 146233,baseline,30.0,3.0,6,3,0.5
HD 146233,baseline,30.0,5.0,6,6,1.0
HD 146233,baseline,100.0,0.5,6,0,0.0
HD 146233,baseline,100.0,1.0,6,0,0.0
HD 146233,baseline,100.0,1.5,6,0,0.0
HD 146233,baseline,100.0,2.0,6,0,0.0
HD 146233,baseline,100.0,3.0,6,0,0.0
HD 146233,baseline,100.0,5.0,6,6,1.0
HD 146233,baseline,300.0,0.5,6,0,0.0
HD 146233,baseline,300.0,1.0,6,0,0.0
HD 146233,baseline,300.0,1.5,6,1,0.16666666666666666
HD 146233,baseline,300.0,2.0,6,3,0.5
HD 146233,baseline,300.0,3.0,6,3,0.5
HD 146233,baseline,300.0,5.0,6,5,0.8333333333333334
HD 146233,baseline,500.0,0.5,6,6,1.0
HD 146233,baseline,500.0,1.0,6,5,0.8333333333333334
HD 146233,baseline,500.0,1.5,6,4,0.6666666666666666
HD 146233,baseline,500.0,2.0,6,4,0.6666666666666666
HD 146233,baseline,500.0,3.0,6,4,0.6666666666666666
HD 146233,baseline,500.0,5.0,6,5,0.8333333333333334
HD 146233,era,5.0,0.5,6,0,0.0
HD 146233,era,5.0,1.0,6,0,0.0
HD 146233,era,5.0,1.5,6,2,0.3333333333333333
HD 146233,era,5.0,2.0,6,4,0.6666666666666666
HD 146233,era,5.0,3.0,6,6,1.0
HD 146233,era,5.0,5.0,6,6,1.0
HD 146233,era,10.0,0.5,6,1,0.16666666666666666
HD 146233,era,10.0,1.0,6,2,0.3333333333333333
HD 146233,era,10.0,1.5,6,3,0.5
HD 146233,era,10.0,2.0,6,6,1.0
HD 146233,era,10.0,3.0,6,6,1.0
HD 146233,era,10.0,5.0,6,6,1.0
HD 146233,era,30.0,0.5,6,0,0.0
HD 146233,era,30.0,1.0,6,0,0.0
HD 146233,era,30.0,1.5,6,2,0.3333333333333333
HD 146233,era,30.0,2.0,6,5,0.8333333333333334
HD 146233,era,30.0,3.0,6,6,1.0
HD 146233,era,30.0,5.0,6,6,1.0
HD 146233,era,100.0,0.5,6,0,0.0
HD 146233,era,100.0,1.0,6,0,0.0
HD 146233,era,100.0,1.5,6,0,0.0
HD 146233,era,100.0,2.0,6,2,0.3333333333333333
HD 146233,era,100.0,3.0,6,5,0.8333333333333334
HD 146233,era,100.0,5.0,6,6,1.0
HD 146233,era,300.0,0.5,6,3,0.5
HD 146233,era,300.0,1.0,6,1,0.16666666666666666
HD 146233,era,300.0,1.5,6,1,0.16666666666666666
HD 146233,era,300.0,2.0,6,1,0.16666666666666666
HD 146233,era,300.0,3.0,6,1,0.16666666666666666
HD 146233,era,300.0,5.0,6,2,0.3333333333333333
HD 146233,era,500.0,0.5,6,0,0.0
HD 146233,era,500.0,1.0,6,0,0.0
HD 146233,era,500.0,1.5,6,0,0.0
HD 146233,era,500.0,2.0,6,0,0.0
HD 146233,era,500.0,3.0,6,1,0.16666666666666666
HD 146233,era,500.0,5.0,6,2,0.3333333333333333
HD 146233,era_activity,5.0,0.5,6,0,0.0
HD 146233,era_activity,5.0,1.0,6,0,0.0
HD 146233,era_activity,5.0,1.5,6,5,0.8333333333333334
HD 146233,era_activity,5.0,2.0,6,6,1.0
HD 146233,era_activity,5.0,3.0,6,6,1.0
HD 146233,era_activity,5.0,5.0,6,6,1.0
HD 146233,era_activity,10.0,0.5,6,6,1.0
HD 146233,era_activity,10.0,1.0,6,6,1.0
HD 146233,era_activity,10.0,1.5,6,6,1.0
HD 146233,era_activity,10.0,2.0,6,6,1.0
HD 146233,era_activity,10.0,3.0,6,6,1.0
HD 146233,era_activity,10.0,5.0,6,6,1.0
HD 146233,era_activity,30.0,0.5,6,0,0.0
HD 146233,era_activity,30.0,1.0,6,0,0.0
HD 146233,era_activity,30.0,1.5,6,4,0.6666666666666666
HD 146233,era_activity,30.0,2.0,6,6,1.0
HD 146233,era_activity,30.0,3.0,6,6,1.0
HD 146233,era_activity,30.0,5.0,6,6,1.0
HD 146233,era_activity,100.0,0.5,6,0,0.0
HD 146233,era_activity,100.0,1.0,6,1,0.16666666666666666
HD 146233,era_activity,100.0,1.5,6,3,0.5
HD 146233,era_activity,100.0,2.0,6,5,0.8333333333333334
HD 146233,era_activity,100.0,3.0,6,6,1.0
HD 146233,era_activity,100.0,5.0,6,6,1.0
HD 146233,era_activity,300.0,0.5,6,0,0.0
HD 146233,era_activity,300.0,1.0,6,0,0.0
HD 146233,era_activity,300.0,1.5,6,0,0.0
HD 146233,era_activity,300.0,2.0,6,1,0.16666666666666666
HD 146233,era_activity,300.0,3.0,6,2,0.3333333333333333
HD 146233,era_activity,300.0,5.0,6,3,0.5
HD 146233,era_activity,500.0,0.5,6,0,0.0
HD 146233,era_activity,500.0,1.0,6,0,0.0
HD 146233,era_activity,500.0,1.5,6,0,0.0
HD 146233,era_activity,500.0,2.0,6,0,0.0
HD 146233,era_activity,500.0,3.0,6,0,0.0
HD 146233,era_activity,500.0,5.0,6,0,0.0
HD 154345,baseline,5.0,0.5,6,0,0.0
HD 154345,baseline,5.0,1.0,6,0,0.0
HD 154345,baseline,5.0,1.5,6,0,0.0
HD 154345,baseline,5.0,2.0,6,0,0.0
HD 154345,baseline,5.0,3.0,6,0,0.0
HD 154345,baseline,5.0,5.0,6,0,0.0
HD 154345,baseline,10.0,0.5,6,0,0.0
HD 154345,baseline,10.0,1.0,6,0,0.0
HD 154345,baseline,10.0,1.5,6,0,0.0
HD 154345,baseline,10.0,2.0,6,0,0.0
HD 154345,baseline,10.0,3.0,6,0,0.0
HD 154345,baseline,10.0,5.0,6,3,0.5
HD 154345,baseline,30.0,0.5,6,0,0.0
HD 154345,baseline,30.0,1.0,6,0,0.0
HD 154345,baseline,30.0,1.5,6,0,0.0
HD 154345,baseline,30.0,2.0,6,0,0.0
HD 154345,baseline,30.0,3.0,6,0,0.0
HD 154345,baseline,30.0,5.0,6,2,0.3333333333333333
HD 154345,baseline,100.0,0.5,6,0,0.0
HD 154345,baseline,100.0,1.0,6,0,0.0
HD 154345,baseline,100.0,1.5,6,0,0.0
HD 154345,baseline,100.0,2.0,6,0,0.0
HD 154345,baseline,100.0,3.0,6,0,0.0
HD 154345,baseline,100.0,5.0,6,3,0.5
HD 154345,baseline,300.0,0.5,6,0,0.0
HD 154345,baseline,300.0,1.0,6,2,0.3333333333333333
HD 154345,baseline,300.0,1.5,6,2,0.3333333333333333
HD 154345,baseline,300.0,2.0,6,2,0.3333333333333333
HD 154345,baseline,300.0,3.0,6,3,0.5
HD 154345,baseline,300.0,5.0,6,4,0.6666666666666666
HD 154345,baseline,500.0,0.5,6,1,0.16666666666666666
HD 154345,baseline,500.0,1.0,6,2,0.3333333333333333
HD 154345,baseline,500.0,1.5,6,2,0.3333333333333333
HD 154345,baseline,500.0,2.0,6,2,0.3333333333333333
HD 154345,baseline,500.0,3.0,6,2,0.3333333333333333
HD 154345,baseline,500.0,5.0,6,3,0.5
HD 154345,era,5.0,0.5,6,0,0.0
HD 154345,era,5.0,1.0,6,0,0.0
HD 154345,era,5.0,1.5,6,0,0.0
HD 154345,era,5.0,2.0,6,3,0.5
HD 154345,era,5.0,3.0,6,4,0.6666666666666666
HD 154345,era,5.0,5.0,6,6,1.0
HD 154345,era,10.0,0.5,6,0,0.0
HD 154345,era,10.0,1.0,6,1,0.16666666666666666
HD 154345,era,10.0,1.5,6,3,0.5
HD 154345,era,10.0,2.0,6,3,0.5
HD 154345,era,10.0,3.0,6,4,0.6666666666666666
HD 154345,era,10.0,5.0,6,6,1.0
HD 154345,era,30.0,0.5,6,0,0.0
HD 154345,era,30.0,1.0,6,0,0.0
HD 154345,era,30.0,1.5,6,1,0.16666666666666666
HD 154345,era,30.0,2.0,6,2,0.3333333333333333
HD 154345,era,30.0,3.0,6,3,0.5
HD 154345,era,30.0,5.0,6,6,1.0
HD 154345,era,100.0,0.5,6,0,0.0
HD 154345,era,100.0,1.0,6,0,0.0
HD 154345,era,100.0,1.5,6,0,0.0
HD 154345,era,100.0,2.0,6,1,0.16666666666666666
HD 154345,era,100.0,3.0,6,3,0.5
HD 154345,era,100.0,5.0,6,6,1.0
HD 154345,era,300.0,0.5,6,3,0.5
HD 154345,era,300.0,1.0,6,2,0.3333333333333333
HD 154345,era,300.0,1.5,6,1,0.16666666666666666
HD 154345,era,300.0,2.0,6,1,0.16666666666666666
HD 154345,era,300.0,3.0,6,0,0.0
HD 154345,era,300.0,5.0,6,1,0.16666666666666666
HD 154345,era,500.0,0.5,6,0,0.0
HD 154345,era,500.0,1.0,6,0,0.0
HD 154345,era,500.0,1.5,6,0,0.0
HD 154345,era,500.0,2.0,6,0,0.0
HD 154345,era,500.0,3.0,6,0,0.0
HD 154345,era,500.0,5.0,6,2,0.3333333333333333
HD 154345,era_activity,5.0,0.5,6,0,0.0
HD 154345,era_activity,5.0,1.0,6,0,0.0
HD 154345,era_activity,5.0,1.5,6,0,0.0
HD 154345,era_activity,5.0,2.0,6,1,0.16666666666666666
HD 154345,era_activity,5.0,3.0,6,4,0.6666666666666666
HD 154345,era_activity,5.0,5.0,6,6,1.0
HD 154345,era_activity,10.0,0.5,6,0,0.0
HD 154345,era_activity,10.0,1.0,6,1,0.16666666666666666
HD 154345,era_activity,10.0,1.5,6,3,0.5
HD 154345,era_activity,10.0,2.0,6,3,0.5
HD 154345,era_activity,10.0,3.0,6,4,0.6666666666666666
HD 154345,era_activity,10.0,5.0,6,6,1.0
HD 154345,era_activity,30.0,0.5,6,0,0.0
HD 154345,era_activity,30.0,1.0,6,0,0.0
HD 154345,era_activity,30.0,1.5,6,0,0.0
HD 154345,era_activity,30.0,2.0,6,0,0.0
HD 154345,era_activity,30.0,3.0,6,2,0.3333333333333333
HD 154345,era_activity,30.0,5.0,6,6,1.0
HD 154345,era_activity,100.0,0.5,6,0,0.0
HD 154345,era_activity,100.0,1.0,6,0,0.0
HD 154345,era_activity,100.0,1.5,6,0,0.0
HD 154345,era_activity,100.0,2.0,6,1,0.16666666666666666
HD 154345,era_activity,100.0,3.0,6,3,0.5
HD 154345,era_activity,100.0,5.0,6,6,1.0
HD 154345,era_activity,300.0,0.5,6,2,0.3333333333333333
HD 154345,era_activity,300.0,1.0,6,2,0.3333333333333333
HD 154345,era_activity,300.0,1.5,6,2,0.3333333333333333
HD 154345,era_activity,300.0,2.0,6,1,0.16666666666666666
HD 154345,era_activity,300.0,3.0,6,0,0.0
HD 154345,era_activity,300.0,5.0,6,1,0.16666666666666666
HD 154345,era_activity,500.0,0.5,6,0,0.0
HD 154345,era_activity,500.0,1.0,6,0,0.0
HD 154345,era_activity,500.0,1.5,6,0,0.0
HD 154345,era_activity,500.0,2.0,6,0,0.0
HD 154345,era_activity,500.0,3.0,6,0,0.0
HD 154345,era_activity,500.0,5.0,6,1,0.16666666666666666
HD 157214,baseline,5.0,0.5,6,0,0.0
HD 157214,baseline,5.0,1.0,6,3,0.5
HD 157214,baseline,5.0,1.5,6,5,0.8333333333333334
HD 157214,baseline,5.0,2.0,6,6,1.0
HD 157214,baseline,5.0,3.0,6,6,1.0
HD 157214,baseline,5.0,5.0,6,6,1.0
HD 157214,baseline,10.0,0.5,6,0,0.0
HD 157214,baseline,10.0,1.0,6,2,0.3333333333333333
HD 157214,baseline,10.0,1.5,6,6,1.0
HD 157214,baseline,10.0,2.0,6,6,1.0
HD 157214,baseline,10.0,3.0,6,6,1.0
HD 157214,baseline,10.0,5.0,6,6,1.0
HD 157214,baseline,30.0,0.5,6,0,0.0
HD 157214,baseline,30.0,1.0,6,2,0.3333333333333333
HD 157214,baseline,30.0,1.5,6,6,1.0
HD 157214,baseline,30.0,2.0,6,6,1.0
HD 157214,baseline,30.0,3.0,6,6,1.0
HD 157214,baseline,30.0,5.0,6,6,1.0
HD 157214,baseline,100.0,0.5,6,0,0.0
HD 157214,baseline,100.0,1.0,6,0,0.0
HD 157214,baseline,100.0,1.5,6,6,1.0
HD 157214,baseline,100.0,2.0,6,6,1.0
HD 157214,baseline,100.0,3.0,6,6,1.0
HD 157214,baseline,100.0,5.0,6,6,1.0
HD 157214,baseline,300.0,0.5,6,0,0.0
HD 157214,baseline,300.0,1.0,6,2,0.3333333333333333
HD 157214,baseline,300.0,1.5,6,5,0.8333333333333334
HD 157214,baseline,300.0,2.0,6,6,1.0
HD 157214,baseline,300.0,3.0,6,6,1.0
HD 157214,baseline,300.0,5.0,6,6,1.0
HD 157214,baseline,500.0,0.5,6,3,0.5
HD 157214,baseline,500.0,1.0,6,3,0.5
HD 157214,baseline,500.0,1.5,6,4,0.6666666666666666
HD 157214,baseline,500.0,2.0,6,5,0.8333333333333334
HD 157214,baseline,500.0,3.0,6,6,1.0
HD 157214,baseline,500.0,5.0,6,6,1.0
HD 157214,era,5.0,0.5,6,0,0.0
HD 157214,era,5.0,1.0,6,3,0.5
HD 157214,era,5.0,1.5,6,6,1.0
HD 157214,era,5.0,2.0,6,6,1.0
HD 157214,era,5.0,3.0,6,6,1.0
HD 157214,era,5.0,5.0,6,6,1.0
HD 157214,era,10.0,0.5,6,0,0.0
HD 157214,era,10.0,1.0,6,3,0.5
HD 157214,era,10.0,1.5,6,6,1.0
HD 157214,era,10.0,2.0,6,6,1.0
HD 157214,era,10.0,3.0,6,6,1.0
HD 157214,era,10.0,5.0,6,6,1.0
HD 157214,era,30.0,0.5,6,0,0.0
HD 157214,era,30.0,1.0,6,3,0.5
HD 157214,era,30.0,1.5,6,6,1.0
HD 157214,era,30.0,2.0,6,6,1.0
HD 157214,era,30.0,3.0,6,6,1.0
HD 157214,era,30.0,5.0,6,6,1.0
HD 157214,era,100.0,0.5,6,0,0.0
HD 157214,era,100.0,1.0,6,2,0.3333333333333333
HD 157214,era,100.0,1.5,6,6,1.0
HD 157214,era,100.0,2.0,6,6,1.0
HD 157214,era,100.0,3.0,6,6,1.0
HD 157214,era,100.0,5.0,6,6,1.0
HD 157214,era,300.0,0.5,6,0,0.0
HD 157214,era,300.0,1.0,6,2,0.3333333333333333
HD 157214,era,300.0,1.5,6,4,0.6666666666666666
HD 157214,era,300.0,2.0,6,5,0.8333333333333334
HD 157214,era,300.0,3.0,6,5,0.8333333333333334
HD 157214,era,300.0,5.0,6,5,0.8333333333333334
HD 157214,era,500.0,0.5,6,0,0.0
HD 157214,era,500.0,1.0,6,0,0.0
HD 157214,era,500.0,1.5,6,1,0.16666666666666666
HD 157214,era,500.0,2.0,6,1,0.16666666666666666
HD 157214,era,500.0,3.0,6,1,0.16666666666666666
HD 157214,era,500.0,5.0,6,1,0.16666666666666666
HD 157214,era_activity,5.0,0.5,6,0,0.0
HD 157214,era_activity,5.0,1.0,6,4,0.6666666666666666
HD 157214,era_activity,5.0,1.5,6,6,1.0
HD 157214,era_activity,5.0,2.0,6,6,1.0
HD 157214,era_activity,5.0,3.0,6,6,1.0
HD 157214,era_activity,5.0,5.0,6,6,1.0
HD 157214,era_activity,10.0,0.5,6,0,0.0
HD 157214,era_activity,10.0,1.0,6,3,0.5
HD 157214,era_activity,10.0,1.5,6,6,1.0
HD 157214,era_activity,10.0,2.0,6,6,1.0
HD 157214,era_activity,10.0,3.0,6,6,1.0
HD 157214,era_activity,10.0,5.0,6,6,1.0
HD 157214,era_activity,30.0,0.5,6,0,0.0
HD 157214,era_activity,30.0,1.0,6,3,0.5
HD 157214,era_activity,30.0,1.5,6,6,1.0
HD 157214,era_activity,30.0,2.0,6,6,1.0
HD 157214,era_activity,30.0,3.0,6,6,1.0
HD 157214,era_activity,30.0,5.0,6,6,1.0
HD 157214,era_activity,100.0,0.5,6,0,0.0
HD 157214,era_activity,100.0,1.0,6,1,0.16666666666666666
HD 157214,era_activity,100.0,1.5,6,6,1.0
HD 157214,era_activity,100.0,2.0,6,6,1.0
HD 157214,era_activity,100.0,3.0,6,6,1.0
HD 157214,era_activity,100.0,5.0,6,6,1.0
HD 157214,era_activity,300.0,0.5,6,0,0.0
HD 157214,era_activity,300.0,1.0,6,2,0.3333333333333333
HD 157214,era_activity,300.0,1.5,6,3,0.5
HD 157214,era_activity,300.0,2.0,6,5,0.8333333333333334
HD 157214,era_activity,300.0,3.0,6,5,0.8333333333333334
HD 157214,era_activity,300.0,5.0,6,5,0.8333333333333334
HD 157214,era_activity,500.0,0.5,6,0,0.0
HD 157214,era_activity,500.0,1.0,6,0,0.0
HD 157214,era_activity,500.0,1.5,6,1,0.16666666666666666
HD 157214,era_activity,500.0,2.0,6,1,0.16666666666666666
HD 157214,era_activity,500.0,3.0,6,1,0.16666666666666666
HD 157214,era_activity,500.0,5.0,6,1,0.16666666666666666
HD 166620,baseline,5.0,0.5,6,0,0.0
HD 166620,baseline,5.0,1.0,6,6,1.0
HD 166620,baseline,5.0,1.5,6,6,1.0
HD 166620,baseline,5.0,2.0,6,6,1.0
HD 166620,baseline,5.0,3.0,6,6,1.0
HD 166620,baseline,5.0,5.0,6,6,1.0
HD 166620,baseline,10.0,0.5,6,0,0.0
HD 166620,baseline,10.0,1.0,6,6,1.0
HD 166620,baseline,10.0,1.5,6,6,1.0
HD 166620,baseline,10.0,2.0,6,6,1.0
HD 166620,baseline,10.0,3.0,6,6,1.0
HD 166620,baseline,10.0,5.0,6,6,1.0
HD 166620,baseline,30.0,0.5,6,0,0.0
HD 166620,baseline,30.0,1.0,6,6,1.0
HD 166620,baseline,30.0,1.5,6,6,1.0
HD 166620,baseline,30.0,2.0,6,6,1.0
HD 166620,baseline,30.0,3.0,6,6,1.0
HD 166620,baseline,30.0,5.0,6,6,1.0
HD 166620,baseline,100.0,0.5,6,0,0.0
HD 166620,baseline,100.0,1.0,6,6,1.0
HD 166620,baseline,100.0,1.5,6,6,1.0
HD 166620,baseline,100.0,2.0,6,6,1.0
HD 166620,baseline,100.0,3.0,6,6,1.0
HD 166620,baseline,100.0,5.0,6,6,1.0
HD 166620,baseline,300.0,0.5,6,3,0.5
HD 166620,baseline,300.0,1.0,6,5,0.8333333333333334
HD 166620,baseline,300.0,1.5,6,6,1.0
HD 166620,baseline,300.0,2.0,6,6,1.0
HD 166620,baseline,300.0,3.0,6,6,1.0
HD 166620,baseline,300.0,5.0,6,6,1.0
HD 166620,baseline,500.0,0.5,6,0,0.0
HD 166620,baseline,500.0,1.0,6,4,0.6666666666666666
HD 166620,baseline,500.0,1.5,6,5,0.8333333333333334
HD 166620,baseline,500.0,2.0,6,5,0.8333333333333334
HD 166620,baseline,500.0,3.0,6,6,1.0
HD 166620,baseline,500.0,5.0,6,6,1.0
HD 166620,era,5.0,0.5,6,2,0.3333333333333333
HD 166620,era,5.0,1.0,6,6,1.0
HD 166620,era,5.0,1.5,6,6,1.0
HD 166620,era,5.0,2.0,6,6,1.0
HD 166620,era,5.0,3.0,6,6,1.0
HD 166620,era,5.0,5.0,6,6,1.0
HD 166620,era,10.0,0.5,6,0,0.0
HD 166620,era,10.0,1.0,6,6,1.0
HD 166620,era,10.0,1.5,6,6,1.0
HD 166620,era,10.0,2.0,6,6,1.0
HD 166620,era,10.0,3.0,6,6,1.0
HD 166620,era,10.0,5.0,6,6,1.0
HD 166620,era,30.0,0.5,6,1,0.16666666666666666
HD 166620,era,30.0,1.0,6,6,1.0
HD 166620,era,30.0,1.5,6,6,1.0
HD 166620,era,30.0,2.0,6,6,1.0
HD 166620,era,30.0,3.0,6,6,1.0
HD 166620,era,30.0,5.0,6,6,1.0
HD 166620,era,100.0,0.5,6,0,0.0
HD 166620,era,100.0,1.0,6,6,1.0
HD 166620,era,100.0,1.5,6,6,1.0
HD 166620,era,100.0,2.0,6,6,1.0
HD 166620,era,100.0,3.0,6,6,1.0
HD 166620,era,100.0,5.0,6,6,1.0
HD 166620,era,300.0,0.5,6,2,0.3333333333333333
HD 166620,era,300.0,1.0,6,2,0.3333333333333333
HD 166620,era,300.0,1.5,6,5,0.8333333333333334
HD 166620,era,300.0,2.0,6,5,0.8333333333333334
HD 166620,era,300.0,3.0,6,5,0.8333333333333334
HD 166620,era,300.0,5.0,6,5,0.8333333333333334
HD 166620,era,500.0,0.5,6,0,0.0
HD 166620,era,500.0,1.0,6,1,0.16666666666666666
HD 166620,era,500.0,1.5,6,2,0.3333333333333333
HD 166620,era,500.0,2.0,6,2,0.3333333333333333
HD 166620,era,500.0,3.0,6,2,0.3333333333333333
HD 166620,era,500.0,5.0,6,2,0.3333333333333333
HD 166620,era_activity,5.0,0.5,6,2,0.3333333333333333
HD 166620,era_activity,5.0,1.0,6,6,1.0
HD 166620,era_activity,5.0,1.5,6,6,1.0
HD 166620,era_activity,5.0,2.0,6,6,1.0
HD 166620,era_activity,5.0,3.0,6,6,1.0
HD 166620,era_activity,5.0,5.0,6,6,1.0
HD 166620,era_activity,10.0,0.5,6,0,0.0
HD 166620,era_activity,10.0,1.0,6,6,1.0
HD 166620,era_activity,10.0,1.5,6,6,1.0
HD 166620,era_activity,10.0,2.0,6,6,1.0
HD 166620,era_activity,10.0,3.0,6,6,1.0
HD 166620,era_activity,10.0,5.0,6,6,1.0
HD 166620,era_activity,30.0,0.5,6,0,0.0
HD 166620,era_activity,30.0,1.0,6,6,1.0
HD 166620,era_activity,30.0,1.5,6,6,1.0
HD 166620,era_activity,30.0,2.0,6,6,1.0
HD 166620,era_activity,30.0,3.0,6,6,1.0
HD 166620,era_activity,30.0,5.0,6,6,1.0
HD 166620,era_activity,100.0,0.5,6,0,0.0
HD 166620,era_activity,100.0,1.0,6,6,1.0
HD 166620,era_activity,100.0,1.5,6,6,1.0
HD 166620,era_activity,100.0,2.0,6,6,1.0
HD 166620,era_activity,100.0,3.0,6,6,1.0
HD 166620,era_activity,100.0,5.0,6,6,1.0
HD 166620,era_activity,300.0,0.5,6,0,0.0
HD 166620,era_activity,300.0,1.0,6,2,0.3333333333333333
HD 166620,era_activity,300.0,1.5,6,5,0.8333333333333334
HD 166620,era_activity,300.0,2.0,6,5,0.8333333333333334
HD 166620,era_activity,300.0,3.0,6,5,0.8333333333333334
HD 166620,era_activity,300.0,5.0,6,5,0.8333333333333334
HD 166620,era_activity,500.0,0.5,6,0,0.0
HD 166620,era_activity,500.0,1.0,6,1,0.16666666666666666
HD 166620,era_activity,500.0,1.5,6,2,0.3333333333333333
HD 166620,era_activity,500.0,2.0,6,3,0.5
HD 166620,era_activity,500.0,3.0,6,3,0.5
HD 166620,era_activity,500.0,5.0,6,2,0.3333333333333333
HD 168009,baseline,5.0,0.5,6,0,0.0
HD 168009,baseline,5.0,1.0,6,0,0.0
HD 168009,baseline,5.0,1.5,6,0,0.0
HD 168009,baseline,5.0,2.0,6,0,0.0
HD 168009,baseline,5.0,3.0,6,5,0.8333333333333334
HD 168009,baseline,5.0,5.0,6,6,1.0
HD 168009,baseline,10.0,0.5,6,0,0.0
HD 168009,baseline,10.0,1.0,6,0,0.0
HD 168009,baseline,10.0,1.5,6,0,0.0
HD 168009,baseline,10.0,2.0,6,0,0.0
HD 168009,baseline,10.0,3.0,6,6,1.0
HD 168009,baseline,10.0,5.0,6,6,1.0
HD 168009,baseline,30.0,0.5,6,0,0.0
HD 168009,baseline,30.0,1.0,6,0,0.0
HD 168009,baseline,30.0,1.5,6,2,0.3333333333333333
HD 168009,baseline,30.0,2.0,6,3,0.5
HD 168009,baseline,30.0,3.0,6,5,0.8333333333333334
HD 168009,baseline,30.0,5.0,6,6,1.0
HD 168009,baseline,100.0,0.5,6,0,0.0
HD 168009,baseline,100.0,1.0,6,0,0.0
HD 168009,baseline,100.0,1.5,6,0,0.0
HD 168009,baseline,100.0,2.0,6,0,0.0
HD 168009,baseline,100.0,3.0,6,4,0.6666666666666666
HD 168009,baseline,100.0,5.0,6,6,1.0
HD 168009,baseline,300.0,0.5,6,4,0.6666666666666666
HD 168009,baseline,300.0,1.0,6,4,0.6666666666666666
HD 168009,baseline,300.0,1.5,6,4,0.6666666666666666
HD 168009,baseline,300.0,2.0,6,1,0.16666666666666666
HD 168009,baseline,300.0,3.0,6,2,0.3333333333333333
HD 168009,baseline,300.0,5.0,6,2,0.3333333333333333
HD 168009,baseline,500.0,0.5,6,0,0.0
HD 168009,baseline,500.0,1.0,6,0,0.0
HD 168009,baseline,500.0,1.5,6,0,0.0
HD 168009,baseline,500.0,2.0,6,0,0.0
HD 168009,baseline,500.0,3.0,6,1,0.16666666666666666
HD 168009,baseline,500.0,5.0,6,4,0.6666666666666666
HD 168009,era,5.0,0.5,6,0,0.0
HD 168009,era,5.0,1.0,6,0,0.0
HD 168009,era,5.0,1.5,6,0,0.0
HD 168009,era,5.0,2.0,6,0,0.0
HD 168009,era,5.0,3.0,6,6,1.0
HD 168009,era,5.0,5.0,6,6,1.0
HD 168009,era,10.0,0.5,6,0,0.0
HD 168009,era,10.0,1.0,6,0,0.0
HD 168009,era,10.0,1.5,6,0,0.0
HD 168009,era,10.0,2.0,6,0,0.0
HD 168009,era,10.0,3.0,6,6,1.0
HD 168009,era,10.0,5.0,6,6,1.0
HD 168009,era,30.0,0.5,6,6,1.0
HD 168009,era,30.0,1.0,6,3,0.5
HD 168009,era,30.0,1.5,6,2,0.3333333333333333
HD 168009,era,30.0,2.0,6,4,0.6666666666666666
HD 168009,era,30.0,3.0,6,6,1.0
HD 168009,era,30.0,5.0,6,6,1.0
HD 168009,era,100.0,0.5,6,0,0.0
HD 168009,era,100.0,1.0,6,0,0.0
HD 168009,era,100.0,1.5,6,0,0.0
HD 168009,era,100.0,2.0,6,1,0.16666666666666666
HD 168009,era,100.0,3.0,6,3,0.5
HD 168009,era,100.0,5.0,6,6,1.0
HD 168009,era,300.0,0.5,6,0,0.0
HD 168009,era,300.0,1.0,6,0,0.0
HD 168009,era,300.0,1.5,6,0,0.0
HD 168009,era,300.0,2.0,6,1,0.16666666666666666
HD 168009,era,300.0,3.0,6,3,0.5
HD 168009,era,300.0,5.0,6,4,0.6666666666666666
HD 168009,era,500.0,0.5,6,0,0.0
HD 168009,era,500.0,1.0,6,0,0.0
HD 168009,era,500.0,1.5,6,0,0.0
HD 168009,era,500.0,2.0,6,1,0.16666666666666666
HD 168009,era,500.0,3.0,6,1,0.16666666666666666
HD 168009,era,500.0,5.0,6,2,0.3333333333333333
HD 168009,era_activity,5.0,0.5,6,0,0.0
HD 168009,era_activity,5.0,1.0,6,0,0.0
HD 168009,era_activity,5.0,1.5,6,0,0.0
HD 168009,era_activity,5.0,2.0,6,1,0.16666666666666666
HD 168009,era_activity,5.0,3.0,6,6,1.0
HD 168009,era_activity,5.0,5.0,6,6,1.0
HD 168009,era_activity,10.0,0.5,6,0,0.0
HD 168009,era_activity,10.0,1.0,6,0,0.0
HD 168009,era_activity,10.0,1.5,6,0,0.0
HD 168009,era_activity,10.0,2.0,6,2,0.3333333333333333
HD 168009,era_activity,10.0,3.0,6,6,1.0
HD 168009,era_activity,10.0,5.0,6,6,1.0
HD 168009,era_activity,30.0,0.5,6,3,0.5
HD 168009,era_activity,30.0,1.0,6,2,0.3333333333333333
HD 168009,era_activity,30.0,1.5,6,3,0.5
HD 168009,era_activity,30.0,2.0,6,5,0.8333333333333334
HD 168009,era_activity,30.0,3.0,6,6,1.0
HD 168009,era_activity,30.0,5.0,6,6,1.0
HD 168009,era_activity,100.0,0.5,6,0,0.0
HD 168009,era_activity,100.0,1.0,6,0,0.0
HD 168009,era_activity,100.0,1.5,6,2,0.3333333333333333
HD 168009,era_activity,100.0,2.0,6,3,0.5
HD 168009,era_activity,100.0,3.0,6,4,0.6666666666666666
HD 168009,era_activity,100.0,5.0,6,6,1.0
HD 168009,era_activity,300.0,0.5,6,0,0.0
HD 168009,era_activity,300.0,1.0,6,0,0.0
HD 168009,era_activity,300.0,1.5,6,0,0.0
HD 168009,era_activity,300.0,2.0,6,1,0.16666666666666666
HD 168009,era_activity,300.0,3.0,6,3,0.5
HD 168009,era_activity,300.0,5.0,6,4,0.6666666666666666
HD 168009,era_activity,500.0,0.5,6,0,0.0
HD 168009,era_activity,500.0,1.0,6,0,0.0
HD 168009,era_activity,500.0,1.5,6,0,0.0
HD 168009,era_activity,500.0,2.0,6,0,0.0
HD 168009,era_activity,500.0,3.0,6,1,0.16666666666666666
HD 168009,era_activity,500.0,5.0,6,1,0.16666666666666666
HD 170657,baseline,5.0,0.5,6,0,0.0
HD 170657,baseline,5.0,1.0,6,0,0.0
HD 170657,baseline,5.0,1.5,6,0,0.0
HD 170657,baseline,5.0,2.0,6,0,0.0
HD 170657,baseline,5.0,3.0,6,1,0.16666666666666666
HD 170657,baseline,5.0,5.0,6,6,1.0
HD 170657,baseline,10.0,0.5,6,0,0.0
HD 170657,baseline,10.0,1.0,6,0,0.0
HD 170657,baseline,10.0,1.5,6,0,0.0
HD 170657,baseline,10.0,2.0,6,0,0.0
HD 170657,baseline,10.0,3.0,6,2,0.3333333333333333
HD 170657,baseline,10.0,5.0,6,6,1.0
HD 170657,baseline,30.0,0.5,6,0,0.0
HD 170657,baseline,30.0,1.0,6,0,0.0
HD 170657,baseline,30.0,1.5,6,1,0.16666666666666666
HD 170657,baseline,30.0,2.0,6,2,0.3333333333333333
HD 170657,baseline,30.0,3.0,6,3,0.5
HD 170657,baseline,30.0,5.0,6,5,0.8333333333333334
HD 170657,baseline,100.0,0.5,6,0,0.0
HD 170657,baseline,100.0,1.0,6,0,0.0
HD 170657,baseline,100.0,1.5,6,0,0.0
HD 170657,baseline,100.0,2.0,6,0,0.0
HD 170657,baseline,100.0,3.0,6,1,0.16666666666666666
HD 170657,baseline,100.0,5.0,6,2,0.3333333333333333
HD 170657,baseline,300.0,0.5,6,0,0.0
HD 170657,baseline,300.0,1.0,6,0,0.0
HD 170657,baseline,300.0,1.5,6,1,0.16666666666666666
HD 170657,baseline,300.0,2.0,6,2,0.3333333333333333
HD 170657,baseline,300.0,3.0,6,4,0.6666666666666666
HD 170657,baseline,300.0,5.0,6,4,0.6666666666666666
HD 170657,baseline,500.0,0.5,6,0,0.0
HD 170657,baseline,500.0,1.0,6,0,0.0
HD 170657,baseline,500.0,1.5,6,0,0.0
HD 170657,baseline,500.0,2.0,6,2,0.3333333333333333
HD 170657,baseline,500.0,3.0,6,3,0.5
HD 170657,baseline,500.0,5.0,6,4,0.6666666666666666
HD 170657,era,5.0,0.5,6,0,0.0
HD 170657,era,5.0,1.0,6,0,0.0
HD 170657,era,5.0,1.5,6,0,0.0
HD 170657,era,5.0,2.0,6,0,0.0
HD 170657,era,5.0,3.0,6,2,0.3333333333333333
HD 170657,era,5.0,5.0,6,5,0.8333333333333334
HD 170657,era,10.0,0.5,6,0,0.0
HD 170657,era,10.0,1.0,6,0,0.0
HD 170657,era,10.0,1.5,6,0,0.0
HD 170657,era,10.0,2.0,6,0,0.0
HD 170657,era,10.0,3.0,6,2,0.3333333333333333
HD 170657,era,10.0,5.0,6,4,0.6666666666666666
HD 170657,era,30.0,0.5,6,0,0.0
HD 170657,era,30.0,1.0,6,0,0.0
HD 170657,era,30.0,1.5,6,0,0.0
HD 170657,era,30.0,2.0,6,0,0.0
HD 170657,era,30.0,3.0,6,2,0.3333333333333333
HD 170657,era,30.0,5.0,6,6,1.0
HD 170657,era,100.0,0.5,6,0,0.0
HD 170657,era,100.0,1.0,6,0,0.0
HD 170657,era,100.0,1.5,6,0,0.0
HD 170657,era,100.0,2.0,6,0,0.0
HD 170657,era,100.0,3.0,6,1,0.16666666666666666
HD 170657,era,100.0,5.0,6,4,0.6666666666666666
HD 170657,era,300.0,0.5,6,0,0.0
HD 170657,era,300.0,1.0,6,0,0.0
HD 170657,era,300.0,1.5,6,0,0.0
HD 170657,era,300.0,2.0,6,0,0.0
HD 170657,era,300.0,3.0,6,0,0.0
HD 170657,era,300.0,5.0,6,1,0.16666666666666666
HD 170657,era,500.0,0.5,6,0,0.0
HD 170657,era,500.0,1.0,6,0,0.0
HD 170657,era,500.0,1.5,6,0,0.0
HD 170657,era,500.0,2.0,6,0,0.0
HD 170657,era,500.0,3.0,6,0,0.0
HD 170657,era,500.0,5.0,6,0,0.0
HD 170657,era_activity,5.0,0.5,6,0,0.0
HD 170657,era_activity,5.0,1.0,6,0,0.0
HD 170657,era_activity,5.0,1.5,6,0,0.0
HD 170657,era_activity,5.0,2.0,6,0,0.0
HD 170657,era_activity,5.0,3.0,6,3,0.5
HD 170657,era_activity,5.0,5.0,6,6,1.0
HD 170657,era_activity,10.0,0.5,6,0,0.0
HD 170657,era_activity,10.0,1.0,6,0,0.0
HD 170657,era_activity,10.0,1.5,6,0,0.0
HD 170657,era_activity,10.0,2.0,6,0,0.0
HD 170657,era_activity,10.0,3.0,6,3,0.5
HD 170657,era_activity,10.0,5.0,6,6,1.0
HD 170657,era_activity,30.0,0.5,6,0,0.0
HD 170657,era_activity,30.0,1.0,6,0,0.0
HD 170657,era_activity,30.0,1.5,6,0,0.0
HD 170657,era_activity,30.0,2.0,6,0,0.0
HD 170657,era_activity,30.0,3.0,6,4,0.6666666666666666
HD 170657,era_activity,30.0,5.0,6,5,0.8333333333333334
HD 170657,era_activity,100.0,0.5,6,0,0.0
HD 170657,era_activity,100.0,1.0,6,0,0.0
HD 170657,era_activity,100.0,1.5,6,0,0.0
HD 170657,era_activity,100.0,2.0,6,0,0.0
HD 170657,era_activity,100.0,3.0,6,1,0.16666666666666666
HD 170657,era_activity,100.0,5.0,6,6,1.0
HD 170657,era_activity,300.0,0.5,6,0,0.0
HD 170657,era_activity,300.0,1.0,6,0,0.0
HD 170657,era_activity,300.0,1.5,6,0,0.0
HD 170657,era_activity,300.0,2.0,6,0,0.0
HD 170657,era_activity,300.0,3.0,6,0,0.0
HD 170657,era_activity,300.0,5.0,6,0,0.0
HD 170657,era_activity,500.0,0.5,6,0,0.0
HD 170657,era_activity,500.0,1.0,6,0,0.0
HD 170657,era_activity,500.0,1.5,6,0,0.0
HD 170657,era_activity,500.0,2.0,6,0,0.0
HD 170657,era_activity,500.0,3.0,6,0,0.0
HD 170657,era_activity,500.0,5.0,6,0,0.0
HD 172051,baseline,5.0,0.5,6,0,0.0
HD 172051,baseline,5.0,1.0,6,1,0.16666666666666666
HD 172051,baseline,5.0,1.5,6,6,1.0
HD 172051,baseline,5.0,2.0,6,6,1.0
HD 172051,baseline,5.0,3.0,6,6,1.0
HD 172051,baseline,5.0,5.0,6,6,1.0
HD 172051,baseline,10.0,0.5,6,0,0.0
HD 172051,baseline,10.0,1.0,6,1,0.16666666666666666
HD 172051,baseline,10.0,1.5,6,5,0.8333333333333334
HD 172051,baseline,10.0,2.0,6,6,1.0
HD 172051,baseline,10.0,3.0,6,6,1.0
HD 172051,baseline,10.0,5.0,6,6,1.0
HD 172051,baseline,30.0,0.5,6,0,0.0
HD 172051,baseline,30.0,1.0,6,0,0.0
HD 172051,baseline,30.0,1.5,6,3,0.5
HD 172051,baseline,30.0,2.0,6,3,0.5
HD 172051,baseline,30.0,3.0,6,4,0.6666666666666666
HD 172051,baseline,30.0,5.0,6,6,1.0
HD 172051,baseline,100.0,0.5,6,0,0.0
HD 172051,baseline,100.0,1.0,6,1,0.16666666666666666
HD 172051,baseline,100.0,1.5,6,2,0.3333333333333333
HD 172051,baseline,100.0,2.0,6,4,0.6666666666666666
HD 172051,baseline,100.0,3.0,6,5,0.8333333333333334
HD 172051,baseline,100.0,5.0,6,6,1.0
HD 172051,baseline,300.0,0.5,6,0,0.0
HD 172051,baseline,300.0,1.0,6,2,0.3333333333333333
HD 172051,baseline,300.0,1.5,6,3,0.5
HD 172051,baseline,300.0,2.0,6,3,0.5
HD 172051,baseline,300.0,3.0,6,4,0.6666666666666666
HD 172051,baseline,300.0,5.0,6,5,0.8333333333333334
HD 172051,baseline,500.0,0.5,6,0,0.0
HD 172051,baseline,500.0,1.0,6,1,0.16666666666666666
HD 172051,baseline,500.0,1.5,6,1,0.16666666666666666
HD 172051,baseline,500.0,2.0,6,3,0.5
HD 172051,baseline,500.0,3.0,6,4,0.6666666666666666
HD 172051,baseline,500.0,5.0,6,4,0.6666666666666666
HD 172051,era,5.0,0.5,6,0,0.0
HD 172051,era,5.0,1.0,6,0,0.0
HD 172051,era,5.0,1.5,6,6,1.0
HD 172051,era,5.0,2.0,6,6,1.0
HD 172051,era,5.0,3.0,6,6,1.0
HD 172051,era,5.0,5.0,6,6,1.0
HD 172051,era,10.0,0.5,6,0,0.0
HD 172051,era,10.0,1.0,6,0,0.0
HD 172051,era,10.0,1.5,6,5,0.8333333333333334
HD 172051,era,10.0,2.0,6,6,1.0
HD 172051,era,10.0,3.0,6,6,1.0
HD 172051,era,10.0,5.0,6,6,1.0
HD 172051,era,30.0,0.5,6,0,0.0
HD 172051,era,30.0,1.0,6,1,0.16666666666666666
HD 172051,era,30.0,1.5,6,3,0.5
HD 172051,era,30.0,2.0,6,5,0.8333333333333334
HD 172051,era,30.0,3.0,6,6,1.0
HD 172051,era,30.0,5.0,6,6,1.0
HD 172051,era,100.0,0.5,6,0,0.0
HD 172051,era,100.0,1.0,6,0,0.0
HD 172051,era,100.0,1.5,6,4,0.6666666666666666
HD 172051,era,100.0,2.0,6,5,0.8333333333333334
HD 172051,era,100.0,3.0,6,5,0.8333333333333334
HD 172051,era,100.0,5.0,6,6,1.0
HD 172051,era,300.0,0.5,6,0,0.0
HD 172051,era,300.0,1.0,6,2,0.3333333333333333
HD 172051,era,300.0,1.5,6,1,0.16666666666666666
HD 172051,era,300.0,2.0,6,0,0.0
HD 172051,era,300.0,3.0,6,0,0.0
HD 172051,era,300.0,5.0,6,2,0.3333333333333333
HD 172051,era,500.0,0.5,6,0,0.0
HD 172051,era,500.0,1.0,6,1,0.16666666666666666
HD 172051,era,500.0,1.5,6,1,0.16666666666666666
HD 172051,era,500.0,2.0,6,2,0.3333333333333333
HD 172051,era,500.0,3.0,6,4,0.6666666666666666
HD 172051,era,500.0,5.0,6,4,0.6666666666666666
HD 172051,era_activity,5.0,0.5,6,0,0.0
HD 172051,era_activity,5.0,1.0,6,4,0.6666666666666666
HD 172051,era_activity,5.0,1.5,6,6,1.0
HD 172051,era_activity,5.0,2.0,6,6,1.0
HD 172051,era_activity,5.0,3.0,6,6,1.0
HD 172051,era_activity,5.0,5.0,6,6,1.0
HD 172051,era_activity,10.0,0.5,6,0,0.0
HD 172051,era_activity,10.0,1.0,6,3,0.5
HD 172051,era_activity,10.0,1.5,6,6,1.0
HD 172051,era_activity,10.0,2.0,6,6,1.0
HD 172051,era_activity,10.0,3.0,6,6,1.0
HD 172051,era_activity,10.0,5.0,6,6,1.0
HD 172051,era_activity,30.0,0.5,6,0,0.0
HD 172051,era_activity,30.0,1.0,6,2,0.3333333333333333
HD 172051,era_activity,30.0,1.5,6,4,0.6666666666666666
HD 172051,era_activity,30.0,2.0,6,5,0.8333333333333334
HD 172051,era_activity,30.0,3.0,6,6,1.0
HD 172051,era_activity,30.0,5.0,6,6,1.0
HD 172051,era_activity,100.0,0.5,6,0,0.0
HD 172051,era_activity,100.0,1.0,6,0,0.0
HD 172051,era_activity,100.0,1.5,6,4,0.6666666666666666
HD 172051,era_activity,100.0,2.0,6,5,0.8333333333333334
HD 172051,era_activity,100.0,3.0,6,6,1.0
HD 172051,era_activity,100.0,5.0,6,6,1.0
HD 172051,era_activity,300.0,0.5,6,0,0.0
HD 172051,era_activity,300.0,1.0,6,0,0.0
HD 172051,era_activity,300.0,1.5,6,0,0.0
HD 172051,era_activity,300.0,2.0,6,0,0.0
HD 172051,era_activity,300.0,3.0,6,0,0.0
HD 172051,era_activity,300.0,5.0,6,0,0.0
HD 172051,era_activity,500.0,0.5,6,0,0.0
HD 172051,era_activity,500.0,1.0,6,0,0.0
HD 172051,era_activity,500.0,1.5,6,0,0.0
HD 172051,era_activity,500.0,2.0,6,0,0.0
HD 172051,era_activity,500.0,3.0,6,0,0.0
HD 172051,era_activity,500.0,5.0,6,0,0.0
HD 179957,baseline,5.0,0.5,6,0,0.0
HD 179957,baseline,5.0,1.0,6,0,0.0
HD 179957,baseline,5.0,1.5,6,0,0.0
HD 179957,baseline,5.0,2.0,6,0,0.0
HD 179957,baseline,5.0,3.0,6,0,0.0
HD 179957,baseline,5.0,5.0,6,6,1.0
HD 179957,baseline,10.0,0.5,6,0,0.0
HD 179957,baseline,10.0,1.0,6,0,0.0
HD 179957,baseline,10.0,1.5,6,0,0.0
HD 179957,baseline,10.0,2.0,6,0,0.0
HD 179957,baseline,10.0,3.0,6,1,0.16666666666666666
HD 179957,baseline,10.0,5.0,6,6,1.0
HD 179957,baseline,30.0,0.5,6,0,0.0
HD 179957,baseline,30.0,1.0,6,0,0.0
HD 179957,baseline,30.0,1.5,6,0,0.0
HD 179957,baseline,30.0,2.0,6,0,0.0
HD 179957,baseline,30.0,3.0,6,2,0.3333333333333333
HD 179957,baseline,30.0,5.0,6,6,1.0
HD 179957,baseline,100.0,0.5,6,0,0.0
HD 179957,baseline,100.0,1.0,6,0,0.0
HD 179957,baseline,100.0,1.5,6,1,0.16666666666666666
HD 179957,baseline,100.0,2.0,6,1,0.16666666666666666
HD 179957,baseline,100.0,3.0,6,3,0.5
HD 179957,baseline,100.0,5.0,6,6,1.0
HD 179957,baseline,300.0,0.5,6,0,0.0
HD 179957,baseline,300.0,1.0,6,0,0.0
HD 179957,baseline,300.0,1.5,6,2,0.3333333333333333
HD 179957,baseline,300.0,2.0,6,2,0.3333333333333333
HD 179957,baseline,300.0,3.0,6,3,0.5
HD 179957,baseline,300.0,5.0,6,4,0.6666666666666666
HD 179957,baseline,500.0,0.5,6,0,0.0
HD 179957,baseline,500.0,1.0,6,1,0.16666666666666666
HD 179957,baseline,500.0,1.5,6,2,0.3333333333333333
HD 179957,baseline,500.0,2.0,6,3,0.5
HD 179957,baseline,500.0,3.0,6,3,0.5
HD 179957,baseline,500.0,5.0,6,5,0.8333333333333334
HD 179957,era,5.0,0.5,6,0,0.0
HD 179957,era,5.0,1.0,6,0,0.0
HD 179957,era,5.0,1.5,6,0,0.0
HD 179957,era,5.0,2.0,6,1,0.16666666666666666
HD 179957,era,5.0,3.0,6,6,1.0
HD 179957,era,5.0,5.0,6,6,1.0
HD 179957,era,10.0,0.5,6,0,0.0
HD 179957,era,10.0,1.0,6,0,0.0
HD 179957,era,10.0,1.5,6,0,0.0
HD 179957,era,10.0,2.0,6,0,0.0
HD 179957,era,10.0,3.0,6,6,1.0
HD 179957,era,10.0,5.0,6,6,1.0
HD 179957,era,30.0,0.5,6,0,0.0
HD 179957,era,30.0,1.0,6,0,0.0
HD 179957,era,30.0,1.5,6,0,0.0
HD 179957,era,30.0,2.0,6,2,0.3333333333333333
HD 179957,era,30.0,3.0,6,6,1.0
HD 179957,era,30.0,5.0,6,6,1.0
HD 179957,era,100.0,0.5,6,0,0.0
HD 179957,era,100.0,1.0,6,0,0.0
HD 179957,era,100.0,1.5,6,0,0.0
HD 179957,era,100.0,2.0,6,1,0.16666666666666666
HD 179957,era,100.0,3.0,6,4,0.6666666666666666
HD 179957,era,100.0,5.0,6,6,1.0
HD 179957,era,300.0,0.5,6,6,1.0
HD 179957,era,300.0,1.0,6,1,0.16666666666666666
HD 179957,era,300.0,1.5,6,0,0.0
HD 179957,era,300.0,2.0,6,0,0.0
HD 179957,era,300.0,3.0,6,0,0.0
HD 179957,era,300.0,5.0,6,2,0.3333333333333333
HD 179957,era,500.0,0.5,6,0,0.0
HD 179957,era,500.0,1.0,6,0,0.0
HD 179957,era,500.0,1.5,6,0,0.0
HD 179957,era,500.0,2.0,6,0,0.0
HD 179957,era,500.0,3.0,6,0,0.0
HD 179957,era,500.0,5.0,6,4,0.6666666666666666
HD 179957,era_activity,5.0,0.5,6,0,0.0
HD 179957,era_activity,5.0,1.0,6,0,0.0
HD 179957,era_activity,5.0,1.5,6,0,0.0
HD 179957,era_activity,5.0,2.0,6,1,0.16666666666666666
HD 179957,era_activity,5.0,3.0,6,6,1.0
HD 179957,era_activity,5.0,5.0,6,6,1.0
HD 179957,era_activity,10.0,0.5,6,0,0.0
HD 179957,era_activity,10.0,1.0,6,0,0.0
HD 179957,era_activity,10.0,1.5,6,0,0.0
HD 179957,era_activity,10.0,2.0,6,0,0.0
HD 179957,era_activity,10.0,3.0,6,6,1.0
HD 179957,era_activity,10.0,5.0,6,6,1.0
HD 179957,era_activity,30.0,0.5,6,0,0.0
HD 179957,era_activity,30.0,1.0,6,0,0.0
HD 179957,era_activity,30.0,1.5,6,1,0.16666666666666666
HD 179957,era_activity,30.0,2.0,6,3,0.5
HD 179957,era_activity,30.0,3.0,6,6,1.0
HD 179957,era_activity,30.0,5.0,6,6,1.0
HD 179957,era_activity,100.0,0.5,6,0,0.0
HD 179957,era_activity,100.0,1.0,6,0,0.0
HD 179957,era_activity,100.0,1.5,6,0,0.0
HD 179957,era_activity,100.0,2.0,6,2,0.3333333333333333
HD 179957,era_activity,100.0,3.0,6,4,0.6666666666666666
HD 179957,era_activity,100.0,5.0,6,6,1.0
HD 179957,era_activity,300.0,0.5,6,6,1.0
HD 179957,era_activity,300.0,1.0,6,1,0.16666666666666666
HD 179957,era_activity,300.0,1.5,6,0,0.0
HD 179957,era_activity,300.0,2.0,6,0,0.0
HD 179957,era_activity,300.0,3.0,6,0,0.0
HD 179957,era_activity,300.0,5.0,6,2,0.3333333333333333
HD 179957,era_activity,500.0,0.5,6,0,0.0
HD 179957,era_activity,500.0,1.0,6,0,0.0
HD 179957,era_activity,500.0,1.5,6,0,0.0
HD 179957,era_activity,500.0,2.0,6,0,0.0
HD 179957,era_activity,500.0,3.0,6,3,0.5
HD 179957,era_activity,500.0,5.0,6,4,0.6666666666666666
HD 182572,baseline,5.0,0.5,6,0,0.0
HD 182572,baseline,5.0,1.0,6,0,0.0
HD 182572,baseline,5.0,1.5,6,0,0.0
HD 182572,baseline,5.0,2.0,6,3,0.5
HD 182572,baseline,5.0,3.0,6,6,1.0
HD 182572,baseline,5.0,5.0,6,6,1.0
HD 182572,baseline,10.0,0.5,6,0,0.0
HD 182572,baseline,10.0,1.0,6,0,0.0
HD 182572,baseline,10.0,1.5,6,0,0.0
HD 182572,baseline,10.0,2.0,6,2,0.3333333333333333
HD 182572,baseline,10.0,3.0,6,6,1.0
HD 182572,baseline,10.0,5.0,6,6,1.0
HD 182572,baseline,30.0,0.5,6,0,0.0
HD 182572,baseline,30.0,1.0,6,1,0.16666666666666666
HD 182572,baseline,30.0,1.5,6,3,0.5
HD 182572,baseline,30.0,2.0,6,3,0.5
HD 182572,baseline,30.0,3.0,6,5,0.8333333333333334
HD 182572,baseline,30.0,5.0,6,6,1.0
HD 182572,baseline,100.0,0.5,6,0,0.0
HD 182572,baseline,100.0,1.0,6,1,0.16666666666666666
HD 182572,baseline,100.0,1.5,6,3,0.5
HD 182572,baseline,100.0,2.0,6,3,0.5
HD 182572,baseline,100.0,3.0,6,5,0.8333333333333334
HD 182572,baseline,100.0,5.0,6,6,1.0
HD 182572,baseline,300.0,0.5,6,0,0.0
HD 182572,baseline,300.0,1.0,6,1,0.16666666666666666
HD 182572,baseline,300.0,1.5,6,1,0.16666666666666666
HD 182572,baseline,300.0,2.0,6,2,0.3333333333333333
HD 182572,baseline,300.0,3.0,6,2,0.3333333333333333
HD 182572,baseline,300.0,5.0,6,5,0.8333333333333334
HD 182572,baseline,500.0,0.5,6,1,0.16666666666666666
HD 182572,baseline,500.0,1.0,6,2,0.3333333333333333
HD 182572,baseline,500.0,1.5,6,1,0.16666666666666666
HD 182572,baseline,500.0,2.0,6,2,0.3333333333333333
HD 182572,baseline,500.0,3.0,6,2,0.3333333333333333
HD 182572,baseline,500.0,5.0,6,3,0.5
HD 182572,era,5.0,0.5,6,0,0.0
HD 182572,era,5.0,1.0,6,0,0.0
HD 182572,era,5.0,1.5,6,0,0.0
HD 182572,era,5.0,2.0,6,5,0.8333333333333334
HD 182572,era,5.0,3.0,6,6,1.0
HD 182572,era,5.0,5.0,6,6,1.0
HD 182572,era,10.0,0.5,6,0,0.0
HD 182572,era,10.0,1.0,6,0,0.0
HD 182572,era,10.0,1.5,6,0,0.0
HD 182572,era,10.0,2.0,6,5,0.8333333333333334
HD 182572,era,10.0,3.0,6,6,1.0
HD 182572,era,10.0,5.0,6,6,1.0
HD 182572,era,30.0,0.5,6,0,0.0
HD 182572,era,30.0,1.0,6,1,0.16666666666666666
HD 182572,era,30.0,1.5,6,3,0.5
HD 182572,era,30.0,2.0,6,4,0.6666666666666666
HD 182572,era,30.0,3.0,6,6,1.0
HD 182572,era,30.0,5.0,6,6,1.0
HD 182572,era,100.0,0.5,6,0,0.0
HD 182572,era,100.0,1.0,6,0,0.0
HD 182572,era,100.0,1.5,6,0,0.0
HD 182572,era,100.0,2.0,6,4,0.6666666666666666
HD 182572,era,100.0,3.0,6,6,1.0
HD 182572,era,100.0,5.0,6,6,1.0
HD 182572,era,300.0,0.5,6,0,0.0
HD 182572,era,300.0,1.0,6,0,0.0
HD 182572,era,300.0,1.5,6,0,0.0
HD 182572,era,300.0,2.0,6,2,0.3333333333333333
HD 182572,era,300.0,3.0,6,2,0.3333333333333333
HD 182572,era,300.0,5.0,6,4,0.6666666666666666
HD 182572,era,500.0,0.5,6,0,0.0
HD 182572,era,500.0,1.0,6,0,0.0
HD 182572,era,500.0,1.5,6,0,0.0
HD 182572,era,500.0,2.0,6,3,0.5
HD 182572,era,500.0,3.0,6,4,0.6666666666666666
HD 182572,era,500.0,5.0,6,4,0.6666666666666666
HD 182572,era_activity,5.0,0.5,6,0,0.0
HD 182572,era_activity,5.0,1.0,6,0,0.0
HD 182572,era_activity,5.0,1.5,6,2,0.3333333333333333
HD 182572,era_activity,5.0,2.0,6,6,1.0
HD 182572,era_activity,5.0,3.0,6,6,1.0
HD 182572,era_activity,5.0,5.0,6,6,1.0
HD 182572,era_activity,10.0,0.5,6,0,0.0
HD 182572,era_activity,10.0,1.0,6,0,0.0
HD 182572,era_activity,10.0,1.5,6,2,0.3333333333333333
HD 182572,era_activity,10.0,2.0,6,6,1.0
HD 182572,era_activity,10.0,3.0,6,6,1.0
HD 182572,era_activity,10.0,5.0,6,6,1.0
HD 182572,era_activity,30.0,0.5,6,0,0.0
HD 182572,era_activity,30.0,1.0,6,0,0.0
HD 182572,era_activity,30.0,1.5,6,2,0.3333333333333333
HD 182572,era_activity,30.0,2.0,6,5,0.8333333333333334
HD 182572,era_activity,30.0,3.0,6,6,1.0
HD 182572,era_activity,30.0,5.0,6,6,1.0
HD 182572,era_activity,100.0,0.5,6,0,0.0
HD 182572,era_activity,100.0,1.0,6,0,0.0
HD 182572,era_activity,100.0,1.5,6,3,0.5
HD 182572,era_activity,100.0,2.0,6,4,0.6666666666666666
HD 182572,era_activity,100.0,3.0,6,6,1.0
HD 182572,era_activity,100.0,5.0,6,6,1.0
HD 182572,era_activity,300.0,0.5,6,0,0.0
HD 182572,era_activity,300.0,1.0,6,0,0.0
HD 182572,era_activity,300.0,1.5,6,0,0.0
HD 182572,era_activity,300.0,2.0,6,2,0.3333333333333333
HD 182572,era_activity,300.0,3.0,6,3,0.5
HD 182572,era_activity,300.0,5.0,6,5,0.8333333333333334
HD 182572,era_activity,500.0,0.5,6,0,0.0
HD 182572,era_activity,500.0,1.0,6,0,0.0
HD 182572,era_activity,500.0,1.5,6,2,0.3333333333333333
HD 182572,era_activity,500.0,2.0,6,3,0.5
HD 182572,era_activity,500.0,3.0,6,2,0.3333333333333333
HD 182572,era_activity,500.0,5.0,6,3,0.5
HD 185144,baseline,5.0,0.5,6,0,0.0
HD 185144,baseline,5.0,1.0,6,6,1.0
HD 185144,baseline,5.0,1.5,6,6,1.0
HD 185144,baseline,5.0,2.0,6,6,1.0
HD 185144,baseline,5.0,3.0,6,6,1.0
HD 185144,baseline,5.0,5.0,6,6,1.0
HD 185144,baseline,10.0,0.5,6,0,0.0
HD 185144,baseline,10.0,1.0,6,6,1.0
HD 185144,baseline,10.0,1.5,6,6,1.0
HD 185144,baseline,10.0,2.0,6,6,1.0
HD 185144,baseline,10.0,3.0,6,6,1.0
HD 185144,baseline,10.0,5.0,6,6,1.0
HD 185144,baseline,30.0,0.5,6,0,0.0
HD 185144,baseline,30.0,1.0,6,6,1.0
HD 185144,baseline,30.0,1.5,6,6,1.0
HD 185144,baseline,30.0,2.0,6,6,1.0
HD 185144,baseline,30.0,3.0,6,6,1.0
HD 185144,baseline,30.0,5.0,6,6,1.0
HD 185144,baseline,100.0,0.5,6,0,0.0
HD 185144,baseline,100.0,1.0,6,4,0.6666666666666666
HD 185144,baseline,100.0,1.5,6,6,1.0
HD 185144,baseline,100.0,2.0,6,6,1.0
HD 185144,baseline,100.0,3.0,6,6,1.0
HD 185144,baseline,100.0,5.0,6,6,1.0
HD 185144,baseline,300.0,0.5,6,0,0.0
HD 185144,baseline,300.0,1.0,6,4,0.6666666666666666
HD 185144,baseline,300.0,1.5,6,6,1.0
HD 185144,baseline,300.0,2.0,6,6,1.0
HD 185144,baseline,300.0,3.0,6,6,1.0
HD 185144,baseline,300.0,5.0,6,6,1.0
HD 185144,baseline,500.0,0.5,6,3,0.5
HD 185144,baseline,500.0,1.0,6,3,0.5
HD 185144,baseline,500.0,1.5,6,5,0.8333333333333334
HD 185144,baseline,500.0,2.0,6,6,1.0
HD 185144,baseline,500.0,3.0,6,6,1.0
HD 185144,baseline,500.0,5.0,6,6,1.0
HD 185144,era,5.0,0.5,6,5,0.8333333333333334
HD 185144,era,5.0,1.0,6,6,1.0
HD 185144,era,5.0,1.5,6,6,1.0
HD 185144,era,5.0,2.0,6,6,1.0
HD 185144,era,5.0,3.0,6,6,1.0
HD 185144,era,5.0,5.0,6,6,1.0
HD 185144,era,10.0,0.5,6,4,0.6666666666666666
HD 185144,era,10.0,1.0,6,6,1.0
HD 185144,era,10.0,1.5,6,6,1.0
HD 185144,era,10.0,2.0,6,6,1.0
HD 185144,era,10.0,3.0,6,6,1.0
HD 185144,era,10.0,5.0,6,6,1.0
HD 185144,era,30.0,0.5,6,4,0.6666666666666666
HD 185144,era,30.0,1.0,6,6,1.0
HD 185144,era,30.0,1.5,6,6,1.0
HD 185144,era,30.0,2.0,6,6,1.0
HD 185144,era,30.0,3.0,6,6,1.0
HD 185144,era,30.0,5.0,6,6,1.0
HD 185144,era,100.0,0.5,6,5,0.8333333333333334
HD 185144,era,100.0,1.0,6,6,1.0
HD 185144,era,100.0,1.5,6,6,1.0
HD 185144,era,100.0,2.0,6,6,1.0
HD 185144,era,100.0,3.0,6,6,1.0
HD 185144,era,100.0,5.0,6,6,1.0
HD 185144,era,300.0,0.5,6,3,0.5
HD 185144,era,300.0,1.0,6,5,0.8333333333333334
HD 185144,era,300.0,1.5,6,6,1.0
HD 185144,era,300.0,2.0,6,6,1.0
HD 185144,era,300.0,3.0,6,6,1.0
HD 185144,era,300.0,5.0,6,6,1.0
HD 185144,era,500.0,0.5,6,1,0.16666666666666666
HD 185144,era,500.0,1.0,6,2,0.3333333333333333
HD 185144,era,500.0,1.5,6,3,0.5
HD 185144,era,500.0,2.0,6,3,0.5
HD 185144,era,500.0,3.0,6,3,0.5
HD 185144,era,500.0,5.0,6,2,0.3333333333333333
HD 185144,era_activity,5.0,0.5,6,5,0.8333333333333334
HD 185144,era_activity,5.0,1.0,6,6,1.0
HD 185144,era_activity,5.0,1.5,6,6,1.0
HD 185144,era_activity,5.0,2.0,6,6,1.0
HD 185144,era_activity,5.0,3.0,6,6,1.0
HD 185144,era_activity,5.0,5.0,6,6,1.0
HD 185144,era_activity,10.0,0.5,6,6,1.0
HD 185144,era_activity,10.0,1.0,6,6,1.0
HD 185144,era_activity,10.0,1.5,6,6,1.0
HD 185144,era_activity,10.0,2.0,6,6,1.0
HD 185144,era_activity,10.0,3.0,6,6,1.0
HD 185144,era_activity,10.0,5.0,6,6,1.0
HD 185144,era_activity,30.0,0.5,6,4,0.6666666666666666
HD 185144,era_activity,30.0,1.0,6,6,1.0
HD 185144,era_activity,30.0,1.5,6,6,1.0
HD 185144,era_activity,30.0,2.0,6,6,1.0
HD 185144,era_activity,30.0,3.0,6,6,1.0
HD 185144,era_activity,30.0,5.0,6,6,1.0
HD 185144,era_activity,100.0,0.5,6,5,0.8333333333333334
HD 185144,era_activity,100.0,1.0,6,6,1.0
HD 185144,era_activity,100.0,1.5,6,6,1.0
HD 185144,era_activity,100.0,2.0,6,6,1.0
HD 185144,era_activity,100.0,3.0,6,6,1.0
HD 185144,era_activity,100.0,5.0,6,6,1.0
HD 185144,era_activity,300.0,0.5,6,3,0.5
HD 185144,era_activity,300.0,1.0,6,4,0.6666666666666666
HD 185144,era_activity,300.0,1.5,6,5,0.8333333333333334
HD 185144,era_activity,300.0,2.0,6,6,1.0
HD 185144,era_activity,300.0,3.0,6,6,1.0
HD 185144,era_activity,300.0,5.0,6,6,1.0
HD 185144,era_activity,500.0,0.5,6,1,0.16666666666666666
HD 185144,era_activity,500.0,1.0,6,1,0.16666666666666666
HD 185144,era_activity,500.0,1.5,6,2,0.3333333333333333
HD 185144,era_activity,500.0,2.0,6,2,0.3333333333333333
HD 185144,era_activity,500.0,3.0,6,3,0.5
HD 185144,era_activity,500.0,5.0,6,3,0.5
HD 186408,baseline,5.0,0.5,6,0,0.0
HD 186408,baseline,5.0,1.0,6,0,0.0
HD 186408,baseline,5.0,1.5,6,0,0.0
HD 186408,baseline,5.0,2.0,6,0,0.0
HD 186408,baseline,5.0,3.0,6,2,0.3333333333333333
HD 186408,baseline,5.0,5.0,6,6,1.0
HD 186408,baseline,10.0,0.5,6,0,0.0
HD 186408,baseline,10.0,1.0,6,0,0.0
HD 186408,baseline,10.0,1.5,6,0,0.0
HD 186408,baseline,10.0,2.0,6,0,0.0
HD 186408,baseline,10.0,3.0,6,0,0.0
HD 186408,baseline,10.0,5.0,6,6,1.0
HD 186408,baseline,30.0,0.5,6,0,0.0
HD 186408,baseline,30.0,1.0,6,0,0.0
HD 186408,baseline,30.0,1.5,6,0,0.0
HD 186408,baseline,30.0,2.0,6,0,0.0
HD 186408,baseline,30.0,3.0,6,0,0.0
HD 186408,baseline,30.0,5.0,6,6,1.0
HD 186408,baseline,100.0,0.5,6,0,0.0
HD 186408,baseline,100.0,1.0,6,2,0.3333333333333333
HD 186408,baseline,100.0,1.5,6,2,0.3333333333333333
HD 186408,baseline,100.0,2.0,6,3,0.5
HD 186408,baseline,100.0,3.0,6,3,0.5
HD 186408,baseline,100.0,5.0,6,5,0.8333333333333334
HD 186408,baseline,300.0,0.5,6,0,0.0
HD 186408,baseline,300.0,1.0,6,0,0.0
HD 186408,baseline,300.0,1.5,6,0,0.0
HD 186408,baseline,300.0,2.0,6,0,0.0
HD 186408,baseline,300.0,3.0,6,1,0.16666666666666666
HD 186408,baseline,300.0,5.0,6,4,0.6666666666666666
HD 186408,baseline,500.0,0.5,6,0,0.0
HD 186408,baseline,500.0,1.0,6,0,0.0
HD 186408,baseline,500.0,1.5,6,1,0.16666666666666666
HD 186408,baseline,500.0,2.0,6,1,0.16666666666666666
HD 186408,baseline,500.0,3.0,6,1,0.16666666666666666
HD 186408,baseline,500.0,5.0,6,3,0.5
HD 186408,era,5.0,0.5,6,0,0.0
HD 186408,era,5.0,1.0,6,0,0.0
HD 186408,era,5.0,1.5,6,0,0.0
HD 186408,era,5.0,2.0,6,1,0.16666666666666666
HD 186408,era,5.0,3.0,6,4,0.6666666666666666
HD 186408,era,5.0,5.0,6,6,1.0
HD 186408,era,10.0,0.5,6,0,0.0
HD 186408,era,10.0,1.0,6,0,0.0
HD 186408,era,10.0,1.5,6,0,0.0
HD 186408,era,10.0,2.0,6,0,0.0
HD 186408,era,10.0,3.0,6,6,1.0
HD 186408,era,10.0,5.0,6,6,1.0
HD 186408,era,30.0,0.5,6,0,0.0
HD 186408,era,30.0,1.0,6,0,0.0
HD 186408,era,30.0,1.5,6,0,0.0
HD 186408,era,30.0,2.0,6,2,0.3333333333333333
HD 186408,era,30.0,3.0,6,5,0.8333333333333334
HD 186408,era,30.0,5.0,6,6,1.0
HD 186408,era,100.0,0.5,6,0,0.0
HD 186408,era,100.0,1.0,6,0,0.0
HD 186408,era,100.0,1.5,6,0,0.0
HD 186408,era,100.0,2.0,6,1,0.16666666666666666
HD 186408,era,100.0,3.0,6,4,0.6666666666666666
HD 186408,era,100.0,5.0,6,6,1.0
HD 186408,era,300.0,0.5,6,0,0.0
HD 186408,era,300.0,1.0,6,0,0.0
HD 186408,era,300.0,1.5,6,0,0.0
HD 186408,era,300.0,2.0,6,0,0.0
HD 186408,era,300.0,3.0,6,1,0.16666666666666666
HD 186408,era,300.0,5.0,6,4,0.6666666666666666
HD 186408,era,500.0,0.5,6,0,0.0
HD 186408,era,500.0,1.0,6,0,0.0
HD 186408,era,500.0,1.5,6,0,0.0
HD 186408,era,500.0,2.0,6,0,0.0
HD 186408,era,500.0,3.0,6,1,0.16666666666666666
HD 186408,era,500.0,5.0,6,2,0.3333333333333333
HD 186408,era_activity,5.0,0.5,6,0,0.0
HD 186408,era_activity,5.0,1.0,6,0,0.0
HD 186408,era_activity,5.0,1.5,6,0,0.0
HD 186408,era_activity,5.0,2.0,6,1,0.16666666666666666
HD 186408,era_activity,5.0,3.0,6,5,0.8333333333333334
HD 186408,era_activity,5.0,5.0,6,6,1.0
HD 186408,era_activity,10.0,0.5,6,0,0.0
HD 186408,era_activity,10.0,1.0,6,0,0.0
HD 186408,era_activity,10.0,1.5,6,0,0.0
HD 186408,era_activity,10.0,2.0,6,0,0.0
HD 186408,era_activity,10.0,3.0,6,5,0.8333333333333334
HD 186408,era_activity,10.0,5.0,6,6,1.0
HD 186408,era_activity,30.0,0.5,6,0,0.0
HD 186408,era_activity,30.0,1.0,6,0,0.0
HD 186408,era_activity,30.0,1.5,6,0,0.0
HD 186408,era_activity,30.0,2.0,6,2,0.3333333333333333
HD 186408,era_activity,30.0,3.0,6,5,0.8333333333333334
HD 186408,era_activity,30.0,5.0,6,6,1.0
HD 186408,era_activity,100.0,0.5,6,0,0.0
HD 186408,era_activity,100.0,1.0,6,0,0.0
HD 186408,era_activity,100.0,1.5,6,0,0.0
HD 186408,era_activity,100.0,2.0,6,2,0.3333333333333333
HD 186408,era_activity,100.0,3.0,6,5,0.8333333333333334
HD 186408,era_activity,100.0,5.0,6,6,1.0
HD 186408,era_activity,300.0,0.5,6,2,0.3333333333333333
HD 186408,era_activity,300.0,1.0,6,2,0.3333333333333333
HD 186408,era_activity,300.0,1.5,6,2,0.3333333333333333
HD 186408,era_activity,300.0,2.0,6,1,0.16666666666666666
HD 186408,era_activity,300.0,3.0,6,0,0.0
HD 186408,era_activity,300.0,5.0,6,2,0.3333333333333333
HD 186408,era_activity,500.0,0.5,6,0,0.0
HD 186408,era_activity,500.0,1.0,6,0,0.0
HD 186408,era_activity,500.0,1.5,6,0,0.0
HD 186408,era_activity,500.0,2.0,6,0,0.0
HD 186408,era_activity,500.0,3.0,6,0,0.0
HD 186408,era_activity,500.0,5.0,6,1,0.16666666666666666
HD 186427,baseline,5.0,0.5,6,0,0.0
HD 186427,baseline,5.0,1.0,6,0,0.0
HD 186427,baseline,5.0,1.5,6,0,0.0
HD 186427,baseline,5.0,2.0,6,0,0.0
HD 186427,baseline,5.0,3.0,6,0,0.0
HD 186427,baseline,5.0,5.0,6,0,0.0
HD 186427,baseline,10.0,0.5,6,0,0.0
HD 186427,baseline,10.0,1.0,6,0,0.0
HD 186427,baseline,10.0,1.5,6,0,0.0
HD 186427,baseline,10.0,2.0,6,0,0.0
HD 186427,baseline,10.0,3.0,6,0,0.0
HD 186427,baseline,10.0,5.0,6,0,0.0
HD 186427,baseline,30.0,0.5,6,0,0.0
HD 186427,baseline,30.0,1.0,6,0,0.0
HD 186427,baseline,30.0,1.5,6,0,0.0
HD 186427,baseline,30.0,2.0,6,0,0.0
HD 186427,baseline,30.0,3.0,6,0,0.0
HD 186427,baseline,30.0,5.0,6,0,0.0
HD 186427,baseline,100.0,0.5,6,0,0.0
HD 186427,baseline,100.0,1.0,6,0,0.0
HD 186427,baseline,100.0,1.5,6,0,0.0
HD 186427,baseline,100.0,2.0,6,0,0.0
HD 186427,baseline,100.0,3.0,6,0,0.0
HD 186427,baseline,100.0,5.0,6,0,0.0
HD 186427,baseline,300.0,0.5,6,6,1.0
HD 186427,baseline,300.0,1.0,6,6,1.0
HD 186427,baseline,300.0,1.5,6,6,1.0
HD 186427,baseline,300.0,2.0,6,6,1.0
HD 186427,baseline,300.0,3.0,6,6,1.0
HD 186427,baseline,300.0,5.0,6,2,0.3333333333333333
HD 186427,baseline,500.0,0.5,6,0,0.0
HD 186427,baseline,500.0,1.0,6,0,0.0
HD 186427,baseline,500.0,1.5,6,0,0.0
HD 186427,baseline,500.0,2.0,6,0,0.0
HD 186427,baseline,500.0,3.0,6,2,0.3333333333333333
HD 186427,baseline,500.0,5.0,6,2,0.3333333333333333
HD 186427,era,5.0,0.5,6,0,0.0
HD 186427,era,5.0,1.0,6,0,0.0
HD 186427,era,5.0,1.5,6,0,0.0
HD 186427,era,5.0,2.0,6,0,0.0
HD 186427,era,5.0,3.0,6,0,0.0
HD 186427,era,5.0,5.0,6,0,0.0
HD 186427,era,10.0,0.5,6,0,0.0
HD 186427,era,10.0,1.0,6,0,0.0
HD 186427,era,10.0,1.5,6,0,0.0
HD 186427,era,10.0,2.0,6,0,0.0
HD 186427,era,10.0,3.0,6,0,0.0
HD 186427,era,10.0,5.0,6,0,0.0
HD 186427,era,30.0,0.5,6,0,0.0
HD 186427,era,30.0,1.0,6,0,0.0
HD 186427,era,30.0,1.5,6,0,0.0
HD 186427,era,30.0,2.0,6,0,0.0
HD 186427,era,30.0,3.0,6,0,0.0
HD 186427,era,30.0,5.0,6,0,0.0
HD 186427,era,100.0,0.5,6,0,0.0
HD 186427,era,100.0,1.0,6,0,0.0
HD 186427,era,100.0,1.5,6,0,0.0
HD 186427,era,100.0,2.0,6,0,0.0
HD 186427,era,100.0,3.0,6,0,0.0
HD 186427,era,100.0,5.0,6,0,0.0
HD 186427,era,300.0,0.5,6,0,0.0
HD 186427,era,300.0,1.0,6,0,0.0
HD 186427,era,300.0,1.5,6,0,0.0
HD 186427,era,300.0,2.0,6,0,0.0
HD 186427,era,300.0,3.0,6,0,0.0
HD 186427,era,300.0,5.0,6,0,0.0
HD 186427,era,500.0,0.5,6,0,0.0
HD 186427,era,500.0,1.0,6,0,0.0
HD 186427,era,500.0,1.5,6,0,0.0
HD 186427,era,500.0,2.0,6,0,0.0
HD 186427,era,500.0,3.0,6,0,0.0
HD 186427,era,500.0,5.0,6,0,0.0
HD 186427,era_activity,5.0,0.5,6,0,0.0
HD 186427,era_activity,5.0,1.0,6,0,0.0
HD 186427,era_activity,5.0,1.5,6,0,0.0
HD 186427,era_activity,5.0,2.0,6,0,0.0
HD 186427,era_activity,5.0,3.0,6,0,0.0
HD 186427,era_activity,5.0,5.0,6,0,0.0
HD 186427,era_activity,10.0,0.5,6,0,0.0
HD 186427,era_activity,10.0,1.0,6,0,0.0
HD 186427,era_activity,10.0,1.5,6,0,0.0
HD 186427,era_activity,10.0,2.0,6,0,0.0
HD 186427,era_activity,10.0,3.0,6,0,0.0
HD 186427,era_activity,10.0,5.0,6,0,0.0
HD 186427,era_activity,30.0,0.5,6,0,0.0
HD 186427,era_activity,30.0,1.0,6,0,0.0
HD 186427,era_activity,30.0,1.5,6,0,0.0
HD 186427,era_activity,30.0,2.0,6,0,0.0
HD 186427,era_activity,30.0,3.0,6,0,0.0
HD 186427,era_activity,30.0,5.0,6,0,0.0
HD 186427,era_activity,100.0,0.5,6,0,0.0
HD 186427,era_activity,100.0,1.0,6,0,0.0
HD 186427,era_activity,100.0,1.5,6,0,0.0
HD 186427,era_activity,100.0,2.0,6,0,0.0
HD 186427,era_activity,100.0,3.0,6,0,0.0
HD 186427,era_activity,100.0,5.0,6,0,0.0
HD 186427,era_activity,300.0,0.5,6,0,0.0
HD 186427,era_activity,300.0,1.0,6,0,0.0
HD 186427,era_activity,300.0,1.5,6,0,0.0
HD 186427,era_activity,300.0,2.0,6,0,0.0
HD 186427,era_activity,300.0,3.0,6,0,0.0
HD 186427,era_activity,300.0,5.0,6,0,0.0
HD 186427,era_activity,500.0,0.5,6,0,0.0
HD 186427,era_activity,500.0,1.0,6,0,0.0
HD 186427,era_activity,500.0,1.5,6,0,0.0
HD 186427,era_activity,500.0,2.0,6,0,0.0
HD 186427,era_activity,500.0,3.0,6,0,0.0
HD 186427,era_activity,500.0,5.0,6,0,0.0
HD 187923,baseline,5.0,0.5,6,0,0.0
HD 187923,baseline,5.0,1.0,6,0,0.0
HD 187923,baseline,5.0,1.5,6,3,0.5
HD 187923,baseline,5.0,2.0,6,5,0.8333333333333334
HD 187923,baseline,5.0,3.0,6,6,1.0
HD 187923,baseline,5.0,5.0,6,6,1.0
HD 187923,baseline,10.0,0.5,6,0,0.0
HD 187923,baseline,10.0,1.0,6,0,0.0
HD 187923,baseline,10.0,1.5,6,1,0.16666666666666666
HD 187923,baseline,10.0,2.0,6,5,0.8333333333333334
HD 187923,baseline,10.0,3.0,6,6,1.0
HD 187923,baseline,10.0,5.0,6,6,1.0
HD 187923,baseline,30.0,0.5,6,0,0.0
HD 187923,baseline,30.0,1.0,6,0,0.0
HD 187923,baseline,30.0,1.5,6,0,0.0
HD 187923,baseline,30.0,2.0,6,3,0.5
HD 187923,baseline,30.0,3.0,6,6,1.0
HD 187923,baseline,30.0,5.0,6,6,1.0
HD 187923,baseline,100.0,0.5,6,0,0.0
HD 187923,baseline,100.0,1.0,6,0,0.0
HD 187923,baseline,100.0,1.5,6,1,0.16666666666666666
HD 187923,baseline,100.0,2.0,6,4,0.6666666666666666
HD 187923,baseline,100.0,3.0,6,6,1.0
HD 187923,baseline,100.0,5.0,6,6,1.0
HD 187923,baseline,300.0,0.5,6,0,0.0
HD 187923,baseline,300.0,1.0,6,0,0.0
HD 187923,baseline,300.0,1.5,6,0,0.0
HD 187923,baseline,300.0,2.0,6,5,0.8333333333333334
HD 187923,baseline,300.0,3.0,6,6,1.0
HD 187923,baseline,300.0,5.0,6,6,1.0
HD 187923,baseline,500.0,0.5,6,0,0.0
HD 187923,baseline,500.0,1.0,6,1,0.16666666666666666
HD 187923,baseline,500.0,1.5,6,3,0.5
HD 187923,baseline,500.0,2.0,6,5,0.8333333333333334
HD 187923,baseline,500.0,3.0,6,6,1.0
HD 187923,baseline,500.0,5.0,6,6,1.0
HD 187923,era,5.0,0.5,6,0,0.0
HD 187923,era,5.0,1.0,6,0,0.0
HD 187923,era,5.0,1.5,6,3,0.5
HD 187923,era,5.0,2.0,6,5,0.8333333333333334
HD 187923,era,5.0,3.0,6,6,1.0
HD 187923,era,5.0,5.0,6,6,1.0
HD 187923,era,10.0,0.5,6,0,0.0
HD 187923,era,10.0,1.0,6,0,0.0
HD 187923,era,10.0,1.5,6,1,0.16666666666666666
HD 187923,era,10.0,2.0,6,5,0.8333333333333334
HD 187923,era,10.0,3.0,6,6,1.0
HD 187923,era,10.0,5.0,6,6,1.0
HD 187923,era,30.0,0.5,6,0,0.0
HD 187923,era,30.0,1.0,6,0,0.0
HD 187923,era,30.0,1.5,6,1,0.16666666666666666
HD 187923,era,30.0,2.0,6,4,0.6666666666666666
HD 187923,era,30.0,3.0,6,6,1.0
HD 187923,era,30.0,5.0,6,6,1.0
HD 187923,era,100.0,0.5,6,0,0.0
HD 187923,era,100.0,1.0,6,0,0.0
HD 187923,era,100.0,1.5,6,1,0.16666666666666666
HD 187923,era,100.0,2.0,6,4,0.6666666666666666
HD 187923,era,100.0,3.0,6,6,1.0
HD 187923,era,100.0,5.0,6,6,1.0
HD 187923,era,300.0,0.5,6,0,0.0
HD 187923,era,300.0,1.0,6,0,0.0
HD 187923,era,300.0,1.5,6,0,0.0
HD 187923,era,300.0,2.0,6,5,0.8333333333333334
HD 187923,era,300.0,3.0,6,6,1.0
HD 187923,era,300.0,5.0,6,6,1.0
HD 187923,era,500.0,0.5,6,0,0.0
HD 187923,era,500.0,1.0,6,0,0.0
HD 187923,era,500.0,1.5,6,2,0.3333333333333333
HD 187923,era,500.0,2.0,6,2,0.3333333333333333
HD 187923,era,500.0,3.0,6,3,0.5
HD 187923,era,500.0,5.0,6,4,0.6666666666666666
HD 187923,era_activity,5.0,0.5,6,0,0.0
HD 187923,era_activity,5.0,1.0,6,2,0.3333333333333333
HD 187923,era_activity,5.0,1.5,6,3,0.5
HD 187923,era_activity,5.0,2.0,6,5,0.8333333333333334
HD 187923,era_activity,5.0,3.0,6,6,1.0
HD 187923,era_activity,5.0,5.0,6,6,1.0
HD 187923,era_activity,10.0,0.5,6,0,0.0
HD 187923,era_activity,10.0,1.0,6,0,0.0
HD 187923,era_activity,10.0,1.5,6,1,0.16666666666666666
HD 187923,era_activity,10.0,2.0,6,5,0.8333333333333334
HD 187923,era_activity,10.0,3.0,6,6,1.0
HD 187923,era_activity,10.0,5.0,6,6,1.0
HD 187923,era_activity,30.0,0.5,6,0,0.0
HD 187923,era_activity,30.0,1.0,6,0,0.0
HD 187923,era_activity,30.0,1.5,6,2,0.3333333333333333
HD 187923,era_activity,30.0,2.0,6,4,0.6666666666666666
HD 187923,era_activity,30.0,3.0,6,6,1.0
HD 187923,era_activity,30.0,5.0,6,6,1.0
HD 187923,era_activity,100.0,0.5,6,0,0.0
HD 187923,era_activity,100.0,1.0,6,0,0.0
HD 187923,era_activity,100.0,1.5,6,1,0.16666666666666666
HD 187923,era_activity,100.0,2.0,6,4,0.6666666666666666
HD 187923,era_activity,100.0,3.0,6,6,1.0
HD 187923,era_activity,100.0,5.0,6,6,1.0
HD 187923,era_activity,300.0,0.5,6,0,0.0
HD 187923,era_activity,300.0,1.0,6,0,0.0
HD 187923,era_activity,300.0,1.5,6,0,0.0
HD 187923,era_activity,300.0,2.0,6,5,0.8333333333333334
HD 187923,era_activity,300.0,3.0,6,6,1.0
HD 187923,era_activity,300.0,5.0,6,6,1.0
HD 187923,era_activity,500.0,0.5,6,0,0.0
HD 187923,era_activity,500.0,1.0,6,1,0.16666666666666666
HD 187923,era_activity,500.0,1.5,6,2,0.3333333333333333
HD 187923,era_activity,500.0,2.0,6,2,0.3333333333333333
HD 187923,era_activity,500.0,3.0,6,3,0.5
HD 187923,era_activity,500.0,5.0,6,4,0.6666666666666666
HD 190360,baseline,5.0,0.5,6,0,0.0
HD 190360,baseline,5.0,1.0,6,0,0.0
HD 190360,baseline,5.0,1.5,6,0,0.0
HD 190360,baseline,5.0,2.0,6,0,0.0
HD 190360,baseline,5.0,3.0,6,0,0.0
HD 190360,baseline,5.0,5.0,6,0,0.0
HD 190360,baseline,10.0,0.5,6,0,0.0
HD 190360,baseline,10.0,1.0,6,0,0.0
HD 190360,baseline,10.0,1.5,6,0,0.0
HD 190360,baseline,10.0,2.0,6,0,0.0
HD 190360,baseline,10.0,3.0,6,0,0.0
HD 190360,baseline,10.0,5.0,6,0,0.0
HD 190360,baseline,30.0,0.5,6,0,0.0
HD 190360,baseline,30.0,1.0,6,0,0.0
HD 190360,baseline,30.0,1.5,6,0,0.0
HD 190360,baseline,30.0,2.0,6,0,0.0
HD 190360,baseline,30.0,3.0,6,0,0.0
HD 190360,baseline,30.0,5.0,6,0,0.0
HD 190360,baseline,100.0,0.5,6,0,0.0
HD 190360,baseline,100.0,1.0,6,0,0.0
HD 190360,baseline,100.0,1.5,6,0,0.0
HD 190360,baseline,100.0,2.0,6,0,0.0
HD 190360,baseline,100.0,3.0,6,0,0.0
HD 190360,baseline,100.0,5.0,6,0,0.0
HD 190360,baseline,300.0,0.5,6,0,0.0
HD 190360,baseline,300.0,1.0,6,0,0.0
HD 190360,baseline,300.0,1.5,6,0,0.0
HD 190360,baseline,300.0,2.0,6,0,0.0
HD 190360,baseline,300.0,3.0,6,0,0.0
HD 190360,baseline,300.0,5.0,6,0,0.0
HD 190360,baseline,500.0,0.5,6,0,0.0
HD 190360,baseline,500.0,1.0,6,0,0.0
HD 190360,baseline,500.0,1.5,6,0,0.0
HD 190360,baseline,500.0,2.0,6,0,0.0
HD 190360,baseline,500.0,3.0,6,0,0.0
HD 190360,baseline,500.0,5.0,6,0,0.0
HD 190360,era,5.0,0.5,6,0,0.0
HD 190360,era,5.0,1.0,6,0,0.0
HD 190360,era,5.0,1.5,6,0,0.0
HD 190360,era,5.0,2.0,6,0,0.0
HD 190360,era,5.0,3.0,6,0,0.0
HD 190360,era,5.0,5.0,6,2,0.3333333333333333
HD 190360,era,10.0,0.5,6,0,0.0
HD 190360,era,10.0,1.0,6,0,0.0
HD 190360,era,10.0,1.5,6,0,0.0
HD 190360,era,10.0,2.0,6,0,0.0
HD 190360,era,10.0,3.0,6,0,0.0
HD 190360,era,10.0,5.0,6,2,0.3333333333333333
HD 190360,era,30.0,0.5,6,0,0.0
HD 190360,era,30.0,1.0,6,0,0.0
HD 190360,era,30.0,1.5,6,0,0.0
HD 190360,era,30.0,2.0,6,0,0.0
HD 190360,era,30.0,3.0,6,0,0.0
HD 190360,era,30.0,5.0,6,1,0.16666666666666666
HD 190360,era,100.0,0.5,6,0,0.0
HD 190360,era,100.0,1.0,6,0,0.0
HD 190360,era,100.0,1.5,6,0,0.0
HD 190360,era,100.0,2.0,6,0,0.0
HD 190360,era,100.0,3.0,6,0,0.0
HD 190360,era,100.0,5.0,6,1,0.16666666666666666
HD 190360,era,300.0,0.5,6,0,0.0
HD 190360,era,300.0,1.0,6,0,0.0
HD 190360,era,300.0,1.5,6,0,0.0
HD 190360,era,300.0,2.0,6,0,0.0
HD 190360,era,300.0,3.0,6,0,0.0
HD 190360,era,300.0,5.0,6,1,0.16666666666666666
HD 190360,era,500.0,0.5,6,0,0.0
HD 190360,era,500.0,1.0,6,0,0.0
HD 190360,era,500.0,1.5,6,0,0.0
HD 190360,era,500.0,2.0,6,0,0.0
HD 190360,era,500.0,3.0,6,0,0.0
HD 190360,era,500.0,5.0,6,0,0.0
HD 190360,era_activity,5.0,0.5,6,0,0.0
HD 190360,era_activity,5.0,1.0,6,0,0.0
HD 190360,era_activity,5.0,1.5,6,0,0.0
HD 190360,era_activity,5.0,2.0,6,0,0.0
HD 190360,era_activity,5.0,3.0,6,0,0.0
HD 190360,era_activity,5.0,5.0,6,4,0.6666666666666666
HD 190360,era_activity,10.0,0.5,6,0,0.0
HD 190360,era_activity,10.0,1.0,6,0,0.0
HD 190360,era_activity,10.0,1.5,6,0,0.0
HD 190360,era_activity,10.0,2.0,6,0,0.0
HD 190360,era_activity,10.0,3.0,6,0,0.0
HD 190360,era_activity,10.0,5.0,6,2,0.3333333333333333
HD 190360,era_activity,30.0,0.5,6,0,0.0
HD 190360,era_activity,30.0,1.0,6,0,0.0
HD 190360,era_activity,30.0,1.5,6,0,0.0
HD 190360,era_activity,30.0,2.0,6,0,0.0
HD 190360,era_activity,30.0,3.0,6,0,0.0
HD 190360,era_activity,30.0,5.0,6,3,0.5
HD 190360,era_activity,100.0,0.5,6,0,0.0
HD 190360,era_activity,100.0,1.0,6,0,0.0
HD 190360,era_activity,100.0,1.5,6,0,0.0
HD 190360,era_activity,100.0,2.0,6,0,0.0
HD 190360,era_activity,100.0,3.0,6,0,0.0
HD 190360,era_activity,100.0,5.0,6,1,0.16666666666666666
HD 190360,era_activity,300.0,0.5,6,0,0.0
HD 190360,era_activity,300.0,1.0,6,0,0.0
HD 190360,era_activity,300.0,1.5,6,0,0.0
HD 190360,era_activity,300.0,2.0,6,0,0.0
HD 190360,era_activity,300.0,3.0,6,0,0.0
HD 190360,era_activity,300.0,5.0,6,1,0.16666666666666666
HD 190360,era_activity,500.0,0.5,6,0,0.0
HD 190360,era_activity,500.0,1.0,6,0,0.0
HD 190360,era_activity,500.0,1.5,6,0,0.0
HD 190360,era_activity,500.0,2.0,6,0,0.0
HD 190360,era_activity,500.0,3.0,6,0,0.0
HD 190360,era_activity,500.0,5.0,6,1,0.16666666666666666
HD 19373,baseline,5.0,0.5,6,0,0.0
HD 19373,baseline,5.0,1.0,6,3,0.5
HD 19373,baseline,5.0,1.5,6,6,1.0
HD 19373,baseline,5.0,2.0,6,6,1.0
HD 19373,baseline,5.0,3.0,6,6,1.0
HD 19373,baseline,5.0,5.0,6,6,1.0
HD 19373,baseline,10.0,0.5,6,1,0.16666666666666666
HD 19373,baseline,10.0,1.0,6,4,0.6666666666666666
HD 19373,baseline,10.0,1.5,6,6,1.0
HD 19373,baseline,10.0,2.0,6,6,1.0
HD 19373,baseline,10.0,3.0,6,6,1.0
HD 19373,baseline,10.0,5.0,6,6,1.0
HD 19373,baseline,30.0,0.5,6,0,0.0
HD 19373,baseline,30.0,1.0,6,1,0.16666666666666666
HD 19373,baseline,30.0,1.5,6,4,0.6666666666666666
HD 19373,baseline,30.0,2.0,6,6,1.0
HD 19373,baseline,30.0,3.0,6,6,1.0
HD 19373,baseline,30.0,5.0,6,6,1.0
HD 19373,baseline,100.0,0.5,6,0,0.0
HD 19373,baseline,100.0,1.0,6,3,0.5
HD 19373,baseline,100.0,1.5,6,4,0.6666666666666666
HD 19373,baseline,100.0,2.0,6,5,0.8333333333333334
HD 19373,baseline,100.0,3.0,6,6,1.0
HD 19373,baseline,100.0,5.0,6,6,1.0
HD 19373,baseline,300.0,0.5,6,0,0.0
HD 19373,baseline,300.0,1.0,6,3,0.5
HD 19373,baseline,300.0,1.5,6,3,0.5
HD 19373,baseline,300.0,2.0,6,5,0.8333333333333334
HD 19373,baseline,300.0,3.0,6,6,1.0
HD 19373,baseline,300.0,5.0,6,6,1.0
HD 19373,baseline,500.0,0.5,6,0,0.0
HD 19373,baseline,500.0,1.0,6,0,0.0
HD 19373,baseline,500.0,1.5,6,0,0.0
HD 19373,baseline,500.0,2.0,6,1,0.16666666666666666
HD 19373,baseline,500.0,3.0,6,4,0.6666666666666666
HD 19373,baseline,500.0,5.0,6,6,1.0
HD 19373,era,5.0,0.5,6,0,0.0
HD 19373,era,5.0,1.0,6,4,0.6666666666666666
HD 19373,era,5.0,1.5,6,6,1.0
HD 19373,era,5.0,2.0,6,6,1.0
HD 19373,era,5.0,3.0,6,6,1.0
HD 19373,era,5.0,5.0,6,6,1.0
HD 19373,era,10.0,0.5,6,1,0.16666666666666666
HD 19373,era,10.0,1.0,6,3,0.5
HD 19373,era,10.0,1.5,6,6,1.0
HD 19373,era,10.0,2.0,6,6,1.0
HD 19373,era,10.0,3.0,6,6,1.0
HD 19373,era,10.0,5.0,6,6,1.0
HD 19373,era,30.0,0.5,6,0,0.0
HD 19373,era,30.0,1.0,6,1,0.16666666666666666
HD 19373,era,30.0,1.5,6,4,0.6666666666666666
HD 19373,era,30.0,2.0,6,6,1.0
HD 19373,era,30.0,3.0,6,6,1.0
HD 19373,era,30.0,5.0,6,6,1.0
HD 19373,era,100.0,0.5,6,0,0.0
HD 19373,era,100.0,1.0,6,3,0.5
HD 19373,era,100.0,1.5,6,4,0.6666666666666666
HD 19373,era,100.0,2.0,6,4,0.6666666666666666
HD 19373,era,100.0,3.0,6,6,1.0
HD 19373,era,100.0,5.0,6,6,1.0
HD 19373,era,300.0,0.5,6,0,0.0
HD 19373,era,300.0,1.0,6,3,0.5
HD 19373,era,300.0,1.5,6,3,0.5
HD 19373,era,300.0,2.0,6,3,0.5
HD 19373,era,300.0,3.0,6,4,0.6666666666666666
HD 19373,era,300.0,5.0,6,4,0.6666666666666666
HD 19373,era,500.0,0.5,6,0,0.0
HD 19373,era,500.0,1.0,6,0,0.0
HD 19373,era,500.0,1.5,6,0,0.0
HD 19373,era,500.0,2.0,6,1,0.16666666666666666
HD 19373,era,500.0,3.0,6,2,0.3333333333333333
HD 19373,era,500.0,5.0,6,1,0.16666666666666666
HD 19373,era_activity,5.0,0.5,6,0,0.0
HD 19373,era_activity,5.0,1.0,6,4,0.6666666666666666
HD 19373,era_activity,5.0,1.5,6,6,1.0
HD 19373,era_activity,5.0,2.0,6,6,1.0
HD 19373,era_activity,5.0,3.0,6,6,1.0
HD 19373,era_activity,5.0,5.0,6,6,1.0
HD 19373,era_activity,10.0,0.5,6,1,0.16666666666666666
HD 19373,era_activity,10.0,1.0,6,3,0.5
HD 19373,era_activity,10.0,1.5,6,6,1.0
HD 19373,era_activity,10.0,2.0,6,6,1.0
HD 19373,era_activity,10.0,3.0,6,6,1.0
HD 19373,era_activity,10.0,5.0,6,6,1.0
HD 19373,era_activity,30.0,0.5,6,0,0.0
HD 19373,era_activity,30.0,1.0,6,0,0.0
HD 19373,era_activity,30.0,1.5,6,4,0.6666666666666666
HD 19373,era_activity,30.0,2.0,6,6,1.0
HD 19373,era_activity,30.0,3.0,6,6,1.0
HD 19373,era_activity,30.0,5.0,6,6,1.0
HD 19373,era_activity,100.0,0.5,6,0,0.0
HD 19373,era_activity,100.0,1.0,6,3,0.5
HD 19373,era_activity,100.0,1.5,6,4,0.6666666666666666
HD 19373,era_activity,100.0,2.0,6,4,0.6666666666666666
HD 19373,era_activity,100.0,3.0,6,6,1.0
HD 19373,era_activity,100.0,5.0,6,6,1.0
HD 19373,era_activity,300.0,0.5,6,0,0.0
HD 19373,era_activity,300.0,1.0,6,1,0.16666666666666666
HD 19373,era_activity,300.0,1.5,6,3,0.5
HD 19373,era_activity,300.0,2.0,6,3,0.5
HD 19373,era_activity,300.0,3.0,6,4,0.6666666666666666
HD 19373,era_activity,300.0,5.0,6,4,0.6666666666666666
HD 19373,era_activity,500.0,0.5,6,0,0.0
HD 19373,era_activity,500.0,1.0,6,0,0.0
HD 19373,era_activity,500.0,1.5,6,0,0.0
HD 19373,era_activity,500.0,2.0,6,1,0.16666666666666666
HD 19373,era_activity,500.0,3.0,6,2,0.3333333333333333
HD 19373,era_activity,500.0,5.0,6,2,0.3333333333333333
HD 201091,baseline,5.0,0.5,6,0,0.0
HD 201091,baseline,5.0,1.0,6,0,0.0
HD 201091,baseline,5.0,1.5,6,0,0.0
HD 201091,baseline,5.0,2.0,6,0,0.0
HD 201091,baseline,5.0,3.0,6,2,0.3333333333333333
HD 201091,baseline,5.0,5.0,6,6,1.0
HD 201091,baseline,10.0,0.5,6,0,0.0
HD 201091,baseline,10.0,1.0,6,0,0.0
HD 201091,baseline,10.0,1.5,6,0,0.0
HD 201091,baseline,10.0,2.0,6,0,0.0
HD 201091,baseline,10.0,3.0,6,0,0.0
HD 201091,baseline,10.0,5.0,6,6,1.0
HD 201091,baseline,30.0,0.5,6,0,0.0
HD 201091,baseline,30.0,1.0,6,0,0.0
HD 201091,baseline,30.0,1.5,6,0,0.0
HD 201091,baseline,30.0,2.0,6,0,0.0
HD 201091,baseline,30.0,3.0,6,2,0.3333333333333333
HD 201091,baseline,30.0,5.0,6,5,0.8333333333333334
HD 201091,baseline,100.0,0.5,6,0,0.0
HD 201091,baseline,100.0,1.0,6,0,0.0
HD 201091,baseline,100.0,1.5,6,0,0.0
HD 201091,baseline,100.0,2.0,6,0,0.0
HD 201091,baseline,100.0,3.0,6,1,0.16666666666666666
HD 201091,baseline,100.0,5.0,6,6,1.0
HD 201091,baseline,300.0,0.5,6,4,0.6666666666666666
HD 201091,baseline,300.0,1.0,6,3,0.5
HD 201091,baseline,300.0,1.5,6,3,0.5
HD 201091,baseline,300.0,2.0,6,3,0.5
HD 201091,baseline,300.0,3.0,6,2,0.3333333333333333
HD 201091,baseline,300.0,5.0,6,3,0.5
HD 201091,baseline,500.0,0.5,6,0,0.0
HD 201091,baseline,500.0,1.0,6,0,0.0
HD 201091,baseline,500.0,1.5,6,0,0.0
HD 201091,baseline,500.0,2.0,6,0,0.0
HD 201091,baseline,500.0,3.0,6,0,0.0
HD 201091,baseline,500.0,5.0,6,1,0.16666666666666666
HD 201091,era,5.0,0.5,6,0,0.0
HD 201091,era,5.0,1.0,6,1,0.16666666666666666
HD 201091,era,5.0,1.5,6,3,0.5
HD 201091,era,5.0,2.0,6,5,0.8333333333333334
HD 201091,era,5.0,3.0,6,6,1.0
HD 201091,era,5.0,5.0,6,6,1.0
HD 201091,era,10.0,0.5,6,0,0.0
HD 201091,era,10.0,1.0,6,2,0.3333333333333333
HD 201091,era,10.0,1.5,6,4,0.6666666666666666
HD 201091,era,10.0,2.0,6,5,0.8333333333333334
HD 201091,era,10.0,3.0,6,6,1.0
HD 201091,era,10.0,5.0,6,6,1.0
HD 201091,era,30.0,0.5,6,0,0.0
HD 201091,era,30.0,1.0,6,0,0.0
HD 201091,era,30.0,1.5,6,1,0.16666666666666666
HD 201091,era,30.0,2.0,6,4,0.6666666666666666
HD 201091,era,30.0,3.0,6,6,1.0
HD 201091,era,30.0,5.0,6,6,1.0
HD 201091,era,100.0,0.5,6,0,0.0
HD 201091,era,100.0,1.0,6,2,0.3333333333333333
HD 201091,era,100.0,1.5,6,3,0.5
HD 201091,era,100.0,2.0,6,5,0.8333333333333334
HD 201091,era,100.0,3.0,6,6,1.0
HD 201091,era,100.0,5.0,6,6,1.0
HD 201091,era,300.0,0.5,6,5,0.8333333333333334
HD 201091,era,300.0,1.0,6,1,0.16666666666666666
HD 201091,era,300.0,1.5,6,1,0.16666666666666666
HD 201091,era,300.0,2.0,6,1,0.16666666666666666
HD 201091,era,300.0,3.0,6,3,0.5
HD 201091,era,300.0,5.0,6,4,0.6666666666666666
HD 201091,era,500.0,0.5,6,0,0.0
HD 201091,era,500.0,1.0,6,0,0.0
HD 201091,era,500.0,1.5,6,0,0.0
HD 201091,era,500.0,2.0,6,0,0.0
HD 201091,era,500.0,3.0,6,1,0.16666666666666666
HD 201091,era,500.0,5.0,6,0,0.0
HD 201091,era_activity,5.0,0.5,6,0,0.0
HD 201091,era_activity,5.0,1.0,6,0,0.0
HD 201091,era_activity,5.0,1.5,6,3,0.5
HD 201091,era_activity,5.0,2.0,6,5,0.8333333333333334
HD 201091,era_activity,5.0,3.0,6,6,1.0
HD 201091,era_activity,5.0,5.0,6,6,1.0
HD 201091,era_activity,10.0,0.5,6,0,0.0
HD 201091,era_activity,10.0,1.0,6,2,0.3333333333333333
HD 201091,era_activity,10.0,1.5,6,4,0.6666666666666666
HD 201091,era_activity,10.0,2.0,6,5,0.8333333333333334
HD 201091,era_activity,10.0,3.0,6,6,1.0
HD 201091,era_activity,10.0,5.0,6,6,1.0
HD 201091,era_activity,30.0,0.5,6,0,0.0
HD 201091,era_activity,30.0,1.0,6,0,0.0
HD 201091,era_activity,30.0,1.5,6,1,0.16666666666666666
HD 201091,era_activity,30.0,2.0,6,4,0.6666666666666666
HD 201091,era_activity,30.0,3.0,6,6,1.0
HD 201091,era_activity,30.0,5.0,6,6,1.0
HD 201091,era_activity,100.0,0.5,6,0,0.0
HD 201091,era_activity,100.0,1.0,6,1,0.16666666666666666
HD 201091,era_activity,100.0,1.5,6,3,0.5
HD 201091,era_activity,100.0,2.0,6,3,0.5
HD 201091,era_activity,100.0,3.0,6,6,1.0
HD 201091,era_activity,100.0,5.0,6,6,1.0
HD 201091,era_activity,300.0,0.5,6,5,0.8333333333333334
HD 201091,era_activity,300.0,1.0,6,2,0.3333333333333333
HD 201091,era_activity,300.0,1.5,6,1,0.16666666666666666
HD 201091,era_activity,300.0,2.0,6,1,0.16666666666666666
HD 201091,era_activity,300.0,3.0,6,3,0.5
HD 201091,era_activity,300.0,5.0,6,4,0.6666666666666666
HD 201091,era_activity,500.0,0.5,6,0,0.0
HD 201091,era_activity,500.0,1.0,6,0,0.0
HD 201091,era_activity,500.0,1.5,6,0,0.0
HD 201091,era_activity,500.0,2.0,6,0,0.0
HD 201091,era_activity,500.0,3.0,6,1,0.16666666666666666
HD 201091,era_activity,500.0,5.0,6,0,0.0
HD 217107,baseline,5.0,0.5,6,0,0.0
HD 217107,baseline,5.0,1.0,6,0,0.0
HD 217107,baseline,5.0,1.5,6,0,0.0
HD 217107,baseline,5.0,2.0,6,0,0.0
HD 217107,baseline,5.0,3.0,6,0,0.0
HD 217107,baseline,5.0,5.0,6,0,0.0
HD 217107,baseline,10.0,0.5,6,0,0.0
HD 217107,baseline,10.0,1.0,6,0,0.0
HD 217107,baseline,10.0,1.5,6,0,0.0
HD 217107,baseline,10.0,2.0,6,0,0.0
HD 217107,baseline,10.0,3.0,6,0,0.0
HD 217107,baseline,10.0,5.0,6,0,0.0
HD 217107,baseline,30.0,0.5,6,0,0.0
HD 217107,baseline,30.0,1.0,6,0,0.0
HD 217107,baseline,30.0,1.5,6,0,0.0
HD 217107,baseline,30.0,2.0,6,0,0.0
HD 217107,baseline,30.0,3.0,6,0,0.0
HD 217107,baseline,30.0,5.0,6,0,0.0
HD 217107,baseline,100.0,0.5,6,0,0.0
HD 217107,baseline,100.0,1.0,6,0,0.0
HD 217107,baseline,100.0,1.5,6,0,0.0
HD 217107,baseline,100.0,2.0,6,0,0.0
HD 217107,baseline,100.0,3.0,6,0,0.0
HD 217107,baseline,100.0,5.0,6,0,0.0
HD 217107,baseline,300.0,0.5,6,0,0.0
HD 217107,baseline,300.0,1.0,6,0,0.0
HD 217107,baseline,300.0,1.5,6,0,0.0
HD 217107,baseline,300.0,2.0,6,0,0.0
HD 217107,baseline,300.0,3.0,6,0,0.0
HD 217107,baseline,300.0,5.0,6,0,0.0
HD 217107,baseline,500.0,0.5,6,0,0.0
HD 217107,baseline,500.0,1.0,6,0,0.0
HD 217107,baseline,500.0,1.5,6,0,0.0
HD 217107,baseline,500.0,2.0,6,0,0.0
HD 217107,baseline,500.0,3.0,6,0,0.0
HD 217107,baseline,500.0,5.0,6,0,0.0
HD 217107,era,5.0,0.5,6,0,0.0
HD 217107,era,5.0,1.0,6,0,0.0
HD 217107,era,5.0,1.5,6,0,0.0
HD 217107,era,5.0,2.0,6,0,0.0
HD 217107,era,5.0,3.0,6,0,0.0
HD 217107,era,5.0,5.0,6,0,0.0
HD 217107,era,10.0,0.5,6,0,0.0
HD 217107,era,10.0,1.0,6,0,0.0
HD 217107,era,10.0,1.5,6,0,0.0
HD 217107,era,10.0,2.0,6,0,0.0
HD 217107,era,10.0,3.0,6,0,0.0
HD 217107,era,10.0,5.0,6,0,0.0
HD 217107,era,30.0,0.5,6,0,0.0
HD 217107,era,30.0,1.0,6,0,0.0
HD 217107,era,30.0,1.5,6,0,0.0
HD 217107,era,30.0,2.0,6,0,0.0
HD 217107,era,30.0,3.0,6,0,0.0
HD 217107,era,30.0,5.0,6,0,0.0
HD 217107,era,100.0,0.5,6,0,0.0
HD 217107,era,100.0,1.0,6,0,0.0
HD 217107,era,100.0,1.5,6,0,0.0
HD 217107,era,100.0,2.0,6,0,0.0
HD 217107,era,100.0,3.0,6,0,0.0
HD 217107,era,100.0,5.0,6,0,0.0
HD 217107,era,300.0,0.5,6,0,0.0
HD 217107,era,300.0,1.0,6,0,0.0
HD 217107,era,300.0,1.5,6,0,0.0
HD 217107,era,300.0,2.0,6,0,0.0
HD 217107,era,300.0,3.0,6,0,0.0
HD 217107,era,300.0,5.0,6,0,0.0
HD 217107,era,500.0,0.5,6,0,0.0
HD 217107,era,500.0,1.0,6,0,0.0
HD 217107,era,500.0,1.5,6,0,0.0
HD 217107,era,500.0,2.0,6,0,0.0
HD 217107,era,500.0,3.0,6,0,0.0
HD 217107,era,500.0,5.0,6,0,0.0
HD 217107,era_activity,5.0,0.5,6,0,0.0
HD 217107,era_activity,5.0,1.0,6,0,0.0
HD 217107,era_activity,5.0,1.5,6,0,0.0
HD 217107,era_activity,5.0,2.0,6,0,0.0
HD 217107,era_activity,5.0,3.0,6,0,0.0
HD 217107,era_activity,5.0,5.0,6,0,0.0
HD 217107,era_activity,10.0,0.5,6,0,0.0
HD 217107,era_activity,10.0,1.0,6,0,0.0
HD 217107,era_activity,10.0,1.5,6,0,0.0
HD 217107,era_activity,10.0,2.0,6,0,0.0
HD 217107,era_activity,10.0,3.0,6,0,0.0
HD 217107,era_activity,10.0,5.0,6,0,0.0
HD 217107,era_activity,30.0,0.5,6,0,0.0
HD 217107,era_activity,30.0,1.0,6,0,0.0
HD 217107,era_activity,30.0,1.5,6,0,0.0
HD 217107,era_activity,30.0,2.0,6,0,0.0
HD 217107,era_activity,30.0,3.0,6,0,0.0
HD 217107,era_activity,30.0,5.0,6,0,0.0
HD 217107,era_activity,100.0,0.5,6,0,0.0
HD 217107,era_activity,100.0,1.0,6,0,0.0
HD 217107,era_activity,100.0,1.5,6,0,0.0
HD 217107,era_activity,100.0,2.0,6,0,0.0
HD 217107,era_activity,100.0,3.0,6,0,0.0
HD 217107,era_activity,100.0,5.0,6,0,0.0
HD 217107,era_activity,300.0,0.5,6,0,0.0
HD 217107,era_activity,300.0,1.0,6,0,0.0
HD 217107,era_activity,300.0,1.5,6,0,0.0
HD 217107,era_activity,300.0,2.0,6,0,0.0
HD 217107,era_activity,300.0,3.0,6,0,0.0
HD 217107,era_activity,300.0,5.0,6,0,0.0
HD 217107,era_activity,500.0,0.5,6,0,0.0
HD 217107,era_activity,500.0,1.0,6,0,0.0
HD 217107,era_activity,500.0,1.5,6,0,0.0
HD 217107,era_activity,500.0,2.0,6,0,0.0
HD 217107,era_activity,500.0,3.0,6,0,0.0
HD 217107,era_activity,500.0,5.0,6,0,0.0
HD 221354,baseline,5.0,0.5,6,0,0.0
HD 221354,baseline,5.0,1.0,6,3,0.5
HD 221354,baseline,5.0,1.5,6,6,1.0
HD 221354,baseline,5.0,2.0,6,6,1.0
HD 221354,baseline,5.0,3.0,6,6,1.0
HD 221354,baseline,5.0,5.0,6,6,1.0
HD 221354,baseline,10.0,0.5,6,0,0.0
HD 221354,baseline,10.0,1.0,6,3,0.5
HD 221354,baseline,10.0,1.5,6,6,1.0
HD 221354,baseline,10.0,2.0,6,6,1.0
HD 221354,baseline,10.0,3.0,6,6,1.0
HD 221354,baseline,10.0,5.0,6,6,1.0
HD 221354,baseline,30.0,0.5,6,0,0.0
HD 221354,baseline,30.0,1.0,6,3,0.5
HD 221354,baseline,30.0,1.5,6,6,1.0
HD 221354,baseline,30.0,2.0,6,6,1.0
HD 221354,baseline,30.0,3.0,6,6,1.0
HD 221354,baseline,30.0,5.0,6,6,1.0
HD 221354,baseline,100.0,0.5,6,0,0.0
HD 221354,baseline,100.0,1.0,6,2,0.3333333333333333
HD 221354,baseline,100.0,1.5,6,6,1.0
HD 221354,baseline,100.0,2.0,6,6,1.0
HD 221354,baseline,100.0,3.0,6,6,1.0
HD 221354,baseline,100.0,5.0,6,6,1.0
HD 221354,baseline,300.0,0.5,6,0,0.0
HD 221354,baseline,300.0,1.0,6,1,0.16666666666666666
HD 221354,baseline,300.0,1.5,6,2,0.3333333333333333
HD 221354,baseline,300.0,2.0,6,4,0.6666666666666666
HD 221354,baseline,300.0,3.0,6,5,0.8333333333333334
HD 221354,baseline,300.0,5.0,6,6,1.0
HD 221354,baseline,500.0,0.5,6,0,0.0
HD 221354,baseline,500.0,1.0,6,0,0.0
HD 221354,baseline,500.0,1.5,6,0,0.0
HD 221354,baseline,500.0,2.0,6,0,0.0
HD 221354,baseline,500.0,3.0,6,0,0.0
HD 221354,baseline,500.0,5.0,6,0,0.0
HD 221354,era,5.0,0.5,6,2,0.3333333333333333
HD 221354,era,5.0,1.0,6,5,0.8333333333333334
HD 221354,era,5.0,1.5,6,6,1.0
HD 221354,era,5.0,2.0,6,6,1.0
HD 221354,era,5.0,3.0,6,6,1.0
HD 221354,era,5.0,5.0,6,6,1.0
HD 221354,era,10.0,0.5,6,0,0.0
HD 221354,era,10.0,1.0,6,4,0.6666666666666666
HD 221354,era,10.0,1.5,6,6,1.0
HD 221354,era,10.0,2.0,6,6,1.0
HD 221354,era,10.0,3.0,6,6,1.0
HD 221354,era,10.0,5.0,6,6,1.0
HD 221354,era,30.0,0.5,6,0,0.0
HD 221354,era,30.0,1.0,6,4,0.6666666666666666
HD 221354,era,30.0,1.5,6,6,1.0
HD 221354,era,30.0,2.0,6,6,1.0
HD 221354,era,30.0,3.0,6,6,1.0
HD 221354,era,30.0,5.0,6,6,1.0
HD 221354,era,100.0,0.5,6,2,0.3333333333333333
HD 221354,era,100.0,1.0,6,5,0.8333333333333334
HD 221354,era,100.0,1.5,6,6,1.0
HD 221354,era,100.0,2.0,6,6,1.0
HD 221354,era,100.0,3.0,6,6,1.0
HD 221354,era,100.0,5.0,6,6,1.0
HD 221354,era,300.0,0.5,6,1,0.16666666666666666
HD 221354,era,300.0,1.0,6,2,0.3333333333333333
HD 221354,era,300.0,1.5,6,2,0.3333333333333333
HD 221354,era,300.0,2.0,6,3,0.5
HD 221354,era,300.0,3.0,6,4,0.6666666666666666
HD 221354,era,300.0,5.0,6,4,0.6666666666666666
HD 221354,era,500.0,0.5,6,0,0.0
HD 221354,era,500.0,1.0,6,0,0.0
HD 221354,era,500.0,1.5,6,1,0.16666666666666666
HD 221354,era,500.0,2.0,6,2,0.3333333333333333
HD 221354,era,500.0,3.0,6,2,0.3333333333333333
HD 221354,era,500.0,5.0,6,2,0.3333333333333333
HD 221354,era_activity,5.0,0.5,6,2,0.3333333333333333
HD 221354,era_activity,5.0,1.0,6,5,0.8333333333333334
HD 221354,era_activity,5.0,1.5,6,6,1.0
HD 221354,era_activity,5.0,2.0,6,6,1.0
HD 221354,era_activity,5.0,3.0,6,6,1.0
HD 221354,era_activity,5.0,5.0,6,6,1.0
HD 221354,era_activity,10.0,0.5,6,0,0.0
HD 221354,era_activity,10.0,1.0,6,3,0.5
HD 221354,era_activity,10.0,1.5,6,6,1.0
HD 221354,era_activity,10.0,2.0,6,6,1.0
HD 221354,era_activity,10.0,3.0,6,6,1.0
HD 221354,era_activity,10.0,5.0,6,6,1.0
HD 221354,era_activity,30.0,0.5,6,0,0.0
HD 221354,era_activity,30.0,1.0,6,4,0.6666666666666666
HD 221354,era_activity,30.0,1.5,6,6,1.0
HD 221354,era_activity,30.0,2.0,6,6,1.0
HD 221354,era_activity,30.0,3.0,6,6,1.0
HD 221354,era_activity,30.0,5.0,6,6,1.0
HD 221354,era_activity,100.0,0.5,6,2,0.3333333333333333
HD 221354,era_activity,100.0,1.0,6,4,0.6666666666666666
HD 221354,era_activity,100.0,1.5,6,6,1.0
HD 221354,era_activity,100.0,2.0,6,6,1.0
HD 221354,era_activity,100.0,3.0,6,6,1.0
HD 221354,era_activity,100.0,5.0,6,6,1.0
HD 221354,era_activity,300.0,0.5,6,0,0.0
HD 221354,era_activity,300.0,1.0,6,2,0.3333333333333333
HD 221354,era_activity,300.0,1.5,6,2,0.3333333333333333
HD 221354,era_activity,300.0,2.0,6,3,0.5
HD 221354,era_activity,300.0,3.0,6,3,0.5
HD 221354,era_activity,300.0,5.0,6,4,0.6666666666666666
HD 221354,era_activity,500.0,0.5,6,0,0.0
HD 221354,era_activity,500.0,1.0,6,0,0.0
HD 221354,era_activity,500.0,1.5,6,1,0.16666666666666666
HD 221354,era_activity,500.0,2.0,6,2,0.3333333333333333
HD 221354,era_activity,500.0,3.0,6,2,0.3333333333333333
HD 221354,era_activity,500.0,5.0,6,2,0.3333333333333333
HD 24496 A,baseline,5.0,0.5,6,0,0.0
HD 24496 A,baseline,5.0,1.0,6,0,0.0
HD 24496 A,baseline,5.0,1.5,6,0,0.0
HD 24496 A,baseline,5.0,2.0,6,0,0.0
HD 24496 A,baseline,5.0,3.0,6,0,0.0
HD 24496 A,baseline,5.0,5.0,6,0,0.0
HD 24496 A,baseline,10.0,0.5,6,0,0.0
HD 24496 A,baseline,10.0,1.0,6,0,0.0
HD 24496 A,baseline,10.0,1.5,6,0,0.0
HD 24496 A,baseline,10.0,2.0,6,0,0.0
HD 24496 A,baseline,10.0,3.0,6,0,0.0
HD 24496 A,baseline,10.0,5.0,6,0,0.0
HD 24496 A,baseline,30.0,0.5,6,0,0.0
HD 24496 A,baseline,30.0,1.0,6,0,0.0
HD 24496 A,baseline,30.0,1.5,6,0,0.0
HD 24496 A,baseline,30.0,2.0,6,0,0.0
HD 24496 A,baseline,30.0,3.0,6,0,0.0
HD 24496 A,baseline,30.0,5.0,6,0,0.0
HD 24496 A,baseline,100.0,0.5,6,0,0.0
HD 24496 A,baseline,100.0,1.0,6,0,0.0
HD 24496 A,baseline,100.0,1.5,6,0,0.0
HD 24496 A,baseline,100.0,2.0,6,0,0.0
HD 24496 A,baseline,100.0,3.0,6,0,0.0
HD 24496 A,baseline,100.0,5.0,6,0,0.0
HD 24496 A,baseline,300.0,0.5,6,0,0.0
HD 24496 A,baseline,300.0,1.0,6,0,0.0
HD 24496 A,baseline,300.0,1.5,6,0,0.0
HD 24496 A,baseline,300.0,2.0,6,0,0.0
HD 24496 A,baseline,300.0,3.0,6,0,0.0
HD 24496 A,baseline,300.0,5.0,6,0,0.0
HD 24496 A,baseline,500.0,0.5,6,6,1.0
HD 24496 A,baseline,500.0,1.0,6,6,1.0
HD 24496 A,baseline,500.0,1.5,6,6,1.0
HD 24496 A,baseline,500.0,2.0,6,6,1.0
HD 24496 A,baseline,500.0,3.0,6,6,1.0
HD 24496 A,baseline,500.0,5.0,6,5,0.8333333333333334
HD 24496 A,era,5.0,0.5,6,0,0.0
HD 24496 A,era,5.0,1.0,6,0,0.0
HD 24496 A,era,5.0,1.5,6,0,0.0
HD 24496 A,era,5.0,2.0,6,2,0.3333333333333333
HD 24496 A,era,5.0,3.0,6,4,0.6666666666666666
HD 24496 A,era,5.0,5.0,6,6,1.0
HD 24496 A,era,10.0,0.5,6,0,0.0
HD 24496 A,era,10.0,1.0,6,0,0.0
HD 24496 A,era,10.0,1.5,6,0,0.0
HD 24496 A,era,10.0,2.0,6,0,0.0
HD 24496 A,era,10.0,3.0,6,4,0.6666666666666666
HD 24496 A,era,10.0,5.0,6,6,1.0
HD 24496 A,era,30.0,0.5,6,0,0.0
HD 24496 A,era,30.0,1.0,6,0,0.0
HD 24496 A,era,30.0,1.5,6,0,0.0
HD 24496 A,era,30.0,2.0,6,2,0.3333333333333333
HD 24496 A,era,30.0,3.0,6,4,0.6666666666666666
HD 24496 A,era,30.0,5.0,6,6,1.0
HD 24496 A,era,100.0,0.5,6,0,0.0
HD 24496 A,era,100.0,1.0,6,0,0.0
HD 24496 A,era,100.0,1.5,6,0,0.0
HD 24496 A,era,100.0,2.0,6,0,0.0
HD 24496 A,era,100.0,3.0,6,4,0.6666666666666666
HD 24496 A,era,100.0,5.0,6,6,1.0
HD 24496 A,era,300.0,0.5,6,2,0.3333333333333333
HD 24496 A,era,300.0,1.0,6,2,0.3333333333333333
HD 24496 A,era,300.0,1.5,6,3,0.5
HD 24496 A,era,300.0,2.0,6,3,0.5
HD 24496 A,era,300.0,3.0,6,1,0.16666666666666666
HD 24496 A,era,300.0,5.0,6,1,0.16666666666666666
HD 24496 A,era,500.0,0.5,6,0,0.0
HD 24496 A,era,500.0,1.0,6,0,0.0
HD 24496 A,era,500.0,1.5,6,0,0.0
HD 24496 A,era,500.0,2.0,6,0,0.0
HD 24496 A,era,500.0,3.0,6,0,0.0
HD 24496 A,era,500.0,5.0,6,0,0.0
HD 24496 A,era_activity,5.0,0.5,6,0,0.0
HD 24496 A,era_activity,5.0,1.0,6,0,0.0
HD 24496 A,era_activity,5.0,1.5,6,0,0.0
HD 24496 A,era_activity,5.0,2.0,6,0,0.0
HD 24496 A,era_activity,5.0,3.0,6,6,1.0
HD 24496 A,era_activity,5.0,5.0,6,6,1.0
HD 24496 A,era_activity,10.0,0.5,6,0,0.0
HD 24496 A,era_activity,10.0,1.0,6,0,0.0
HD 24496 A,era_activity,10.0,1.5,6,0,0.0
HD 24496 A,era_activity,10.0,2.0,6,0,0.0
HD 24496 A,era_activity,10.0,3.0,6,5,0.8333333333333334
HD 24496 A,era_activity,10.0,5.0,6,6,1.0
HD 24496 A,era_activity,30.0,0.5,6,0,0.0
HD 24496 A,era_activity,30.0,1.0,6,0,0.0
HD 24496 A,era_activity,30.0,1.5,6,1,0.16666666666666666
HD 24496 A,era_activity,30.0,2.0,6,2,0.3333333333333333
HD 24496 A,era_activity,30.0,3.0,6,6,1.0
HD 24496 A,era_activity,30.0,5.0,6,6,1.0
HD 24496 A,era_activity,100.0,0.5,6,0,0.0
HD 24496 A,era_activity,100.0,1.0,6,0,0.0
HD 24496 A,era_activity,100.0,1.5,6,0,0.0
HD 24496 A,era_activity,100.0,2.0,6,1,0.16666666666666666
HD 24496 A,era_activity,100.0,3.0,6,4,0.6666666666666666
HD 24496 A,era_activity,100.0,5.0,6,6,1.0
HD 24496 A,era_activity,300.0,0.5,6,0,0.0
HD 24496 A,era_activity,300.0,1.0,6,0,0.0
HD 24496 A,era_activity,300.0,1.5,6,0,0.0
HD 24496 A,era_activity,300.0,2.0,6,1,0.16666666666666666
HD 24496 A,era_activity,300.0,3.0,6,2,0.3333333333333333
HD 24496 A,era_activity,300.0,5.0,6,2,0.3333333333333333
HD 24496 A,era_activity,500.0,0.5,6,0,0.0
HD 24496 A,era_activity,500.0,1.0,6,0,0.0
HD 24496 A,era_activity,500.0,1.5,6,0,0.0
HD 24496 A,era_activity,500.0,2.0,6,0,0.0
HD 24496 A,era_activity,500.0,3.0,6,0,0.0
HD 24496 A,era_activity,500.0,5.0,6,0,0.0
HD 26965,baseline,5.0,0.5,6,0,0.0
HD 26965,baseline,5.0,1.0,6,0,0.0
HD 26965,baseline,5.0,1.5,6,0,0.0
HD 26965,baseline,5.0,2.0,6,0,0.0
HD 26965,baseline,5.0,3.0,6,6,1.0
HD 26965,baseline,5.0,5.0,6,6,1.0
HD 26965,baseline,10.0,0.5,6,0,0.0
HD 26965,baseline,10.0,1.0,6,0,0.0
HD 26965,baseline,10.0,1.5,6,0,0.0
HD 26965,baseline,10.0,2.0,6,2,0.3333333333333333
HD 26965,baseline,10.0,3.0,6,6,1.0
HD 26965,baseline,10.0,5.0,6,6,1.0
HD 26965,baseline,30.0,0.5,6,0,0.0
HD 26965,baseline,30.0,1.0,6,0,0.0
HD 26965,baseline,30.0,1.5,6,0,0.0
HD 26965,baseline,30.0,2.0,6,0,0.0
HD 26965,baseline,30.0,3.0,6,6,1.0
HD 26965,baseline,30.0,5.0,6,6,1.0
HD 26965,baseline,100.0,0.5,6,0,0.0
HD 26965,baseline,100.0,1.0,6,0,0.0
HD 26965,baseline,100.0,1.5,6,0,0.0
HD 26965,baseline,100.0,2.0,6,1,0.16666666666666666
HD 26965,baseline,100.0,3.0,6,5,0.8333333333333334
HD 26965,baseline,100.0,5.0,6,6,1.0
HD 26965,baseline,300.0,0.5,6,0,0.0
HD 26965,baseline,300.0,1.0,6,0,0.0
HD 26965,baseline,300.0,1.5,6,0,0.0
HD 26965,baseline,300.0,2.0,6,0,0.0
HD 26965,baseline,300.0,3.0,6,1,0.16666666666666666
HD 26965,baseline,300.0,5.0,6,2,0.3333333333333333
HD 26965,baseline,500.0,0.5,6,0,0.0
HD 26965,baseline,500.0,1.0,6,0,0.0
HD 26965,baseline,500.0,1.5,6,0,0.0
HD 26965,baseline,500.0,2.0,6,0,0.0
HD 26965,baseline,500.0,3.0,6,1,0.16666666666666666
HD 26965,baseline,500.0,5.0,6,5,0.8333333333333334
HD 26965,era,5.0,0.5,6,0,0.0
HD 26965,era,5.0,1.0,6,0,0.0
HD 26965,era,5.0,1.5,6,0,0.0
HD 26965,era,5.0,2.0,6,0,0.0
HD 26965,era,5.0,3.0,6,6,1.0
HD 26965,era,5.0,5.0,6,6,1.0
HD 26965,era,10.0,0.5,6,0,0.0
HD 26965,era,10.0,1.0,6,0,0.0
HD 26965,era,10.0,1.5,6,0,0.0
HD 26965,era,10.0,2.0,6,0,0.0
HD 26965,era,10.0,3.0,6,6,1.0
HD 26965,era,10.0,5.0,6,6,1.0
HD 26965,era,30.0,0.5,6,0,0.0
HD 26965,era,30.0,1.0,6,0,0.0
HD 26965,era,30.0,1.5,6,0,0.0
HD 26965,era,30.0,2.0,6,0,0.0
HD 26965,era,30.0,3.0,6,6,1.0
HD 26965,era,30.0,5.0,6,6,1.0
HD 26965,era,100.0,0.5,6,0,0.0
HD 26965,era,100.0,1.0,6,0,0.0
HD 26965,era,100.0,1.5,6,0,0.0
HD 26965,era,100.0,2.0,6,1,0.16666666666666666
HD 26965,era,100.0,3.0,6,5,0.8333333333333334
HD 26965,era,100.0,5.0,6,6,1.0
HD 26965,era,300.0,0.5,6,0,0.0
HD 26965,era,300.0,1.0,6,0,0.0
HD 26965,era,300.0,1.5,6,0,0.0
HD 26965,era,300.0,2.0,6,0,0.0
HD 26965,era,300.0,3.0,6,0,0.0
HD 26965,era,300.0,5.0,6,0,0.0
HD 26965,era,500.0,0.5,6,0,0.0
HD 26965,era,500.0,1.0,6,0,0.0
HD 26965,era,500.0,1.5,6,0,0.0
HD 26965,era,500.0,2.0,6,0,0.0
HD 26965,era,500.0,3.0,6,0,0.0
HD 26965,era,500.0,5.0,6,2,0.3333333333333333
HD 26965,era_activity,5.0,0.5,6,0,0.0
HD 26965,era_activity,5.0,1.0,6,0,0.0
HD 26965,era_activity,5.0,1.5,6,0,0.0
HD 26965,era_activity,5.0,2.0,6,6,1.0
HD 26965,era_activity,5.0,3.0,6,6,1.0
HD 26965,era_activity,5.0,5.0,6,6,1.0
HD 26965,era_activity,10.0,0.5,6,0,0.0
HD 26965,era_activity,10.0,1.0,6,0,0.0
HD 26965,era_activity,10.0,1.5,6,0,0.0
HD 26965,era_activity,10.0,2.0,6,4,0.6666666666666666
HD 26965,era_activity,10.0,3.0,6,6,1.0
HD 26965,era_activity,10.0,5.0,6,6,1.0
HD 26965,era_activity,30.0,0.5,6,0,0.0
HD 26965,era_activity,30.0,1.0,6,0,0.0
HD 26965,era_activity,30.0,1.5,6,2,0.3333333333333333
HD 26965,era_activity,30.0,2.0,6,3,0.5
HD 26965,era_activity,30.0,3.0,6,6,1.0
HD 26965,era_activity,30.0,5.0,6,6,1.0
HD 26965,era_activity,100.0,0.5,6,0,0.0
HD 26965,era_activity,100.0,1.0,6,0,0.0
HD 26965,era_activity,100.0,1.5,6,0,0.0
HD 26965,era_activity,100.0,2.0,6,3,0.5
HD 26965,era_activity,100.0,3.0,6,5,0.8333333333333334
HD 26965,era_activity,100.0,5.0,6,6,1.0
HD 26965,era_activity,300.0,0.5,6,0,0.0
HD 26965,era_activity,300.0,1.0,6,0,0.0
HD 26965,era_activity,300.0,1.5,6,0,0.0
HD 26965,era_activity,300.0,2.0,6,0,0.0
HD 26965,era_activity,300.0,3.0,6,0,0.0
HD 26965,era_activity,300.0,5.0,6,2,0.3333333333333333
HD 26965,era_activity,500.0,0.5,6,0,0.0
HD 26965,era_activity,500.0,1.0,6,0,0.0
HD 26965,era_activity,500.0,1.5,6,0,0.0
HD 26965,era_activity,500.0,2.0,6,0,0.0
HD 26965,era_activity,500.0,3.0,6,2,0.3333333333333333
HD 26965,era_activity,500.0,5.0,6,2,0.3333333333333333
HD 34411,baseline,5.0,0.5,6,0,0.0
HD 34411,baseline,5.0,1.0,6,0,0.0
HD 34411,baseline,5.0,1.5,6,6,1.0
HD 34411,baseline,5.0,2.0,6,6,1.0
HD 34411,baseline,5.0,3.0,6,6,1.0
HD 34411,baseline,5.0,5.0,6,6,1.0
HD 34411,baseline,10.0,0.5,6,0,0.0
HD 34411,baseline,10.0,1.0,6,1,0.16666666666666666
HD 34411,baseline,10.0,1.5,6,6,1.0
HD 34411,baseline,10.0,2.0,6,6,1.0
HD 34411,baseline,10.0,3.0,6,6,1.0
HD 34411,baseline,10.0,5.0,6,6,1.0
HD 34411,baseline,30.0,0.5,6,0,0.0
HD 34411,baseline,30.0,1.0,6,2,0.3333333333333333
HD 34411,baseline,30.0,1.5,6,5,0.8333333333333334
HD 34411,baseline,30.0,2.0,6,6,1.0
HD 34411,baseline,30.0,3.0,6,6,1.0
HD 34411,baseline,30.0,5.0,6,6,1.0
HD 34411,baseline,100.0,0.5,6,0,0.0
HD 34411,baseline,100.0,1.0,6,1,0.16666666666666666
HD 34411,baseline,100.0,1.5,6,5,0.8333333333333334
HD 34411,baseline,100.0,2.0,6,6,1.0
HD 34411,baseline,100.0,3.0,6,6,1.0
HD 34411,baseline,100.0,5.0,6,6,1.0
HD 34411,baseline,300.0,0.5,6,2,0.3333333333333333
HD 34411,baseline,300.0,1.0,6,4,0.6666666666666666
HD 34411,baseline,300.0,1.5,6,4,0.6666666666666666
HD 34411,baseline,300.0,2.0,6,4,0.6666666666666666
HD 34411,baseline,300.0,3.0,6,5,0.8333333333333334
HD 34411,baseline,300.0,5.0,6,6,1.0
HD 34411,baseline,500.0,0.5,6,2,0.3333333333333333
HD 34411,baseline,500.0,1.0,6,4,0.6666666666666666
HD 34411,baseline,500.0,1.5,6,4,0.6666666666666666
HD 34411,baseline,500.0,2.0,6,5,0.8333333333333334
HD 34411,baseline,500.0,3.0,6,6,1.0
HD 34411,baseline,500.0,5.0,6,6,1.0
HD 34411,era,5.0,0.5,6,0,0.0
HD 34411,era,5.0,1.0,6,5,0.8333333333333334
HD 34411,era,5.0,1.5,6,6,1.0
HD 34411,era,5.0,2.0,6,6,1.0
HD 34411,era,5.0,3.0,6,6,1.0
HD 34411,era,5.0,5.0,6,6,1.0
HD 34411,era,10.0,0.5,6,0,0.0
HD 34411,era,10.0,1.0,6,4,0.6666666666666666
HD 34411,era,10.0,1.5,6,6,1.0
HD 34411,era,10.0,2.0,6,6,1.0
HD 34411,era,10.0,3.0,6,6,1.0
HD 34411,era,10.0,5.0,6,6,1.0
HD 34411,era,30.0,0.5,6,0,0.0
HD 34411,era,30.0,1.0,6,4,0.6666666666666666
HD 34411,era,30.0,1.5,6,6,1.0
HD 34411,era,30.0,2.0,6,6,1.0
HD 34411,era,30.0,3.0,6,6,1.0
HD 34411,era,30.0,5.0,6,6,1.0
HD 34411,era,100.0,0.5,6,0,0.0
HD 34411,era,100.0,1.0,6,4,0.6666666666666666
HD 34411,era,100.0,1.5,6,6,1.0
HD 34411,era,100.0,2.0,6,6,1.0
HD 34411,era,100.0,3.0,6,6,1.0
HD 34411,era,100.0,5.0,6,6,1.0
HD 34411,era,300.0,0.5,6,1,0.16666666666666666
HD 34411,era,300.0,1.0,6,2,0.3333333333333333
HD 34411,era,300.0,1.5,6,3,0.5
HD 34411,era,300.0,2.0,6,4,0.6666666666666666
HD 34411,era,300.0,3.0,6,3,0.5
HD 34411,era,300.0,5.0,6,4,0.6666666666666666
HD 34411,era,500.0,0.5,6,0,0.0
HD 34411,era,500.0,1.0,6,0,0.0
HD 34411,era,500.0,1.5,6,0,0.0
HD 34411,era,500.0,2.0,6,2,0.3333333333333333
HD 34411,era,500.0,3.0,6,2,0.3333333333333333
HD 34411,era,500.0,5.0,6,2,0.3333333333333333
HD 34411,era_activity,5.0,0.5,6,0,0.0
HD 34411,era_activity,5.0,1.0,6,6,1.0
HD 34411,era_activity,5.0,1.5,6,6,1.0
HD 34411,era_activity,5.0,2.0,6,6,1.0
HD 34411,era_activity,5.0,3.0,6,6,1.0
HD 34411,era_activity,5.0,5.0,6,6,1.0
HD 34411,era_activity,10.0,0.5,6,0,0.0
HD 34411,era_activity,10.0,1.0,6,5,0.8333333333333334
HD 34411,era_activity,10.0,1.5,6,6,1.0
HD 34411,era_activity,10.0,2.0,6,6,1.0
HD 34411,era_activity,10.0,3.0,6,6,1.0
HD 34411,era_activity,10.0,5.0,6,6,1.0
HD 34411,era_activity,30.0,0.5,6,0,0.0
HD 34411,era_activity,30.0,1.0,6,4,0.6666666666666666
HD 34411,era_activity,30.0,1.5,6,6,1.0
HD 34411,era_activity,30.0,2.0,6,6,1.0
HD 34411,era_activity,30.0,3.0,6,6,1.0
HD 34411,era_activity,30.0,5.0,6,6,1.0
HD 34411,era_activity,100.0,0.5,6,0,0.0
HD 34411,era_activity,100.0,1.0,6,3,0.5
HD 34411,era_activity,100.0,1.5,6,6,1.0
HD 34411,era_activity,100.0,2.0,6,6,1.0
HD 34411,era_activity,100.0,3.0,6,6,1.0
HD 34411,era_activity,100.0,5.0,6,6,1.0
HD 34411,era_activity,300.0,0.5,6,0,0.0
HD 34411,era_activity,300.0,1.0,6,0,0.0
HD 34411,era_activity,300.0,1.5,6,1,0.16666666666666666
HD 34411,era_activity,300.0,2.0,6,2,0.3333333333333333
HD 34411,era_activity,300.0,3.0,6,3,0.5
HD 34411,era_activity,300.0,5.0,6,4,0.6666666666666666
HD 34411,era_activity,500.0,0.5,6,0,0.0
HD 34411,era_activity,500.0,1.0,6,0,0.0
HD 34411,era_activity,500.0,1.5,6,1,0.16666666666666666
HD 34411,era_activity,500.0,2.0,6,2,0.3333333333333333
HD 34411,era_activity,500.0,3.0,6,2,0.3333333333333333
HD 34411,era_activity,500.0,5.0,6,3,0.5
HD 38858,baseline,5.0,0.5,6,0,0.0
HD 38858,baseline,5.0,1.0,6,0,0.0
HD 38858,baseline,5.0,1.5,6,0,0.0
HD 38858,baseline,5.0,2.0,6,0,0.0
HD 38858,baseline,5.0,3.0,6,0,0.0
HD 38858,baseline,5.0,5.0,6,6,1.0
HD 38858,baseline,10.0,0.5,6,0,0.0
HD 38858,baseline,10.0,1.0,6,0,0.0
HD 38858,baseline,10.0,1.5,6,0,0.0
HD 38858,baseline,10.0,2.0,6,0,0.0
HD 38858,baseline,10.0,3.0,6,0,0.0
HD 38858,baseline,10.0,5.0,6,6,1.0
HD 38858,baseline,30.0,0.5,6,0,0.0
HD 38858,baseline,30.0,1.0,6,0,0.0
HD 38858,baseline,30.0,1.5,6,0,0.0
HD 38858,baseline,30.0,2.0,6,0,0.0
HD 38858,baseline,30.0,3.0,6,0,0.0
HD 38858,baseline,30.0,5.0,6,6,1.0
HD 38858,baseline,100.0,0.5,6,0,0.0
HD 38858,baseline,100.0,1.0,6,0,0.0
HD 38858,baseline,100.0,1.5,6,0,0.0
HD 38858,baseline,100.0,2.0,6,0,0.0
HD 38858,baseline,100.0,3.0,6,0,0.0
HD 38858,baseline,100.0,5.0,6,5,0.8333333333333334
HD 38858,baseline,300.0,0.5,6,0,0.0
HD 38858,baseline,300.0,1.0,6,0,0.0
HD 38858,baseline,300.0,1.5,6,0,0.0
HD 38858,baseline,300.0,2.0,6,0,0.0
HD 38858,baseline,300.0,3.0,6,0,0.0
HD 38858,baseline,300.0,5.0,6,1,0.16666666666666666
HD 38858,baseline,500.0,0.5,6,0,0.0
HD 38858,baseline,500.0,1.0,6,0,0.0
HD 38858,baseline,500.0,1.5,6,0,0.0
HD 38858,baseline,500.0,2.0,6,0,0.0
HD 38858,baseline,500.0,3.0,6,1,0.16666666666666666
HD 38858,baseline,500.0,5.0,6,1,0.16666666666666666
HD 38858,era,5.0,0.5,6,0,0.0
HD 38858,era,5.0,1.0,6,0,0.0
HD 38858,era,5.0,1.5,6,0,0.0
HD 38858,era,5.0,2.0,6,0,0.0
HD 38858,era,5.0,3.0,6,6,1.0
HD 38858,era,5.0,5.0,6,6,1.0
HD 38858,era,10.0,0.5,6,0,0.0
HD 38858,era,10.0,1.0,6,0,0.0
HD 38858,era,10.0,1.5,6,0,0.0
HD 38858,era,10.0,2.0,6,0,0.0
HD 38858,era,10.0,3.0,6,6,1.0
HD 38858,era,10.0,5.0,6,6,1.0
HD 38858,era,30.0,0.5,6,0,0.0
HD 38858,era,30.0,1.0,6,0,0.0
HD 38858,era,30.0,1.5,6,0,0.0
HD 38858,era,30.0,2.0,6,1,0.16666666666666666
HD 38858,era,30.0,3.0,6,3,0.5
HD 38858,era,30.0,5.0,6,6,1.0
HD 38858,era,100.0,0.5,6,0,0.0
HD 38858,era,100.0,1.0,6,0,0.0
HD 38858,era,100.0,1.5,6,0,0.0
HD 38858,era,100.0,2.0,6,2,0.3333333333333333
HD 38858,era,100.0,3.0,6,4,0.6666666666666666
HD 38858,era,100.0,5.0,6,6,1.0
HD 38858,era,300.0,0.5,6,0,0.0
HD 38858,era,300.0,1.0,6,0,0.0
HD 38858,era,300.0,1.5,6,0,0.0
HD 38858,era,300.0,2.0,6,0,0.0
HD 38858,era,300.0,3.0,6,0,0.0
HD 38858,era,300.0,5.0,6,1,0.16666666666666666
HD 38858,era,500.0,0.5,6,0,0.0
HD 38858,era,500.0,1.0,6,0,0.0
HD 38858,era,500.0,1.5,6,0,0.0
HD 38858,era,500.0,2.0,6,1,0.16666666666666666
HD 38858,era,500.0,3.0,6,1,0.16666666666666666
HD 38858,era,500.0,5.0,6,1,0.16666666666666666
HD 38858,era_activity,5.0,0.5,6,0,0.0
HD 38858,era_activity,5.0,1.0,6,0,0.0
HD 38858,era_activity,5.0,1.5,6,2,0.3333333333333333
HD 38858,era_activity,5.0,2.0,6,6,1.0
HD 38858,era_activity,5.0,3.0,6,6,1.0
HD 38858,era_activity,5.0,5.0,6,6,1.0
HD 38858,era_activity,10.0,0.5,6,0,0.0
HD 38858,era_activity,10.0,1.0,6,0,0.0
HD 38858,era_activity,10.0,1.5,6,2,0.3333333333333333
HD 38858,era_activity,10.0,2.0,6,4,0.6666666666666666
HD 38858,era_activity,10.0,3.0,6,6,1.0
HD 38858,era_activity,10.0,5.0,6,6,1.0
HD 38858,era_activity,30.0,0.5,6,0,0.0
HD 38858,era_activity,30.0,1.0,6,0,0.0
HD 38858,era_activity,30.0,1.5,6,0,0.0
HD 38858,era_activity,30.0,2.0,6,3,0.5
HD 38858,era_activity,30.0,3.0,6,6,1.0
HD 38858,era_activity,30.0,5.0,6,6,1.0
HD 38858,era_activity,100.0,0.5,6,0,0.0
HD 38858,era_activity,100.0,1.0,6,0,0.0
HD 38858,era_activity,100.0,1.5,6,2,0.3333333333333333
HD 38858,era_activity,100.0,2.0,6,4,0.6666666666666666
HD 38858,era_activity,100.0,3.0,6,5,0.8333333333333334
HD 38858,era_activity,100.0,5.0,6,6,1.0
HD 38858,era_activity,300.0,0.5,6,0,0.0
HD 38858,era_activity,300.0,1.0,6,0,0.0
HD 38858,era_activity,300.0,1.5,6,0,0.0
HD 38858,era_activity,300.0,2.0,6,1,0.16666666666666666
HD 38858,era_activity,300.0,3.0,6,1,0.16666666666666666
HD 38858,era_activity,300.0,5.0,6,2,0.3333333333333333
HD 38858,era_activity,500.0,0.5,6,0,0.0
HD 38858,era_activity,500.0,1.0,6,0,0.0
HD 38858,era_activity,500.0,1.5,6,0,0.0
HD 38858,era_activity,500.0,2.0,6,0,0.0
HD 38858,era_activity,500.0,3.0,6,2,0.3333333333333333
HD 38858,era_activity,500.0,5.0,6,1,0.16666666666666666
HD 4614 A,baseline,5.0,0.5,6,0,0.0
HD 4614 A,baseline,5.0,1.0,6,0,0.0
HD 4614 A,baseline,5.0,1.5,6,0,0.0
HD 4614 A,baseline,5.0,2.0,6,0,0.0
HD 4614 A,baseline,5.0,3.0,6,0,0.0
HD 4614 A,baseline,5.0,5.0,6,0,0.0
HD 4614 A,baseline,10.0,0.5,6,0,0.0
HD 4614 A,baseline,10.0,1.0,6,0,0.0
HD 4614 A,baseline,10.0,1.5,6,0,0.0
HD 4614 A,baseline,10.0,2.0,6,0,0.0
HD 4614 A,baseline,10.0,3.0,6,0,0.0
HD 4614 A,baseline,10.0,5.0,6,2,0.3333333333333333
HD 4614 A,baseline,30.0,0.5,6,0,0.0
HD 4614 A,baseline,30.0,1.0,6,0,0.0
HD 4614 A,baseline,30.0,1.5,6,0,0.0
HD 4614 A,baseline,30.0,2.0,6,0,0.0
HD 4614 A,baseline,30.0,3.0,6,0,0.0
HD 4614 A,baseline,30.0,5.0,6,1,0.16666666666666666
HD 4614 A,baseline,100.0,0.5,6,0,0.0
HD 4614 A,baseline,100.0,1.0,6,0,0.0
HD 4614 A,baseline,100.0,1.5,6,0,0.0
HD 4614 A,baseline,100.0,2.0,6,0,0.0
HD 4614 A,baseline,100.0,3.0,6,0,0.0
HD 4614 A,baseline,100.0,5.0,6,1,0.16666666666666666
HD 4614 A,baseline,300.0,0.5,6,0,0.0
HD 4614 A,baseline,300.0,1.0,6,0,0.0
HD 4614 A,baseline,300.0,1.5,6,0,0.0
HD 4614 A,baseline,300.0,2.0,6,1,0.16666666666666666
HD 4614 A,baseline,300.0,3.0,6,1,0.16666666666666666
HD 4614 A,baseline,300.0,5.0,6,1,0.16666666666666666
HD 4614 A,baseline,500.0,0.5,6,0,0.0
HD 4614 A,baseline,500.0,1.0,6,0,0.0
HD 4614 A,baseline,500.0,1.5,6,0,0.0
HD 4614 A,baseline,500.0,2.0,6,0,0.0
HD 4614 A,baseline,500.0,3.0,6,0,0.0
HD 4614 A,baseline,500.0,5.0,6,0,0.0
HD 4614 A,era,5.0,0.5,6,0,0.0
HD 4614 A,era,5.0,1.0,6,0,0.0
HD 4614 A,era,5.0,1.5,6,0,0.0
HD 4614 A,era,5.0,2.0,6,4,0.6666666666666666
HD 4614 A,era,5.0,3.0,6,6,1.0
HD 4614 A,era,5.0,5.0,6,6,1.0
HD 4614 A,era,10.0,0.5,6,0,0.0
HD 4614 A,era,10.0,1.0,6,0,0.0
HD 4614 A,era,10.0,1.5,6,1,0.16666666666666666
HD 4614 A,era,10.0,2.0,6,4,0.6666666666666666
HD 4614 A,era,10.0,3.0,6,6,1.0
HD 4614 A,era,10.0,5.0,6,6,1.0
HD 4614 A,era,30.0,0.5,6,0,0.0
HD 4614 A,era,30.0,1.0,6,0,0.0
HD 4614 A,era,30.0,1.5,6,0,0.0
HD 4614 A,era,30.0,2.0,6,2,0.3333333333333333
HD 4614 A,era,30.0,3.0,6,6,1.0
HD 4614 A,era,30.0,5.0,6,6,1.0
HD 4614 A,era,100.0,0.5,6,0,0.0
HD 4614 A,era,100.0,1.0,6,0,0.0
HD 4614 A,era,100.0,1.5,6,1,0.16666666666666666
HD 4614 A,era,100.0,2.0,6,4,0.6666666666666666
HD 4614 A,era,100.0,3.0,6,5,0.8333333333333334
HD 4614 A,era,100.0,5.0,6,6,1.0
HD 4614 A,era,300.0,0.5,6,0,0.0
HD 4614 A,era,300.0,1.0,6,0,0.0
HD 4614 A,era,300.0,1.5,6,1,0.16666666666666666
HD 4614 A,era,300.0,2.0,6,1,0.16666666666666666
HD 4614 A,era,300.0,3.0,6,2,0.3333333333333333
HD 4614 A,era,300.0,5.0,6,2,0.3333333333333333
HD 4614 A,era,500.0,0.5,6,0,0.0
HD 4614 A,era,500.0,1.0,6,0,0.0
HD 4614 A,era,500.0,1.5,6,0,0.0
HD 4614 A,era,500.0,2.0,6,0,0.0
HD 4614 A,era,500.0,3.0,6,0,0.0
HD 4614 A,era,500.0,5.0,6,0,0.0
HD 4614 A,era_activity,5.0,0.5,6,0,0.0
HD 4614 A,era_activity,5.0,1.0,6,0,0.0
HD 4614 A,era_activity,5.0,1.5,6,0,0.0
HD 4614 A,era_activity,5.0,2.0,6,6,1.0
HD 4614 A,era_activity,5.0,3.0,6,6,1.0
HD 4614 A,era_activity,5.0,5.0,6,6,1.0
HD 4614 A,era_activity,10.0,0.5,6,0,0.0
HD 4614 A,era_activity,10.0,1.0,6,0,0.0
HD 4614 A,era_activity,10.0,1.5,6,0,0.0
HD 4614 A,era_activity,10.0,2.0,6,4,0.6666666666666666
HD 4614 A,era_activity,10.0,3.0,6,6,1.0
HD 4614 A,era_activity,10.0,5.0,6,6,1.0
HD 4614 A,era_activity,30.0,0.5,6,0,0.0
HD 4614 A,era_activity,30.0,1.0,6,0,0.0
HD 4614 A,era_activity,30.0,1.5,6,0,0.0
HD 4614 A,era_activity,30.0,2.0,6,2,0.3333333333333333
HD 4614 A,era_activity,30.0,3.0,6,6,1.0
HD 4614 A,era_activity,30.0,5.0,6,6,1.0
HD 4614 A,era_activity,100.0,0.5,6,0,0.0
HD 4614 A,era_activity,100.0,1.0,6,0,0.0
HD 4614 A,era_activity,100.0,1.5,6,1,0.16666666666666666
HD 4614 A,era_activity,100.0,2.0,6,4,0.6666666666666666
HD 4614 A,era_activity,100.0,3.0,6,5,0.8333333333333334
HD 4614 A,era_activity,100.0,5.0,6,6,1.0
HD 4614 A,era_activity,300.0,0.5,6,0,0.0
HD 4614 A,era_activity,300.0,1.0,6,0,0.0
HD 4614 A,era_activity,300.0,1.5,6,1,0.16666666666666666
HD 4614 A,era_activity,300.0,2.0,6,1,0.16666666666666666
HD 4614 A,era_activity,300.0,3.0,6,2,0.3333333333333333
HD 4614 A,era_activity,300.0,5.0,6,2,0.3333333333333333
HD 4614 A,era_activity,500.0,0.5,6,0,0.0
HD 4614 A,era_activity,500.0,1.0,6,0,0.0
HD 4614 A,era_activity,500.0,1.5,6,0,0.0
HD 4614 A,era_activity,500.0,2.0,6,0,0.0
HD 4614 A,era_activity,500.0,3.0,6,0,0.0
HD 4614 A,era_activity,500.0,5.0,6,0,0.0
HD 4628,baseline,5.0,0.5,6,0,0.0
HD 4628,baseline,5.0,1.0,6,0,0.0
HD 4628,baseline,5.0,1.5,6,0,0.0
HD 4628,baseline,5.0,2.0,6,4,0.6666666666666666
HD 4628,baseline,5.0,3.0,6,6,1.0
HD 4628,baseline,5.0,5.0,6,6,1.0
HD 4628,baseline,10.0,0.5,6,0,0.0
HD 4628,baseline,10.0,1.0,6,0,0.0
HD 4628,baseline,10.0,1.5,6,0,0.0
HD 4628,baseline,10.0,2.0,6,6,1.0
HD 4628,baseline,10.0,3.0,6,6,1.0
HD 4628,baseline,10.0,5.0,6,6,1.0
HD 4628,baseline,30.0,0.5,6,0,0.0
HD 4628,baseline,30.0,1.0,6,0,0.0
HD 4628,baseline,30.0,1.5,6,2,0.3333333333333333
HD 4628,baseline,30.0,2.0,6,5,0.8333333333333334
HD 4628,baseline,30.0,3.0,6,6,1.0
HD 4628,baseline,30.0,5.0,6,6,1.0
HD 4628,baseline,100.0,0.5,6,0,0.0
HD 4628,baseline,100.0,1.0,6,0,0.0
HD 4628,baseline,100.0,1.5,6,2,0.3333333333333333
HD 4628,baseline,100.0,2.0,6,4,0.6666666666666666
HD 4628,baseline,100.0,3.0,6,6,1.0
HD 4628,baseline,100.0,5.0,6,6,1.0
HD 4628,baseline,300.0,0.5,6,0,0.0
HD 4628,baseline,300.0,1.0,6,1,0.16666666666666666
HD 4628,baseline,300.0,1.5,6,1,0.16666666666666666
HD 4628,baseline,300.0,2.0,6,1,0.16666666666666666
HD 4628,baseline,300.0,3.0,6,2,0.3333333333333333
HD 4628,baseline,300.0,5.0,6,4,0.6666666666666666
HD 4628,baseline,500.0,0.5,6,0,0.0
HD 4628,baseline,500.0,1.0,6,0,0.0
HD 4628,baseline,500.0,1.5,6,1,0.16666666666666666
HD 4628,baseline,500.0,2.0,6,1,0.16666666666666666
HD 4628,baseline,500.0,3.0,6,2,0.3333333333333333
HD 4628,baseline,500.0,5.0,6,3,0.5
HD 4628,era,5.0,0.5,6,3,0.5
HD 4628,era,5.0,1.0,6,6,1.0
HD 4628,era,5.0,1.5,6,6,1.0
HD 4628,era,5.0,2.0,6,6,1.0
HD 4628,era,5.0,3.0,6,6,1.0
HD 4628,era,5.0,5.0,6,6,1.0
HD 4628,era,10.0,0.5,6,4,0.6666666666666666
HD 4628,era,10.0,1.0,6,6,1.0
HD 4628,era,10.0,1.5,6,6,1.0
HD 4628,era,10.0,2.0,6,6,1.0
HD 4628,era,10.0,3.0,6,6,1.0
HD 4628,era,10.0,5.0,6,6,1.0
HD 4628,era,30.0,0.5,6,2,0.3333333333333333
HD 4628,era,30.0,1.0,6,5,0.8333333333333334
HD 4628,era,30.0,1.5,6,6,1.0
HD 4628,era,30.0,2.0,6,6,1.0
HD 4628,era,30.0,3.0,6,6,1.0
HD 4628,era,30.0,5.0,6,6,1.0
HD 4628,era,100.0,0.5,6,0,0.0
HD 4628,era,100.0,1.0,6,4,0.6666666666666666
HD 4628,era,100.0,1.5,6,5,0.8333333333333334
HD 4628,era,100.0,2.0,6,6,1.0
HD 4628,era,100.0,3.0,6,6,1.0
HD 4628,era,100.0,5.0,6,6,1.0
HD 4628,era,300.0,0.5,6,0,0.0
HD 4628,era,300.0,1.0,6,0,0.0
HD 4628,era,300.0,1.5,6,2,0.3333333333333333
HD 4628,era,300.0,2.0,6,3,0.5
HD 4628,era,300.0,3.0,6,3,0.5
HD 4628,era,300.0,5.0,6,3,0.5
HD 4628,era,500.0,0.5,6,0,0.0
HD 4628,era,500.0,1.0,6,1,0.16666666666666666
HD 4628,era,500.0,1.5,6,1,0.16666666666666666
HD 4628,era,500.0,2.0,6,1,0.16666666666666666
HD 4628,era,500.0,3.0,6,2,0.3333333333333333
HD 4628,era,500.0,5.0,6,1,0.16666666666666666
HD 4628,era_activity,5.0,0.5,6,0,0.0
HD 4628,era_activity,5.0,1.0,6,6,1.0
HD 4628,era_activity,5.0,1.5,6,6,1.0
HD 4628,era_activity,5.0,2.0,6,6,1.0
HD 4628,era_activity,5.0,3.0,6,6,1.0
HD 4628,era_activity,5.0,5.0,6,6,1.0
HD 4628,era_activity,10.0,0.5,6,3,0.5
HD 4628,era_activity,10.0,1.0,6,6,1.0
HD 4628,era_activity,10.0,1.5,6,6,1.0
HD 4628,era_activity,10.0,2.0,6,6,1.0
HD 4628,era_activity,10.0,3.0,6,6,1.0
HD 4628,era_activity,10.0,5.0,6,6,1.0
HD 4628,era_activity,30.0,0.5,6,5,0.8333333333333334
HD 4628,era_activity,30.0,1.0,6,5,0.8333333333333334
HD 4628,era_activity,30.0,1.5,6,6,1.0
HD 4628,era_activity,30.0,2.0,6,6,1.0
HD 4628,era_activity,30.0,3.0,6,6,1.0
HD 4628,era_activity,30.0,5.0,6,6,1.0
HD 4628,era_activity,100.0,0.5,6,1,0.16666666666666666
HD 4628,era_activity,100.0,1.0,6,4,0.6666666666666666
HD 4628,era_activity,100.0,1.5,6,5,0.8333333333333334
HD 4628,era_activity,100.0,2.0,6,6,1.0
HD 4628,era_activity,100.0,3.0,6,6,1.0
HD 4628,era_activity,100.0,5.0,6,6,1.0
HD 4628,era_activity,300.0,0.5,6,0,0.0
HD 4628,era_activity,300.0,1.0,6,2,0.3333333333333333
HD 4628,era_activity,300.0,1.5,6,2,0.3333333333333333
HD 4628,era_activity,300.0,2.0,6,3,0.5
HD 4628,era_activity,300.0,3.0,6,3,0.5
HD 4628,era_activity,300.0,5.0,6,3,0.5
HD 4628,era_activity,500.0,0.5,6,0,0.0
HD 4628,era_activity,500.0,1.0,6,0,0.0
HD 4628,era_activity,500.0,1.5,6,1,0.16666666666666666
HD 4628,era_activity,500.0,2.0,6,2,0.3333333333333333
HD 4628,era_activity,500.0,3.0,6,2,0.3333333333333333
HD 4628,era_activity,500.0,5.0,6,1,0.16666666666666666
HD 50692,baseline,5.0,0.5,6,0,0.0
HD 50692,baseline,5.0,1.0,6,0,0.0
HD 50692,baseline,5.0,1.5,6,0,0.0
HD 50692,baseline,5.0,2.0,6,2,0.3333333333333333
HD 50692,baseline,5.0,3.0,6,6,1.0
HD 50692,baseline,5.0,5.0,6,6,1.0
HD 50692,baseline,10.0,0.5,6,0,0.0
HD 50692,baseline,10.0,1.0,6,0,0.0
HD 50692,baseline,10.0,1.5,6,0,0.0
HD 50692,baseline,10.0,2.0,6,1,0.16666666666666666
HD 50692,baseline,10.0,3.0,6,6,1.0
HD 50692,baseline,10.0,5.0,6,6,1.0
HD 50692,baseline,30.0,0.5,6,0,0.0
HD 50692,baseline,30.0,1.0,6,0,0.0
HD 50692,baseline,30.0,1.5,6,0,0.0
HD 50692,baseline,30.0,2.0,6,4,0.6666666666666666
HD 50692,baseline,30.0,3.0,6,6,1.0
HD 50692,baseline,30.0,5.0,6,6,1.0
HD 50692,baseline,100.0,0.5,6,0,0.0
HD 50692,baseline,100.0,1.0,6,0,0.0
HD 50692,baseline,100.0,1.5,6,0,0.0
HD 50692,baseline,100.0,2.0,6,1,0.16666666666666666
HD 50692,baseline,100.0,3.0,6,6,1.0
HD 50692,baseline,100.0,5.0,6,6,1.0
HD 50692,baseline,300.0,0.5,6,0,0.0
HD 50692,baseline,300.0,1.0,6,0,0.0
HD 50692,baseline,300.0,1.5,6,0,0.0
HD 50692,baseline,300.0,2.0,6,0,0.0
HD 50692,baseline,300.0,3.0,6,1,0.16666666666666666
HD 50692,baseline,300.0,5.0,6,5,0.8333333333333334
HD 50692,baseline,500.0,0.5,6,6,1.0
HD 50692,baseline,500.0,1.0,6,5,0.8333333333333334
HD 50692,baseline,500.0,1.5,6,5,0.8333333333333334
HD 50692,baseline,500.0,2.0,6,4,0.6666666666666666
HD 50692,baseline,500.0,3.0,6,4,0.6666666666666666
HD 50692,baseline,500.0,5.0,6,5,0.8333333333333334
HD 50692,era,5.0,0.5,6,0,0.0
HD 50692,era,5.0,1.0,6,2,0.3333333333333333
HD 50692,era,5.0,1.5,6,4,0.6666666666666666
HD 50692,era,5.0,2.0,6,5,0.8333333333333334
HD 50692,era,5.0,3.0,6,6,1.0
HD 50692,era,5.0,5.0,6,6,1.0
HD 50692,era,10.0,0.5,6,0,0.0
HD 50692,era,10.0,1.0,6,0,0.0
HD 50692,era,10.0,1.5,6,2,0.3333333333333333
HD 50692,era,10.0,2.0,6,6,1.0
HD 50692,era,10.0,3.0,6,6,1.0
HD 50692,era,10.0,5.0,6,6,1.0
HD 50692,era,30.0,0.5,6,0,0.0
HD 50692,era,30.0,1.0,6,1,0.16666666666666666
HD 50692,era,30.0,1.5,6,3,0.5
HD 50692,era,30.0,2.0,6,5,0.8333333333333334
HD 50692,era,30.0,3.0,6,6,1.0
HD 50692,era,30.0,5.0,6,6,1.0
HD 50692,era,100.0,0.5,6,0,0.0
HD 50692,era,100.0,1.0,6,0,0.0
HD 50692,era,100.0,1.5,6,1,0.16666666666666666
HD 50692,era,100.0,2.0,6,6,1.0
HD 50692,era,100.0,3.0,6,6,1.0
HD 50692,era,100.0,5.0,6,6,1.0
HD 50692,era,300.0,0.5,6,3,0.5
HD 50692,era,300.0,1.0,6,2,0.3333333333333333
HD 50692,era,300.0,1.5,6,0,0.0
HD 50692,era,300.0,2.0,6,1,0.16666666666666666
HD 50692,era,300.0,3.0,6,2,0.3333333333333333
HD 50692,era,300.0,5.0,6,6,1.0
HD 50692,era,500.0,0.5,6,0,0.0
HD 50692,era,500.0,1.0,6,0,0.0
HD 50692,era,500.0,1.5,6,0,0.0
HD 50692,era,500.0,2.0,6,0,0.0
HD 50692,era,500.0,3.0,6,1,0.16666666666666666
HD 50692,era,500.0,5.0,6,2,0.3333333333333333
HD 50692,era_activity,5.0,0.5,6,0,0.0
HD 50692,era_activity,5.0,1.0,6,1,0.16666666666666666
HD 50692,era_activity,5.0,1.5,6,3,0.5
HD 50692,era_activity,5.0,2.0,6,6,1.0
HD 50692,era_activity,5.0,3.0,6,6,1.0
HD 50692,era_activity,5.0,5.0,6,6,1.0
HD 50692,era_activity,10.0,0.5,6,0,0.0
HD 50692,era_activity,10.0,1.0,6,0,0.0
HD 50692,era_activity,10.0,1.5,6,4,0.6666666666666666
HD 50692,era_activity,10.0,2.0,6,6,1.0
HD 50692,era_activity,10.0,3.0,6,6,1.0
HD 50692,era_activity,10.0,5.0,6,6,1.0
HD 50692,era_activity,30.0,0.5,6,0,0.0
HD 50692,era_activity,30.0,1.0,6,1,0.16666666666666666
HD 50692,era_activity,30.0,1.5,6,3,0.5
HD 50692,era_activity,30.0,2.0,6,5,0.8333333333333334
HD 50692,era_activity,30.0,3.0,6,6,1.0
HD 50692,era_activity,30.0,5.0,6,6,1.0
HD 50692,era_activity,100.0,0.5,6,0,0.0
HD 50692,era_activity,100.0,1.0,6,0,0.0
HD 50692,era_activity,100.0,1.5,6,3,0.5
HD 50692,era_activity,100.0,2.0,6,6,1.0
HD 50692,era_activity,100.0,3.0,6,6,1.0
HD 50692,era_activity,100.0,5.0,6,6,1.0
HD 50692,era_activity,300.0,0.5,6,0,0.0
HD 50692,era_activity,300.0,1.0,6,0,0.0
HD 50692,era_activity,300.0,1.5,6,0,0.0
HD 50692,era_activity,300.0,2.0,6,2,0.3333333333333333
HD 50692,era_activity,300.0,3.0,6,3,0.5
HD 50692,era_activity,300.0,5.0,6,4,0.6666666666666666
HD 50692,era_activity,500.0,0.5,6,2,0.3333333333333333
HD 50692,era_activity,500.0,1.0,6,2,0.3333333333333333
HD 50692,era_activity,500.0,1.5,6,3,0.5
HD 50692,era_activity,500.0,2.0,6,2,0.3333333333333333
HD 50692,era_activity,500.0,3.0,6,2,0.3333333333333333
HD 50692,era_activity,500.0,5.0,6,2,0.3333333333333333
HD 51419,baseline,5.0,0.5,6,0,0.0
HD 51419,baseline,5.0,1.0,6,3,0.5
HD 51419,baseline,5.0,1.5,6,6,1.0
HD 51419,baseline,5.0,2.0,6,6,1.0
HD 51419,baseline,5.0,3.0,6,6,1.0
HD 51419,baseline,5.0,5.0,6,6,1.0
HD 51419,baseline,10.0,0.5,6,0,0.0
HD 51419,baseline,10.0,1.0,6,2,0.3333333333333333
HD 51419,baseline,10.0,1.5,6,6,1.0
HD 51419,baseline,10.0,2.0,6,6,1.0
HD 51419,baseline,10.0,3.0,6,6,1.0
HD 51419,baseline,10.0,5.0,6,6,1.0
HD 51419,baseline,30.0,0.5,6,0,0.0
HD 51419,baseline,30.0,1.0,6,3,0.5
HD 51419,baseline,30.0,1.5,6,6,1.0
HD 51419,baseline,30.0,2.0,6,6,1.0
HD 51419,baseline,30.0,3.0,6,6,1.0
HD 51419,baseline,30.0,5.0,6,6,1.0
HD 51419,baseline,100.0,0.5,6,0,0.0
HD 51419,baseline,100.0,1.0,6,4,0.6666666666666666
HD 51419,baseline,100.0,1.5,6,6,1.0
HD 51419,baseline,100.0,2.0,6,6,1.0
HD 51419,baseline,100.0,3.0,6,6,1.0
HD 51419,baseline,100.0,5.0,6,6,1.0
HD 51419,baseline,300.0,0.5,6,0,0.0
HD 51419,baseline,300.0,1.0,6,1,0.16666666666666666
HD 51419,baseline,300.0,1.5,6,2,0.3333333333333333
HD 51419,baseline,300.0,2.0,6,5,0.8333333333333334
HD 51419,baseline,300.0,3.0,6,6,1.0
HD 51419,baseline,300.0,5.0,6,6,1.0
HD 51419,baseline,500.0,0.5,6,1,0.16666666666666666
HD 51419,baseline,500.0,1.0,6,3,0.5
HD 51419,baseline,500.0,1.5,6,4,0.6666666666666666
HD 51419,baseline,500.0,2.0,6,5,0.8333333333333334
HD 51419,baseline,500.0,3.0,6,6,1.0
HD 51419,baseline,500.0,5.0,6,6,1.0
HD 51419,era,5.0,0.5,6,0,0.0
HD 51419,era,5.0,1.0,6,5,0.8333333333333334
HD 51419,era,5.0,1.5,6,6,1.0
HD 51419,era,5.0,2.0,6,6,1.0
HD 51419,era,5.0,3.0,6,6,1.0
HD 51419,era,5.0,5.0,6,6,1.0
HD 51419,era,10.0,0.5,6,0,0.0
HD 51419,era,10.0,1.0,6,5,0.8333333333333334
HD 51419,era,10.0,1.5,6,6,1.0
HD 51419,era,10.0,2.0,6,6,1.0
HD 51419,era,10.0,3.0,6,6,1.0
HD 51419,era,10.0,5.0,6,6,1.0
HD 51419,era,30.0,0.5,6,0,0.0
HD 51419,era,30.0,1.0,6,5,0.8333333333333334
HD 51419,era,30.0,1.5,6,6,1.0
HD 51419,era,30.0,2.0,6,6,1.0
HD 51419,era,30.0,3.0,6,6,1.0
HD 51419,era,30.0,5.0,6,6,1.0
HD 51419,era,100.0,0.5,6,0,0.0
HD 51419,era,100.0,1.0,6,4,0.6666666666666666
HD 51419,era,100.0,1.5,6,6,1.0
HD 51419,era,100.0,2.0,6,6,1.0
HD 51419,era,100.0,3.0,6,6,1.0
HD 51419,era,100.0,5.0,6,6,1.0
HD 51419,era,300.0,0.5,6,0,0.0
HD 51419,era,300.0,1.0,6,0,0.0
HD 51419,era,300.0,1.5,6,3,0.5
HD 51419,era,300.0,2.0,6,4,0.6666666666666666
HD 51419,era,300.0,3.0,6,5,0.8333333333333334
HD 51419,era,300.0,5.0,6,6,1.0
HD 51419,era,500.0,0.5,6,0,0.0
HD 51419,era,500.0,1.0,6,1,0.16666666666666666
HD 51419,era,500.0,1.5,6,2,0.3333333333333333
HD 51419,era,500.0,2.0,6,1,0.16666666666666666
HD 51419,era,500.0,3.0,6,1,0.16666666666666666
HD 51419,era,500.0,5.0,6,2,0.3333333333333333
HD 51419,era_activity,5.0,0.5,6,0,0.0
HD 51419,era_activity,5.0,1.0,6,4,0.6666666666666666
HD 51419,era_activity,5.0,1.5,6,6,1.0
HD 51419,era_activity,5.0,2.0,6,6,1.0
HD 51419,era_activity,5.0,3.0,6,6,1.0
HD 51419,era_activity,5.0,5.0,6,6,1.0
HD 51419,era_activity,10.0,0.5,6,0,0.0
HD 51419,era_activity,10.0,1.0,6,3,0.5
HD 51419,era_activity,10.0,1.5,6,6,1.0
HD 51419,era_activity,10.0,2.0,6,6,1.0
HD 51419,era_activity,10.0,3.0,6,6,1.0
HD 51419,era_activity,10.0,5.0,6,6,1.0
HD 51419,era_activity,30.0,0.5,6,0,0.0
HD 51419,era_activity,30.0,1.0,6,4,0.6666666666666666
HD 51419,era_activity,30.0,1.5,6,6,1.0
HD 51419,era_activity,30.0,2.0,6,6,1.0
HD 51419,era_activity,30.0,3.0,6,6,1.0
HD 51419,era_activity,30.0,5.0,6,6,1.0
HD 51419,era_activity,100.0,0.5,6,0,0.0
HD 51419,era_activity,100.0,1.0,6,4,0.6666666666666666
HD 51419,era_activity,100.0,1.5,6,6,1.0
HD 51419,era_activity,100.0,2.0,6,6,1.0
HD 51419,era_activity,100.0,3.0,6,6,1.0
HD 51419,era_activity,100.0,5.0,6,6,1.0
HD 51419,era_activity,300.0,0.5,6,0,0.0
HD 51419,era_activity,300.0,1.0,6,0,0.0
HD 51419,era_activity,300.0,1.5,6,2,0.3333333333333333
HD 51419,era_activity,300.0,2.0,6,3,0.5
HD 51419,era_activity,300.0,3.0,6,4,0.6666666666666666
HD 51419,era_activity,300.0,5.0,6,6,1.0
HD 51419,era_activity,500.0,0.5,6,0,0.0
HD 51419,era_activity,500.0,1.0,6,0,0.0
HD 51419,era_activity,500.0,1.5,6,1,0.16666666666666666
HD 51419,era_activity,500.0,2.0,6,0,0.0
HD 51419,era_activity,500.0,3.0,6,0,0.0
HD 51419,era_activity,500.0,5.0,6,0,0.0
HD 52711,baseline,5.0,0.5,6,0,0.0
HD 52711,baseline,5.0,1.0,6,0,0.0
HD 52711,baseline,5.0,1.5,6,0,0.0
HD 52711,baseline,5.0,2.0,6,6,1.0
HD 52711,baseline,5.0,3.0,6,6,1.0
HD 52711,baseline,5.0,5.0,6,6,1.0
HD 52711,baseline,10.0,0.5,6,0,0.0
HD 52711,baseline,10.0,1.0,6,0,0.0
HD 52711,baseline,10.0,1.5,6,2,0.3333333333333333
HD 52711,baseline,10.0,2.0,6,6,1.0
HD 52711,baseline,10.0,3.0,6,6,1.0
HD 52711,baseline,10.0,5.0,6,6,1.0
HD 52711,baseline,30.0,0.5,6,0,0.0
HD 52711,baseline,30.0,1.0,6,0,0.0
HD 52711,baseline,30.0,1.5,6,0,0.0
HD 52711,baseline,30.0,2.0,6,5,0.8333333333333334
HD 52711,baseline,30.0,3.0,6,6,1.0
HD 52711,baseline,30.0,5.0,6,6,1.0
HD 52711,baseline,100.0,0.5,6,0,0.0
HD 52711,baseline,100.0,1.0,6,1,0.16666666666666666
HD 52711,baseline,100.0,1.5,6,2,0.3333333333333333
HD 52711,baseline,100.0,2.0,6,4,0.6666666666666666
HD 52711,baseline,100.0,3.0,6,6,1.0
HD 52711,baseline,100.0,5.0,6,6,1.0
HD 52711,baseline,300.0,0.5,6,0,0.0
HD 52711,baseline,300.0,1.0,6,0,0.0
HD 52711,baseline,300.0,1.5,6,0,0.0
HD 52711,baseline,300.0,2.0,6,4,0.6666666666666666
HD 52711,baseline,300.0,3.0,6,6,1.0
HD 52711,baseline,300.0,5.0,6,6,1.0
HD 52711,baseline,500.0,0.5,6,5,0.8333333333333334
HD 52711,baseline,500.0,1.0,6,4,0.6666666666666666
HD 52711,baseline,500.0,1.5,6,4,0.6666666666666666
HD 52711,baseline,500.0,2.0,6,4,0.6666666666666666
HD 52711,baseline,500.0,3.0,6,6,1.0
HD 52711,baseline,500.0,5.0,6,6,1.0
HD 52711,era,5.0,0.5,6,0,0.0
HD 52711,era,5.0,1.0,6,0,0.0
HD 52711,era,5.0,1.5,6,6,1.0
HD 52711,era,5.0,2.0,6,6,1.0
HD 52711,era,5.0,3.0,6,6,1.0
HD 52711,era,5.0,5.0,6,6,1.0
HD 52711,era,10.0,0.5,6,0,0.0
HD 52711,era,10.0,1.0,6,1,0.16666666666666666
HD 52711,era,10.0,1.5,6,6,1.0
HD 52711,era,10.0,2.0,6,6,1.0
HD 52711,era,10.0,3.0,6,6,1.0
HD 52711,era,10.0,5.0,6,6,1.0
HD 52711,era,30.0,0.5,6,0,0.0
HD 52711,era,30.0,1.0,6,1,0.16666666666666666
HD 52711,era,30.0,1.5,6,5,0.8333333333333334
HD 52711,era,30.0,2.0,6,6,1.0
HD 52711,era,30.0,3.0,6,6,1.0
HD 52711,era,30.0,5.0,6,6,1.0
HD 52711,era,100.0,0.5,6,0,0.0
HD 52711,era,100.0,1.0,6,2,0.3333333333333333
HD 52711,era,100.0,1.5,6,4,0.6666666666666666
HD 52711,era,100.0,2.0,6,6,1.0
HD 52711,era,100.0,3.0,6,6,1.0
HD 52711,era,100.0,5.0,6,6,1.0
HD 52711,era,300.0,0.5,6,0,0.0
HD 52711,era,300.0,1.0,6,0,0.0
HD 52711,era,300.0,1.5,6,1,0.16666666666666666
HD 52711,era,300.0,2.0,6,4,0.6666666666666666
HD 52711,era,300.0,3.0,6,5,0.8333333333333334
HD 52711,era,300.0,5.0,6,5,0.8333333333333334
HD 52711,era,500.0,0.5,6,0,0.0
HD 52711,era,500.0,1.0,6,0,0.0
HD 52711,era,500.0,1.5,6,1,0.16666666666666666
HD 52711,era,500.0,2.0,6,1,0.16666666666666666
HD 52711,era,500.0,3.0,6,2,0.3333333333333333
HD 52711,era,500.0,5.0,6,2,0.3333333333333333
HD 52711,era_activity,5.0,0.5,6,0,0.0
HD 52711,era_activity,5.0,1.0,6,2,0.3333333333333333
HD 52711,era_activity,5.0,1.5,6,6,1.0
HD 52711,era_activity,5.0,2.0,6,6,1.0
HD 52711,era_activity,5.0,3.0,6,6,1.0
HD 52711,era_activity,5.0,5.0,6,6,1.0
HD 52711,era_activity,10.0,0.5,6,0,0.0
HD 52711,era_activity,10.0,1.0,6,4,0.6666666666666666
HD 52711,era_activity,10.0,1.5,6,6,1.0
HD 52711,era_activity,10.0,2.0,6,6,1.0
HD 52711,era_activity,10.0,3.0,6,6,1.0
HD 52711,era_activity,10.0,5.0,6,6,1.0
HD 52711,era_activity,30.0,0.5,6,0,0.0
HD 52711,era_activity,30.0,1.0,6,3,0.5
HD 52711,era_activity,30.0,1.5,6,6,1.0
HD 52711,era_activity,30.0,2.0,6,6,1.0
HD 52711,era_activity,30.0,3.0,6,6,1.0
HD 52711,era_activity,30.0,5.0,6,6,1.0
HD 52711,era_activity,100.0,0.5,6,2,0.3333333333333333
HD 52711,era_activity,100.0,1.0,6,2,0.3333333333333333
HD 52711,era_activity,100.0,1.5,6,6,1.0
HD 52711,era_activity,100.0,2.0,6,6,1.0
HD 52711,era_activity,100.0,3.0,6,6,1.0
HD 52711,era_activity,100.0,5.0,6,6,1.0
HD 52711,era_activity,300.0,0.5,6,0,0.0
HD 52711,era_activity,300.0,1.0,6,0,0.0
HD 52711,era_activity,300.0,1.5,6,2,0.3333333333333333
HD 52711,era_activity,300.0,2.0,6,4,0.6666666666666666
HD 52711,era_activity,300.0,3.0,6,5,0.8333333333333334
HD 52711,era_activity,300.0,5.0,6,6,1.0
HD 52711,era_activity,500.0,0.5,6,0,0.0
HD 52711,era_activity,500.0,1.0,6,0,0.0
HD 52711,era_activity,500.0,1.5,6,0,0.0
HD 52711,era_activity,500.0,2.0,6,2,0.3333333333333333
HD 52711,era_activity,500.0,3.0,6,2,0.3333333333333333
HD 52711,era_activity,500.0,5.0,6,2,0.3333333333333333
HD 55575,baseline,5.0,0.5,6,0,0.0
HD 55575,baseline,5.0,1.0,6,1,0.16666666666666666
HD 55575,baseline,5.0,1.5,6,6,1.0
HD 55575,baseline,5.0,2.0,6,6,1.0
HD 55575,baseline,5.0,3.0,6,6,1.0
HD 55575,baseline,5.0,5.0,6,6,1.0
HD 55575,baseline,10.0,0.5,6,0,0.0
HD 55575,baseline,10.0,1.0,6,1,0.16666666666666666
HD 55575,baseline,10.0,1.5,6,6,1.0
HD 55575,baseline,10.0,2.0,6,6,1.0
HD 55575,baseline,10.0,3.0,6,6,1.0
HD 55575,baseline,10.0,5.0,6,6,1.0
HD 55575,baseline,30.0,0.5,6,3,0.5
HD 55575,baseline,30.0,1.0,6,3,0.5
HD 55575,baseline,30.0,1.5,6,6,1.0
HD 55575,baseline,30.0,2.0,6,6,1.0
HD 55575,baseline,30.0,3.0,6,6,1.0
HD 55575,baseline,30.0,5.0,6,6,1.0
HD 55575,baseline,100.0,0.5,6,0,0.0
HD 55575,baseline,100.0,1.0,6,1,0.16666666666666666
HD 55575,baseline,100.0,1.5,6,5,0.8333333333333334
HD 55575,baseline,100.0,2.0,6,6,1.0
HD 55575,baseline,100.0,3.0,6,6,1.0
HD 55575,baseline,100.0,5.0,6,6,1.0
HD 55575,baseline,300.0,0.5,6,0,0.0
HD 55575,baseline,300.0,1.0,6,0,0.0
HD 55575,baseline,300.0,1.5,6,3,0.5
HD 55575,baseline,300.0,2.0,6,4,0.6666666666666666
HD 55575,baseline,300.0,3.0,6,4,0.6666666666666666
HD 55575,baseline,300.0,5.0,6,6,1.0
HD 55575,baseline,500.0,0.5,6,0,0.0
HD 55575,baseline,500.0,1.0,6,0,0.0
HD 55575,baseline,500.0,1.5,6,3,0.5
HD 55575,baseline,500.0,2.0,6,5,0.8333333333333334
HD 55575,baseline,500.0,3.0,6,5,0.8333333333333334
HD 55575,baseline,500.0,5.0,6,6,1.0
HD 55575,era,5.0,0.5,6,0,0.0
HD 55575,era,5.0,1.0,6,1,0.16666666666666666
HD 55575,era,5.0,1.5,6,5,0.8333333333333334
HD 55575,era,5.0,2.0,6,6,1.0
HD 55575,era,5.0,3.0,6,6,1.0
HD 55575,era,5.0,5.0,6,6,1.0
HD 55575,era,10.0,0.5,6,0,0.0
HD 55575,era,10.0,1.0,6,0,0.0
HD 55575,era,10.0,1.5,6,6,1.0
HD 55575,era,10.0,2.0,6,6,1.0
HD 55575,era,10.0,3.0,6,6,1.0
HD 55575,era,10.0,5.0,6,6,1.0
HD 55575,era,30.0,0.5,6,0,0.0
HD 55575,era,30.0,1.0,6,1,0.16666666666666666
HD 55575,era,30.0,1.5,6,6,1.0
HD 55575,era,30.0,2.0,6,6,1.0
HD 55575,era,30.0,3.0,6,6,1.0
HD 55575,era,30.0,5.0,6,6,1.0
HD 55575,era,100.0,0.5,6,0,0.0
HD 55575,era,100.0,1.0,6,2,0.3333333333333333
HD 55575,era,100.0,1.5,6,6,1.0
HD 55575,era,100.0,2.0,6,6,1.0
HD 55575,era,100.0,3.0,6,6,1.0
HD 55575,era,100.0,5.0,6,6,1.0
HD 55575,era,300.0,0.5,6,0,0.0
HD 55575,era,300.0,1.0,6,0,0.0
HD 55575,era,300.0,1.5,6,2,0.3333333333333333
HD 55575,era,300.0,2.0,6,2,0.3333333333333333
HD 55575,era,300.0,3.0,6,4,0.6666666666666666
HD 55575,era,300.0,5.0,6,4,0.6666666666666666
HD 55575,era,500.0,0.5,6,0,0.0
HD 55575,era,500.0,1.0,6,2,0.3333333333333333
HD 55575,era,500.0,1.5,6,2,0.3333333333333333
HD 55575,era,500.0,2.0,6,2,0.3333333333333333
HD 55575,era,500.0,3.0,6,2,0.3333333333333333
HD 55575,era,500.0,5.0,6,2,0.3333333333333333
HD 55575,era_activity,5.0,0.5,6,0,0.0
HD 55575,era_activity,5.0,1.0,6,2,0.3333333333333333
HD 55575,era_activity,5.0,1.5,6,6,1.0
HD 55575,era_activity,5.0,2.0,6,6,1.0
HD 55575,era_activity,5.0,3.0,6,6,1.0
HD 55575,era_activity,5.0,5.0,6,6,1.0
HD 55575,era_activity,10.0,0.5,6,0,0.0
HD 55575,era_activity,10.0,1.0,6,0,0.0
HD 55575,era_activity,10.0,1.5,6,6,1.0
HD 55575,era_activity,10.0,2.0,6,6,1.0
HD 55575,era_activity,10.0,3.0,6,6,1.0
HD 55575,era_activity,10.0,5.0,6,6,1.0
HD 55575,era_activity,30.0,0.5,6,0,0.0
HD 55575,era_activity,30.0,1.0,6,1,0.16666666666666666
HD 55575,era_activity,30.0,1.5,6,6,1.0
HD 55575,era_activity,30.0,2.0,6,6,1.0
HD 55575,era_activity,30.0,3.0,6,6,1.0
HD 55575,era_activity,30.0,5.0,6,6,1.0
HD 55575,era_activity,100.0,0.5,6,0,0.0
HD 55575,era_activity,100.0,1.0,6,1,0.16666666666666666
HD 55575,era_activity,100.0,1.5,6,6,1.0
HD 55575,era_activity,100.0,2.0,6,6,1.0
HD 55575,era_activity,100.0,3.0,6,6,1.0
HD 55575,era_activity,100.0,5.0,6,6,1.0
HD 55575,era_activity,300.0,0.5,6,0,0.0
HD 55575,era_activity,300.0,1.0,6,0,0.0
HD 55575,era_activity,300.0,1.5,6,2,0.3333333333333333
HD 55575,era_activity,300.0,2.0,6,2,0.3333333333333333
HD 55575,era_activity,300.0,3.0,6,3,0.5
HD 55575,era_activity,300.0,5.0,6,4,0.6666666666666666
HD 55575,era_activity,500.0,0.5,6,0,0.0
HD 55575,era_activity,500.0,1.0,6,2,0.3333333333333333
HD 55575,era_activity,500.0,1.5,6,2,0.3333333333333333
HD 55575,era_activity,500.0,2.0,6,2,0.3333333333333333
HD 55575,era_activity,500.0,3.0,6,2,0.3333333333333333
HD 55575,era_activity,500.0,5.0,6,2,0.3333333333333333
HD 68017,baseline,5.0,0.5,6,0,0.0
HD 68017,baseline,5.0,1.0,6,0,0.0
HD 68017,baseline,5.0,1.5,6,0,0.0
HD 68017,baseline,5.0,2.0,6,0,0.0
HD 68017,baseline,5.0,3.0,6,0,0.0
HD 68017,baseline,5.0,5.0,6,0,0.0
HD 68017,baseline,10.0,0.5,6,0,0.0
HD 68017,baseline,10.0,1.0,6,0,0.0
HD 68017,baseline,10.0,1.5,6,0,0.0
HD 68017,baseline,10.0,2.0,6,0,0.0
HD 68017,baseline,10.0,3.0,6,0,0.0
HD 68017,baseline,10.0,5.0,6,0,0.0
HD 68017,baseline,30.0,0.5,6,0,0.0
HD 68017,baseline,30.0,1.0,6,0,0.0
HD 68017,baseline,30.0,1.5,6,0,0.0
HD 68017,baseline,30.0,2.0,6,0,0.0
HD 68017,baseline,30.0,3.0,6,0,0.0
HD 68017,baseline,30.0,5.0,6,0,0.0
HD 68017,baseline,100.0,0.5,6,0,0.0
HD 68017,baseline,100.0,1.0,6,0,0.0
HD 68017,baseline,100.0,1.5,6,0,0.0
HD 68017,baseline,100.0,2.0,6,0,0.0
HD 68017,baseline,100.0,3.0,6,0,0.0
HD 68017,baseline,100.0,5.0,6,0,0.0
HD 68017,baseline,300.0,0.5,6,0,0.0
HD 68017,baseline,300.0,1.0,6,0,0.0
HD 68017,baseline,300.0,1.5,6,0,0.0
HD 68017,baseline,300.0,2.0,6,0,0.0
HD 68017,baseline,300.0,3.0,6,0,0.0
HD 68017,baseline,300.0,5.0,6,0,0.0
HD 68017,baseline,500.0,0.5,6,6,1.0
HD 68017,baseline,500.0,1.0,6,4,0.6666666666666666
HD 68017,baseline,500.0,1.5,6,4,0.6666666666666666
HD 68017,baseline,500.0,2.0,6,4,0.6666666666666666
HD 68017,baseline,500.0,3.0,6,3,0.5
HD 68017,baseline,500.0,5.0,6,3,0.5
HD 68017,era,5.0,0.5,6,0,0.0
HD 68017,era,5.0,1.0,6,0,0.0
HD 68017,era,5.0,1.5,6,0,0.0
HD 68017,era,5.0,2.0,6,0,0.0
HD 68017,era,5.0,3.0,6,0,0.0
HD 68017,era,5.0,5.0,6,0,0.0
HD 68017,era,10.0,0.5,6,0,0.0
HD 68017,era,10.0,1.0,6,0,0.0
HD 68017,era,10.0,1.5,6,0,0.0
HD 68017,era,10.0,2.0,6,0,0.0
HD 68017,era,10.0,3.0,6,0,0.0
HD 68017,era,10.0,5.0,6,0,0.0
HD 68017,era,30.0,0.5,6,0,0.0
HD 68017,era,30.0,1.0,6,0,0.0
HD 68017,era,30.0,1.5,6,0,0.0
HD 68017,era,30.0,2.0,6,0,0.0
HD 68017,era,30.0,3.0,6,0,0.0
HD 68017,era,30.0,5.0,6,0,0.0
HD 68017,era,100.0,0.5,6,0,0.0
HD 68017,era,100.0,1.0,6,0,0.0
HD 68017,era,100.0,1.5,6,0,0.0
HD 68017,era,100.0,2.0,6,0,0.0
HD 68017,era,100.0,3.0,6,0,0.0
HD 68017,era,100.0,5.0,6,0,0.0
HD 68017,era,300.0,0.5,6,6,1.0
HD 68017,era,300.0,1.0,6,6,1.0
HD 68017,era,300.0,1.5,6,6,1.0
HD 68017,era,300.0,2.0,6,6,1.0
HD 68017,era,300.0,3.0,6,6,1.0
HD 68017,era,300.0,5.0,6,4,0.6666666666666666
HD 68017,era,500.0,0.5,6,0,0.0
HD 68017,era,500.0,1.0,6,0,0.0
HD 68017,era,500.0,1.5,6,0,0.0
HD 68017,era,500.0,2.0,6,0,0.0
HD 68017,era,500.0,3.0,6,0,0.0
HD 68017,era,500.0,5.0,6,0,0.0
HD 68017,era_activity,5.0,0.5,6,0,0.0
HD 68017,era_activity,5.0,1.0,6,0,0.0
HD 68017,era_activity,5.0,1.5,6,0,0.0
HD 68017,era_activity,5.0,2.0,6,0,0.0
HD 68017,era_activity,5.0,3.0,6,0,0.0
HD 68017,era_activity,5.0,5.0,6,0,0.0
HD 68017,era_activity,10.0,0.5,6,0,0.0
HD 68017,era_activity,10.0,1.0,6,0,0.0
HD 68017,era_activity,10.0,1.5,6,0,0.0
HD 68017,era_activity,10.0,2.0,6,0,0.0
HD 68017,era_activity,10.0,3.0,6,0,0.0
HD 68017,era_activity,10.0,5.0,6,0,0.0
HD 68017,era_activity,30.0,0.5,6,0,0.0
HD 68017,era_activity,30.0,1.0,6,0,0.0
HD 68017,era_activity,30.0,1.5,6,0,0.0
HD 68017,era_activity,30.0,2.0,6,0,0.0
HD 68017,era_activity,30.0,3.0,6,0,0.0
HD 68017,era_activity,30.0,5.0,6,0,0.0
HD 68017,era_activity,100.0,0.5,6,0,0.0
HD 68017,era_activity,100.0,1.0,6,0,0.0
HD 68017,era_activity,100.0,1.5,6,0,0.0
HD 68017,era_activity,100.0,2.0,6,0,0.0
HD 68017,era_activity,100.0,3.0,6,0,0.0
HD 68017,era_activity,100.0,5.0,6,0,0.0
HD 68017,era_activity,300.0,0.5,6,6,1.0
HD 68017,era_activity,300.0,1.0,6,6,1.0
HD 68017,era_activity,300.0,1.5,6,6,1.0
HD 68017,era_activity,300.0,2.0,6,6,1.0
HD 68017,era_activity,300.0,3.0,6,6,1.0
HD 68017,era_activity,300.0,5.0,6,4,0.6666666666666666
HD 68017,era_activity,500.0,0.5,6,0,0.0
HD 68017,era_activity,500.0,1.0,6,0,0.0
HD 68017,era_activity,500.0,1.5,6,0,0.0
HD 68017,era_activity,500.0,2.0,6,0,0.0
HD 68017,era_activity,500.0,3.0,6,0,0.0
HD 68017,era_activity,500.0,5.0,6,0,0.0
HD 86728,baseline,5.0,0.5,6,0,0.0
HD 86728,baseline,5.0,1.0,6,0,0.0
HD 86728,baseline,5.0,1.5,6,0,0.0
HD 86728,baseline,5.0,2.0,6,2,0.3333333333333333
HD 86728,baseline,5.0,3.0,6,6,1.0
HD 86728,baseline,5.0,5.0,6,6,1.0
HD 86728,baseline,10.0,0.5,6,0,0.0
HD 86728,baseline,10.0,1.0,6,0,0.0
HD 86728,baseline,10.0,1.5,6,0,0.0
HD 86728,baseline,10.0,2.0,6,1,0.16666666666666666
HD 86728,baseline,10.0,3.0,6,6,1.0
HD 86728,baseline,10.0,5.0,6,6,1.0
HD 86728,baseline,30.0,0.5,6,6,1.0
HD 86728,baseline,30.0,1.0,6,6,1.0
HD 86728,baseline,30.0,1.5,6,6,1.0
HD 86728,baseline,30.0,2.0,6,6,1.0
HD 86728,baseline,30.0,3.0,6,6,1.0
HD 86728,baseline,30.0,5.0,6,6,1.0
HD 86728,baseline,100.0,0.5,6,0,0.0
HD 86728,baseline,100.0,1.0,6,0,0.0
HD 86728,baseline,100.0,1.5,6,0,0.0
HD 86728,baseline,100.0,2.0,6,0,0.0
HD 86728,baseline,100.0,3.0,6,6,1.0
HD 86728,baseline,100.0,5.0,6,6,1.0
HD 86728,baseline,300.0,0.5,6,0,0.0
HD 86728,baseline,300.0,1.0,6,0,0.0
HD 86728,baseline,300.0,1.5,6,0,0.0
HD 86728,baseline,300.0,2.0,6,0,0.0
HD 86728,baseline,300.0,3.0,6,6,1.0
HD 86728,baseline,300.0,5.0,6,6,1.0
HD 86728,baseline,500.0,0.5,6,0,0.0
HD 86728,baseline,500.0,1.0,6,0,0.0
HD 86728,baseline,500.0,1.5,6,1,0.16666666666666666
HD 86728,baseline,500.0,2.0,6,3,0.5
HD 86728,baseline,500.0,3.0,6,5,0.8333333333333334
HD 86728,baseline,500.0,5.0,6,6,1.0
HD 86728,era,5.0,0.5,6,0,0.0
HD 86728,era,5.0,1.0,6,0,0.0
HD 86728,era,5.0,1.5,6,0,0.0
HD 86728,era,5.0,2.0,6,5,0.8333333333333334
HD 86728,era,5.0,3.0,6,6,1.0
HD 86728,era,5.0,5.0,6,6,1.0
HD 86728,era,10.0,0.5,6,0,0.0
HD 86728,era,10.0,1.0,6,0,0.0
HD 86728,era,10.0,1.5,6,0,0.0
HD 86728,era,10.0,2.0,6,4,0.6666666666666666
HD 86728,era,10.0,3.0,6,6,1.0
HD 86728,era,10.0,5.0,6,6,1.0
HD 86728,era,30.0,0.5,6,6,1.0
HD 86728,era,30.0,1.0,6,6,1.0
HD 86728,era,30.0,1.5,6,6,1.0
HD 86728,era,30.0,2.0,6,6,1.0
HD 86728,era,30.0,3.0,6,6,1.0
HD 86728,era,30.0,5.0,6,6,1.0
HD 86728,era,100.0,0.5,6,0,0.0
HD 86728,era,100.0,1.0,6,0,0.0
HD 86728,era,100.0,1.5,6,0,0.0
HD 86728,era,100.0,2.0,6,0,0.0
HD 86728,era,100.0,3.0,6,6,1.0
HD 86728,era,100.0,5.0,6,6,1.0
HD 86728,era,300.0,0.5,6,0,0.0
HD 86728,era,300.0,1.0,6,0,0.0
HD 86728,era,300.0,1.5,6,0,0.0
HD 86728,era,300.0,2.0,6,0,0.0
HD 86728,era,300.0,3.0,6,4,0.6666666666666666
HD 86728,era,300.0,5.0,6,4,0.6666666666666666
HD 86728,era,500.0,0.5,6,0,0.0
HD 86728,era,500.0,1.0,6,0,0.0
HD 86728,era,500.0,1.5,6,0,0.0
HD 86728,era,500.0,2.0,6,0,0.0
HD 86728,era,500.0,3.0,6,0,0.0
HD 86728,era,500.0,5.0,6,2,0.3333333333333333
HD 86728,era_activity,5.0,0.5,6,0,0.0
HD 86728,era_activity,5.0,1.0,6,0,0.0
HD 86728,era_activity,5.0,1.5,6,0,0.0
HD 86728,era_activity,5.0,2.0,6,5,0.8333333333333334
HD 86728,era_activity,5.0,3.0,6,6,1.0
HD 86728,era_activity,5.0,5.0,6,6,1.0
HD 86728,era_activity,10.0,0.5,6,0,0.0
HD 86728,era_activity,10.0,1.0,6,0,0.0
HD 86728,era_activity,10.0,1.5,6,0,0.0
HD 86728,era_activity,10.0,2.0,6,4,0.6666666666666666
HD 86728,era_activity,10.0,3.0,6,6,1.0
HD 86728,era_activity,10.0,5.0,6,6,1.0
HD 86728,era_activity,30.0,0.5,6,6,1.0
HD 86728,era_activity,30.0,1.0,6,6,1.0
HD 86728,era_activity,30.0,1.5,6,6,1.0
HD 86728,era_activity,30.0,2.0,6,6,1.0
HD 86728,era_activity,30.0,3.0,6,6,1.0
HD 86728,era_activity,30.0,5.0,6,6,1.0
HD 86728,era_activity,100.0,0.5,6,0,0.0
HD 86728,era_activity,100.0,1.0,6,0,0.0
HD 86728,era_activity,100.0,1.5,6,0,0.0
HD 86728,era_activity,100.0,2.0,6,0,0.0
HD 86728,era_activity,100.0,3.0,6,6,1.0
HD 86728,era_activity,100.0,5.0,6,6,1.0
HD 86728,era_activity,300.0,0.5,6,0,0.0
HD 86728,era_activity,300.0,1.0,6,0,0.0
HD 86728,era_activity,300.0,1.5,6,0,0.0
HD 86728,era_activity,300.0,2.0,6,0,0.0
HD 86728,era_activity,300.0,3.0,6,4,0.6666666666666666
HD 86728,era_activity,300.0,5.0,6,4,0.6666666666666666
HD 86728,era_activity,500.0,0.5,6,0,0.0
HD 86728,era_activity,500.0,1.0,6,0,0.0
HD 86728,era_activity,500.0,1.5,6,0,0.0
HD 86728,era_activity,500.0,2.0,6,0,0.0
HD 86728,era_activity,500.0,3.0,6,0,0.0
HD 86728,era_activity,500.0,5.0,6,2,0.3333333333333333
HD 9407,baseline,5.0,0.5,6,0,0.0
HD 9407,baseline,5.0,1.0,6,4,0.6666666666666666
HD 9407,baseline,5.0,1.5,6,6,1.0
HD 9407,baseline,5.0,2.0,6,6,1.0
HD 9407,baseline,5.0,3.0,6,6,1.0
HD 9407,baseline,5.0,5.0,6,6,1.0
HD 9407,baseline,10.0,0.5,6,1,0.16666666666666666
HD 9407,baseline,10.0,1.0,6,5,0.8333333333333334
HD 9407,baseline,10.0,1.5,6,6,1.0
HD 9407,baseline,10.0,2.0,6,6,1.0
HD 9407,baseline,10.0,3.0,6,6,1.0
HD 9407,baseline,10.0,5.0,6,6,1.0
HD 9407,baseline,30.0,0.5,6,1,0.16666666666666666
HD 9407,baseline,30.0,1.0,6,5,0.8333333333333334
HD 9407,baseline,30.0,1.5,6,6,1.0
HD 9407,baseline,30.0,2.0,6,6,1.0
HD 9407,baseline,30.0,3.0,6,6,1.0
HD 9407,baseline,30.0,5.0,6,6,1.0
HD 9407,baseline,100.0,0.5,6,0,0.0
HD 9407,baseline,100.0,1.0,6,3,0.5
HD 9407,baseline,100.0,1.5,6,6,1.0
HD 9407,baseline,100.0,2.0,6,6,1.0
HD 9407,baseline,100.0,3.0,6,6,1.0
HD 9407,baseline,100.0,5.0,6,6,1.0
HD 9407,baseline,300.0,0.5,6,0,0.0
HD 9407,baseline,300.0,1.0,6,2,0.3333333333333333
HD 9407,baseline,300.0,1.5,6,4,0.6666666666666666
HD 9407,baseline,300.0,2.0,6,5,0.8333333333333334
HD 9407,baseline,300.0,3.0,6,6,1.0
HD 9407,baseline,300.0,5.0,6,6,1.0
HD 9407,baseline,500.0,0.5,6,1,0.16666666666666666
HD 9407,baseline,500.0,1.0,6,2,0.3333333333333333
HD 9407,baseline,500.0,1.5,6,2,0.3333333333333333
HD 9407,baseline,500.0,2.0,6,4,0.6666666666666666
HD 9407,baseline,500.0,3.0,6,6,1.0
HD 9407,baseline,500.0,5.0,6,6,1.0
HD 9407,era,5.0,0.5,6,0,0.0
HD 9407,era,5.0,1.0,6,1,0.16666666666666666
HD 9407,era,5.0,1.5,6,6,1.0
HD 9407,era,5.0,2.0,6,6,1.0
HD 9407,era,5.0,3.0,6,6,1.0
HD 9407,era,5.0,5.0,6,6,1.0
HD 9407,era,10.0,0.5,6,0,0.0
HD 9407,era,10.0,1.0,6,2,0.3333333333333333
HD 9407,era,10.0,1.5,6,6,1.0
HD 9407,era,10.0,2.0,6,6,1.0
HD 9407,era,10.0,3.0,6,6,1.0
HD 9407,era,10.0,5.0,6,6,1.0
HD 9407,era,30.0,0.5,6,0,0.0
HD 9407,era,30.0,1.0,6,2,0.3333333333333333
HD 9407,era,30.0,1.5,6,6,1.0
HD 9407,era,30.0,2.0,6,6,1.0
HD 9407,era,30.0,3.0,6,6,1.0
HD 9407,era,30.0,5.0,6,6,1.0
HD 9407,era,100.0,0.5,6,0,0.0
HD 9407,era,100.0,1.0,6,1,0.16666666666666666
HD 9407,era,100.0,1.5,6,5,0.8333333333333334
HD 9407,era,100.0,2.0,6,6,1.0
HD 9407,era,100.0,3.0,6,6,1.0
HD 9407,era,100.0,5.0,6,6,1.0
HD 9407,era,300.0,0.5,6,0,0.0
HD 9407,era,300.0,1.0,6,0,0.0
HD 9407,era,300.0,1.5,6,1,0.16666666666666666
HD 9407,era,300.0,2.0,6,3,0.5
HD 9407,era,300.0,3.0,6,4,0.6666666666666666
HD 9407,era,300.0,5.0,6,4,0.6666666666666666
HD 9407,era,500.0,0.5,6,0,0.0
HD 9407,era,500.0,1.0,6,0,0.0
HD 9407,era,500.0,1.5,6,0,0.0
HD 9407,era,500.0,2.0,6,1,0.16666666666666666
HD 9407,era,500.0,3.0,6,2,0.3333333333333333
HD 9407,era,500.0,5.0,6,2,0.3333333333333333
HD 9407,era_activity,5.0,0.5,6,0,0.0
HD 9407,era_activity,5.0,1.0,6,4,0.6666666666666666
HD 9407,era_activity,5.0,1.5,6,6,1.0
HD 9407,era_activity,5.0,2.0,6,6,1.0
HD 9407,era_activity,5.0,3.0,6,6,1.0
HD 9407,era_activity,5.0,5.0,6,6,1.0
HD 9407,era_activity,10.0,0.5,6,2,0.3333333333333333
HD 9407,era_activity,10.0,1.0,6,5,0.8333333333333334
HD 9407,era_activity,10.0,1.5,6,6,1.0
HD 9407,era_activity,10.0,2.0,6,6,1.0
HD 9407,era_activity,10.0,3.0,6,6,1.0
HD 9407,era_activity,10.0,5.0,6,6,1.0
HD 9407,era_activity,30.0,0.5,6,2,0.3333333333333333
HD 9407,era_activity,30.0,1.0,6,5,0.8333333333333334
HD 9407,era_activity,30.0,1.5,6,6,1.0
HD 9407,era_activity,30.0,2.0,6,6,1.0
HD 9407,era_activity,30.0,3.0,6,6,1.0
HD 9407,era_activity,30.0,5.0,6,6,1.0
HD 9407,era_activity,100.0,0.5,6,1,0.16666666666666666
HD 9407,era_activity,100.0,1.0,6,5,0.8333333333333334
HD 9407,era_activity,100.0,1.5,6,6,1.0
HD 9407,era_activity,100.0,2.0,6,6,1.0
HD 9407,era_activity,100.0,3.0,6,6,1.0
HD 9407,era_activity,100.0,5.0,6,6,1.0
HD 9407,era_activity,300.0,0.5,6,0,0.0
HD 9407,era_activity,300.0,1.0,6,1,0.16666666666666666
HD 9407,era_activity,300.0,1.5,6,1,0.16666666666666666
HD 9407,era_activity,300.0,2.0,6,2,0.3333333333333333
HD 9407,era_activity,300.0,3.0,6,4,0.6666666666666666
HD 9407,era_activity,300.0,5.0,6,4,0.6666666666666666
HD 9407,era_activity,500.0,0.5,6,0,0.0
HD 9407,era_activity,500.0,1.0,6,1,0.16666666666666666
HD 9407,era_activity,500.0,1.5,6,1,0.16666666666666666
HD 9407,era_activity,500.0,2.0,6,1,0.16666666666666666
HD 9407,era_activity,500.0,3.0,6,2,0.3333333333333333
HD 9407,era_activity,500.0,5.0,6,2,0.3333333333333333
